time,seconds_elapsed,z,y,x
1788893102237826800,0.150826904296875,0.39606189727783203,-0.2771759033203125,-0.3336138129234314
1788893102247842600,0.160842529296875,0.37782764434814453,0.03554856777191162,-0.23801806569099426
1788893102257858600,0.170858642578125,0.2573204040527344,0.06316447257995605,0.00844360888004303
1788893102267875000,0.180875,0.014616012573242188,0.06711757183074951,0.3518660068511963
1788893102277891800,0.190891845703125,-0.1683359146118164,0.14589929580688477,0.698167622089386
1788893102287909600,0.20090966796875,-0.26595401763916016,0.28149688243865967,0.5853255391120911
1788893102297928200,0.21092822265625,-0.3873023986816406,0.3006671667098999,0.25474488735198975
1788893102307947500,0.220947509765625,-0.549036979675293,0.09696054458618164,0.052305757999420166
1788893102317968000,0.2309677734375,-0.7625370025634766,-0.17008495330810547,-0.11168128252029419
1788893102327989000,0.240989013671875,-1.0613279342651367,-0.17267847061157227,-0.4038504958152771
1788893102338011100,0.25101123046875,-1.3390932083129883,0.02253425121307373,-0.6357972621917725
1788893102348034000,0.261033935546875,-1.4507875442504883,0.15154433250427246,-0.631919264793396
1788893102358057700,0.2710576171875,-1.3754281997680664,0.23978209495544434,-0.46087342500686646
1788893102368082000,0.28108203125,-1.0778388977050781,0.30498313903808594,-0.22719192504882812
1788893102378106400,0.2911064453125,-0.7044887542724609,0.4681684970855713,-0.09442812204360962
1788893102388131300,0.30113134765625,-0.4123191833496094,0.691281795501709,-0.062307775020599365
1788893102398156300,0.31115625,-0.1592845916748047,0.6932957172393799,0.05393052101135254
1788893102408180700,0.3211806640625,-0.09723472595214844,0.4856112003326416,0.11230605840682983
1788893102418201900,0.331201904296875,-0.2537956237792969,0.3176180124282837,-0.0422588586807251
1788893102428223000,0.341222900390625,-0.5421924591064453,0.14399027824401855,-0.192166268825531
1788893102438241300,0.3512412109375,-0.7279443740844727,-0.01903247833251953,-0.2745509147644043
1788893102448260000,0.361260009765625,-0.6263198852539062,0.0642695426940918,-0.4121381640434265
1788893102458279000,0.37127880859375,-0.09905147552490234,0.19449281692504883,-0.3890542984008789
1788893102468298200,0.38129833984375,0.5444602966308594,0.29624736309051514,-0.3413318395614624
1788893102478317800,0.39131787109375,1.1168231964111328,0.3309180736541748,-0.1870865821838379
1788893102488338000,0.401337890625,1.3527555465698242,0.38266265392303467,0.09824401140213013
1788893102498358500,0.411358642578125,1.156179428100586,0.39055538177490234,0.4582544267177582
1788893102508379600,0.421379638671875,0.6973333358764648,0.3019000291824341,0.7177216410636902
1788893102518401300,0.4314013671875,0.191558837890625,0.1492910385131836,0.738681972026825
1788893102528423200,0.441423095703125,-0.06827259063720703,-0.07804560661315918,0.5638350248336792
1788893102538445600,0.451445556640625,-0.0012979507446289062,-0.17797160148620605,0.3795061707496643
1788893102548468200,0.46146826171875,0.3326101303100586,-0.015863656997680664,0.46455979347229004
1788893102558491100,0.4714912109375,0.8478822708129883,0.13360929489135742,0.6243821382522583
1788893102568514300,0.481514404296875,1.307795524597168,0.17618727684020996,1.0688713788986206
1788893102578537500,0.491537353515625,1.5560684204101562,0.2498188018798828,1.5060226917266846
1788893102588566000,0.50156591796875,1.4818172454833984,0.39693713188171387,1.7134475708007812
1788893102598582300,0.511582275390625,1.0603389739990234,0.49662232398986816,1.7730375528335571
1788893102608598800,0.521598876953125,0.46773529052734375,0.407764196395874,1.6575443744659424
1788893102618615600,0.531615478515625,-0.01651477813720703,0.1559293270111084,1.393918752670288
1788893102628632800,0.5416328125,-0.36270904541015625,-0.12791180610656738,0.9947935342788696
1788893102638651000,0.55165087890625,-0.5465211868286133,-0.3359200954437256,0.5772499442100525
1788893102648669700,0.561669677734375,-0.539093017578125,-0.47055506706237793,0.287431925535202
1788893102658689000,0.57168896484375,-0.29784488677978516,-0.6666843891143799,0.22733235359191895
1788893102668709600,0.581709716796875,0.10216808319091797,-0.7987246513366699,0.1830461025238037
1788893102678730800,0.591730712890625,0.41884708404541016,-0.7665426731109619,0.11308982968330383
1788893102688752600,0.601752685546875,0.4805946350097656,-0.7192666530609131,0.036224365234375
1788893102698775300,0.611775390625,0.3068399429321289,-0.7356936931610107,0.02066659927368164
1788893102708798700,0.621798828125,-0.09777259826660156,-0.737680196762085,0.028384476900100708
1788893102718822700,0.63182275390625,-0.39507007598876953,-0.6947634220123291,-0.11714127659797668
1788893102728846800,0.641846923828125,-0.5633907318115234,-0.63916015625,-0.18296805024147034
1788893102738871300,0.651871337890625,-0.5535211563110352,-0.5050239562988281,-0.2226683497428894
1788893102748896000,0.66189599609375,-0.5197439193725586,-0.26701951026916504,0.37137162685394287
1788893102758920400,0.67192041015625,-0.45438575744628906,0.48392367362976074,2.6076107025146484
1788893102768941800,0.68194189453125,0.36721038818359375,0.8155813217163086,2.6808598041534424
1788893102778960100,0.691960205078125,0.84149169921875,0.5810136795043945,2.5900795459747314
1788893102788978700,0.701978759765625,0.3056612014770508,-0.10600996017456055,2.3137829303741455
1788893102798997800,0.711997802734375,-0.2211465835571289,-0.5324201583862305,1.6621079444885254
1788893102809016800,0.722016845703125,-0.17883872985839844,-0.7037079334259033,1.1607646942138672
1788893102819036700,0.73203662109375,0.07931804656982422,-0.7192840576171875,0.8875032663345337
1788893102829056800,0.742056884765625,0.12073135375976562,-0.5680105686187744,0.5807842016220093
1788893102839077400,0.752077392578125,0.0006113052368164062,-0.37914204597473145,0.40224528312683105
1788893102849098500,0.762098388671875,-0.17461395263671875,-0.3784151077270508,0.614720344543457
1788893102859120000,0.7721201171875,-0.026020050048828125,-0.4570159912109375,0.7950732111930847
1788893102869142000,0.78214208984375,-0.010399818420410156,-0.11074614524841309,0.6449596881866455
1788893102879164400,0.792164306640625,0.0682525634765625,-0.009247064590454102,0.8812562227249146
1788893102889187000,0.80218701171875,0.06253337860107422,-0.17784714698791504,0.965041995048523
1788893102899210000,0.8122099609375,-0.1820220947265625,-0.17924070358276367,0.7204247713088989
1788893102909233200,0.822233154296875,-0.07659149169921875,-0.12093710899353027,0.375344455242157
1788893102919256300,0.83225634765625,0.4540290832519531,-0.1705164909362793,-0.09333337098360062
1788893102929284900,0.842284912109375,0.8786611557006836,-0.3012051582336426,-0.533990740776062
1788893102939301000,0.852301025390625,1.4614543914794922,-0.4218769073486328,-0.7488743662834167
1788893102949318000,0.86231787109375,1.819925308227539,-0.462369441986084,-0.6300644874572754
1788893102959334700,0.872334716796875,2.040281295776367,-0.21482276916503906,-0.0038395822048187256
1788893102969352200,0.882352294921875,2.043701171875,0.2219085693359375,0.7809652090072632
1788893102979370200,0.892370361328125,1.3466978073120117,0.45054101943969727,1.5308867692947388
1788893102989389000,0.90238916015625,0.7903709411621094,0.5131916999816895,1.9369220733642578
1788893102999408600,0.91240869140625,0.40618419647216797,0.6637349128723145,1.8522982597351074
1788893103009429000,0.922428955078125,0.09808158874511719,0.6521096229553223,1.3353314399719238
1788893103019450400,0.932450439453125,-0.1388072967529297,0.4535255432128906,0.8798437118530273
1788893103029472300,0.94247216796875,-0.2900247573852539,0.2239384651184082,0.5339072942733765
1788893103039495200,0.9524951171875,-0.49779796600341797,0.03168845176696777,0.31966546177864075
1788893103049518600,0.9625185546875,-0.7420320510864258,-0.2453768253326416,0.27248042821884155
1788893103059542300,0.972542236328125,-0.9084758758544922,-0.5865776538848877,0.25595563650131226
1788893103069566700,0.982566650390625,-0.8368635177612305,-1.0005230903625488,0.2853690981864929
1788893103079591200,0.992591064453125,-0.6479511260986328,-1.2877635955810547,0.1385785937309265
1788893103089616000,1.002615966796875,-0.5178909301757812,-1.4213628768920898,-0.06588515639305115
1788893103099639800,1.012639892578125,-0.483795166015625,-1.4882469177246094,-0.23394358158111572
1788893103109661000,1.022660888671875,-0.4925651550292969,-1.5032496452331543,-0.2872772812843323
1788893103119682000,1.03268212890625,-0.4634418487548828,-1.500288724899292,-0.27946004271507263
1788893103129700600,1.04270068359375,-0.3545351028442383,-1.556009292602539,-0.11213940382003784
1788893103139719200,1.05271923828125,-0.06287193298339844,-1.5812530517578125,0.07493279874324799
1788893103149738000,1.062738037109375,0.3098306655883789,-1.5543835163116455,0.14004409313201904
1788893103159757300,1.07275732421875,0.677337646484375,-1.529357671737671,0.09321121126413345
1788893103169777000,1.08277685546875,0.921626091003418,-1.5201783180236816,0.019488617777824402
1788893103179797200,1.09279736328125,0.8268423080444336,-1.6007204055786133,-0.09717324376106262
1788893103189817900,1.10281787109375,0.3314180374145508,-1.6578056812286377,-0.3489043712615967
1788893103199839000,1.1128388671875,-0.26538848876953125,-1.6554319858551025,-0.5262340307235718
1788893103209860400,1.1228603515625,-0.8475675582885742,-1.5389721393585205,-0.6996883153915405
1788893103219882500,1.132882568359375,-1.4055862426757812,-1.4884521961212158,-0.819699227809906
1788893103229905000,1.14290478515625,-1.916642665863037,-1.374692678451538,-1.0847461223602295
1788893103239927600,1.152927490234375,-2.31595516204834,-1.2267100811004639,-1.4039525985717773
1788893103249950500,1.162950439453125,-2.525026321411133,-1.1824119091033936,-1.5967752933502197
1788893103259973600,1.1729736328125,-2.6078009605407715,-1.1460721492767334,-1.781243085861206
1788893103269996800,1.182996826171875,-2.7506117820739746,-1.0420374870300293,-2.0056281089782715
1788893103280025600,1.193025634765625,-2.9720921516418457,-0.9987053871154785,-2.084146499633789
1788893103290041900,1.203041748046875,-3.2150487899780273,-1.0102789402008057,-1.9921287298202515
1788893103300058400,1.213058349609375,-3.446356773376465,-0.9990363121032715,-1.9144976139068604
1788893103310075100,1.2230751953125,-3.6429219245910645,-0.9740555286407471,-1.8363265991210938
1788893103320092700,1.2330927734375,-3.6630301475524902,-0.9254546165466309,-1.7997149229049683
1788893103330110700,1.24311083984375,-3.427550792694092,-0.9496517181396484,-1.7183806896209717
1788893103340129300,1.25312939453125,-2.999730110168457,-1.0193636417388916,-1.553750991821289
1788893103350148900,1.26314892578125,-2.5180296897888184,-0.9942033290863037,-1.4445991516113281
1788893103360169200,1.273169189453125,-2.134444236755371,-0.8200249671936035,-1.303877592086792
1788893103370190600,1.283190673828125,-1.843489170074463,-0.7038748264312744,-1.0682775974273682
1788893103380212500,1.29321240234375,-1.5920500755310059,-0.5929782390594482,-0.7730786204338074
1788893103390235100,1.303235107421875,-1.3270959854125977,-0.42008399963378906,-0.40913742780685425
1788893103400258600,1.313258544921875,-0.9816274642944336,-0.22322940826416016,-0.07672399282455444
1788893103410282500,1.323282470703125,-0.5889463424682617,-0.1680433750152588,0.1938149780035019
1788893103420306700,1.333306640625,-0.22027587890625,-0.15259528160095215,0.29826563596725464
1788893103430331100,1.3433310546875,0.06768608093261719,-0.0898904800415039,0.17952817678451538
1788893103440355800,1.35335595703125,0.2942037582397461,-0.04665112495422363,-0.03859952837228775
1788893103450377700,1.363377685546875,0.49718284606933594,-0.15184593200683594,-0.232863187789917
1788893103460399600,1.373399658203125,0.6240310668945312,-0.3344552516937256,-0.36682212352752686
1788893103470421800,1.383421875,0.7128067016601562,-0.5102744102478027,-0.406602144241333
1788893103480449300,1.39344921875,0.867767333984375,-0.6911427974700928,-0.3601346015930176
1788893103490465300,1.40346533203125,0.9118986129760742,-0.6184968948364258,-0.27166369557380676
1788893103500481500,1.4134814453125,-2.5532450675964355,-0.894874095916748,2.232556104660034
1788893103510498300,1.423498291015625,-6.704667091369629,-1.3464562892913818,4.963267803192139
1788893103520515600,1.433515625,-1.0849933624267578,-1.3762469291687012,1.8560503721237183
1788893103530533400,1.443533447265625,0.9214458465576172,-1.2347960472106934,1.9957228899002075
1788893103540552000,1.453552001953125,-1.2752013206481934,-1.1123106479644775,2.3155338764190674
1788893103550571500,1.463571533203125,-1.8252477645874023,-0.5591809749603271,2.7349982261657715
1788893103560592000,1.473591796875,3.19503116607666,0.38071680068969727,3.401599407196045
1788893103570613000,1.483613037109375,0.5208187103271484,1.5756523609161377,3.3669910430908203
1788893103580635100,1.49363525390625,-0.9969820976257324,2.0381507873535156,3.291198492050171
1788893103590658000,1.503657958984375,-0.7763071060180664,2.0019330978393555,2.968841552734375
1788893103600681500,1.513681396484375,-0.2671670913696289,1.730067253112793,2.336320638656616
1788893103610705700,1.52370556640625,-0.7685728073120117,1.3158528804779053,1.6735914945602417
1788893103620730400,1.53373046875,-1.0888257026672363,0.7962565422058105,1.0052201747894287
1788893103630755000,1.543755126953125,-1.674220085144043,0.34525513648986816,1.0526587963104248
1788893103640780000,1.553780029296875,-1.702162265777588,0.33652567863464355,0.816021203994751
1788893103650804200,1.56380419921875,-1.8985276222229004,0.563051700592041,0.1986246109008789
1788893103660825300,1.573825439453125,-2.0665040016174316,0.38724374771118164,-0.7136173248291016
1788893103670844000,1.583843994140625,-1.7513842582702637,-0.10873770713806152,-1.2080812454223633
1788893103680862700,1.59386279296875,0.8141946792602539,-1.0962741374969482,-1.6281895637512207
1788893103690881500,1.603881591796875,0.0051631927490234375,-1.339566946029663,-0.9778008460998535
1788893103700900900,1.61390087890625,-0.18939876556396484,-1.3295619487762451,-0.3403596878051758
1788893103710920700,1.623920654296875,-0.2145090103149414,-1.29636549949646,-0.0636289119720459
1788893103720940800,1.63394091796875,-0.42856884002685547,-1.103928565979004,-0.38870906829833984
1788893103730961700,1.643961669921875,-0.4765505790710449,-0.9093031883239746,-0.45407605171203613
1788893103740982800,1.653982666015625,0.011709213256835938,-0.8003876209259033,-0.1586902141571045
1788893103751004400,1.66400439453125,-0.12660503387451172,-0.44307684898376465,0.1488502025604248
1788893103761026300,1.6740263671875,0.5800027847290039,0.37360191345214844,-0.4133951663970947
1788893103771048700,1.684048583984375,1.650080680847168,0.7691709995269775,-1.4474458694458008
1788893103781071400,1.6940712890625,2.327895164489746,0.35262393951416016,-1.784905195236206
1788893103791094500,1.704094482421875,2.112844467163086,-0.4697113037109375,-1.0731720924377441
1788893103801117400,1.714117431640625,1.106344223022461,-1.0107028484344482,0.36539769172668457
1788893103811140900,1.724140869140625,0.6805353164672852,-1.4596776962280273,0.6142346858978271
1788893103821169400,1.73416943359375,0.784174919128418,-1.780226230621338,-0.3738574981689453
1788893103831185700,1.744185546875,0.9526023864746094,-1.8285534381866455,-0.8507657051086426
1788893103841202200,1.7542021484375,1.0694808959960938,-1.50819993019104,-0.9532325267791748
1788893103851219000,1.764218994140625,0.8314933776855469,-1.1239330768585205,-1.1156466007232666
1788893103861236200,1.774236328125,0.7185592651367188,-0.6978335380554199,-1.288597583770752
1788893103871254000,1.78425390625,0.9587688446044922,-1.155876636505127,-1.2409851551055908
1788893103881272800,1.79427294921875,0.7737131118774414,-0.8101320266723633,-1.0348234176635742
1788893103891292400,1.80429248046875,0.7403335571289062,-0.2534618377685547,-0.7438473701477051
1788893103901312800,1.814312744140625,0.7414627075195312,0.036377906799316406,0.0323023796081543
1788893103911334100,1.824334228515625,0.6502628326416016,0.12163782119750977,0.36806535720825195
1788893103921356300,1.834356201171875,0.5005269050598145,-0.09412813186645508,0.6217021942138672
1788893103931379000,1.84437890625,0.5883264541625977,-0.24976158142089844,0.6836841106414795
1788893103941402400,1.85440234375,0.6966471672058105,-0.340665340423584,0.6233129501342773
1788893103951426600,1.864426513671875,0.7758398056030273,-0.23116493225097656,0.4960312843322754
1788893103961451000,1.874450927734375,1.0375843048095703,-0.30870485305786133,0.02161121368408203
1788893103971475700,1.884475830078125,1.28187894821167,-0.3772459030151367,-0.4473285675048828
1788893103981500400,1.89450048828125,1.2717204093933105,-0.31792354583740234,-0.5373921394348145
1788893103991524900,1.90452490234375,1.2687878608703613,-0.23204803466796875,-0.4861283302307129
1788893104001546000,1.9145458984375,1.0403122901916504,-0.31252002716064453,-1.0717439651489258
1788893104011564500,1.924564453125,0.8795475959777832,-0.4040541648864746,-0.8438529968261719
1788893104021583000,1.9345830078125,0.9298229217529297,-0.44245243072509766,-0.3569812774658203
1788893104031602200,1.944602294921875,1.11979341506958,-0.25985050201416016,0.3068089485168457
1788893104041621500,1.95462158203125,0.3226661682128906,0.06108856201171875,0.861630916595459
1788893104051641300,1.964641357421875,-0.006229400634765625,0.5196905136108398,0.8761484622955322
1788893104061661400,1.974661376953125,0.42537927627563477,0.8575272560119629,1.1952173709869385
1788893104071682000,1.98468212890625,2.2976436614990234,0.22779321670532227,1.4708788394927979
1788893104081703200,1.994703125,1.1742300987243652,0.4823615550994873,1.491119146347046
1788893104091724800,2.004724853515625,-0.3339729309082031,0.2585470676422119,1.1624674797058105
1788893104101747000,2.014746826171875,-0.38666629791259766,0.06443572044372559,1.616419792175293
1788893104111769300,2.024769287109375,-0.5228400230407715,0.10640668869018555,1.2843365669250488
1788893104121792000,2.0347919921875,-1.079254150390625,0.2967343330383301,1.3719618320465088
1788893104131815000,2.04481494140625,-1.0397934913635254,0.5179572105407715,1.4359829425811768
1788893104141838000,2.054838134765625,-1.1531548500061035,0.7670266628265381,1.765730857849121
1788893104151861200,2.064861328125,-0.9579668045043945,0.9678118228912354,1.8002028465270996
1788893104161890000,2.07489013671875,-1.2670421600341797,0.7993748188018799,1.8406133651733398
1788893104171906600,2.084906494140625,-1.1036310195922852,0.763418436050415,2.1932907104492188
1788893104181923000,2.094923095703125,-0.847811222076416,0.7634916305541992,2.3191165924072266
1788893104191940000,2.104940185546875,-0.3832721710205078,0.7256388664245605,2.1697163581848145
1788893104201957600,2.11495751953125,0.3187236785888672,0.7889115810394287,1.3711082935333252
1788893104211975700,2.1249755859375,-0.07646894454956055,0.662818431854248,1.1812200546264648
1788893104221994500,2.134994384765625,-0.772240161895752,0.4038529396057129,1.5211889743804932
1788893104232014000,2.14501416015625,-0.7668881416320801,0.3685159683227539,1.386852741241455
1788893104242034700,2.15503466796875,-0.41126012802124023,0.3184683322906494,1.7756762504577637
1788893104252055800,2.165055908203125,0.2071843147277832,0.3074207305908203,1.1136798858642578
1788893104262078000,2.175077880859375,0.9849238395690918,-0.09001851081848145,0.3217754364013672
1788893104272100900,2.185100830078125,1.5657744407653809,-0.45777297019958496,0.17565536499023438
1788893104282124300,2.195124267578125,1.008284568786621,-0.6171436309814453,0.18657350540161133
1788893104292148200,2.205148193359375,0.3938326835632324,-0.9281115531921387,1.0873017311096191
1788893104302172400,2.21517236328125,-0.3227696418762207,-1.3152458667755127,2.8558125495910645
1788893104312197000,2.225197021484375,-0.5502071380615234,-1.3309857845306396,2.924530506134033
1788893104322221800,2.235221923828125,-0.4573993682861328,-1.0494866371154785,2.283456802368164
1788893104332245800,2.245245849609375,-0.4220852851867676,-0.8901848793029785,1.504131555557251
1788893104342267100,2.25526708984375,0.1371598243713379,-0.5494813919067383,-0.1372814178466797
1788893104352285400,2.265285400390625,0.6389985084533691,-0.4116673469543457,-1.5915098190307617
1788893104362304300,2.27530419921875,0.4689154624938965,-0.5833926200866699,-2.0793447494506836
1788893104372323000,2.285322998046875,0.6576261520385742,-0.42696166038513184,-1.4375758171081543
1788893104382342400,2.29534228515625,1.111438274383545,-0.6988520622253418,-1.1405210494995117
1788893104392362200,2.3053623046875,0.7576618194580078,-1.105499267578125,-1.240044116973877
1788893104402382300,2.31538232421875,1.058645248413086,-1.4698567390441895,-1.6747150421142578
1788893104412403200,2.3254033203125,1.6212644577026367,-1.9049291610717773,-1.7241005897521973
1788893104422424300,2.33542431640625,1.9840798377990723,-2.4099674224853516,-2.0814132690429688
1788893104432446000,2.345446044921875,2.4379239082336426,-2.4844613075256348,-2.1414356231689453
1788893104442467800,2.3554677734375,3.328765392303467,-2.429704189300537,-1.7021632194519043
1788893104452490200,2.365490234375,3.459728240966797,-2.428990364074707,-1.7822918891906738
1788893104462513200,2.37551318359375,2.6982007026672363,-2.6037192344665527,-1.715773582458496
1788893104472536000,2.3855361328125,1.8310155868530273,-2.6980271339416504,-1.7060432434082031
1788893104482559200,2.395559326171875,1.218797206878662,-2.4984331130981445,-1.7995500564575195
1788893104492582700,2.405582763671875,0.6560921669006348,-2.107830047607422,-1.6800241470336914
1788893104502611200,2.415611083984375,-0.057940006256103516,-2.2235922813415527,-1.4963431358337402
1788893104512627700,2.425627685546875,-0.42919015884399414,-2.5438389778137207,-1.3528690338134766
1788893104522644200,2.435644287109375,-0.6000790596008301,-2.8403306007385254,-1.0378856658935547
1788893104532661000,2.445660888671875,-0.20815515518188477,-2.4792165756225586,-0.08352470397949219
1788893104542678500,2.455678466796875,0.9357442855834961,-1.3353958129882812,0.06421852111816406
1788893104552696300,2.4656962890625,1.099165439605713,-1.1516871452331543,-0.0832223892211914
1788893104562715100,2.475715087890625,0.7884402275085449,-1.1687812805175781,0.6815590858459473
1788893104572734700,2.485734619140625,0.8724222183227539,-1.2938904762268066,0.3270277976989746
1788893104582755000,2.495755126953125,0.48969602584838867,-1.0018744468688965,-0.32030153274536133
1788893104592776400,2.5057763671875,-2.8045825958251953,-1.1770405769348145,-0.23265457153320312
1788893104602798600,2.515798583984375,-0.2335681915283203,-0.9801445007324219,-1.2881407737731934
1788893104612821200,2.5258212890625,-1.3719682693481445,-0.8113493919372559,-1.5384101867675781
1788893104622845000,2.535844970703125,-1.411269187927246,-0.6720995903015137,-1.204493522644043
1788893104632868900,2.545868896484375,-0.8419666290283203,0.09727907180786133,-0.9594721794128418
1788893104642893300,2.555893310546875,0.44983816146850586,0.6037402153015137,-0.5819978713989258
1788893104652918000,2.56591796875,0.6235284805297852,0.048458099365234375,-0.6841659545898438
1788893104662942700,2.575942626953125,0.49657201766967773,-0.12441110610961914,-0.5951113700866699
1788893104672967200,2.58596728515625,0.5477194786071777,0.5099492073059082,0.18106651306152344
1788893104682988300,2.59598828125,0.500493049621582,0.5292086601257324,0.5260324478149414
1788893104693006800,2.6060068359375,0.17748355865478516,0.46809864044189453,0.6744289398193359
1788893104703025700,2.616025634765625,-0.30704450607299805,0.6994309425354004,0.7233641147613525
1788893104713044500,2.62604443359375,-0.5302643775939941,1.0762076377868652,0.7691304683685303
1788893104723064000,2.63606396484375,-0.8387007713317871,0.9403400421142578,0.2942051887512207
1788893104733083600,2.646083740234375,-1.1444196701049805,0.6899628639221191,-0.168656587600708
1788893104743104000,2.65610400390625,-1.1172404289245605,0.4930839538574219,-0.219282865524292
1788893104753124600,2.66612451171875,-0.9247002601623535,0.17406940460205078,-0.7763748168945312
1788893104763146000,2.67614599609375,-1.3008060455322266,0.04058408737182617,-0.5925559997558594
1788893104773167600,2.686167724609375,-1.9169130325317383,0.17413902282714844,-0.28830790519714355
1788893104783189800,2.696189697265625,-2.159806728363037,0.373046875,-0.5806310176849365
1788893104793212200,2.706212158203125,-2.1169681549072266,0.6075711250305176,-0.9312055110931396
1788893104803234800,2.71623486328125,-2.2616982460021973,0.3945298194885254,-0.9885191917419434
1788893104813258000,2.726258056640625,-2.0821399688720703,0.533043384552002,-0.9662024974822998
1788893104823281200,2.73628125,-1.9955978393554688,0.580174446105957,-0.9047608375549316
1788893104833304300,2.74630419921875,-1.7394490242004395,0.5117335319519043,-0.6684107780456543
1788893104843332900,2.756332763671875,-1.5162854194641113,0.40860891342163086,-0.5035040378570557
1788893104853349000,2.76634912109375,-1.2942132949829102,0.30896806716918945,-0.36124706268310547
1788893104873382100,2.786382080078125,-1.0181455612182617,0.06807756423950195,-0.07115387916564941
1788893104883399400,2.7963994140625,-0.9609489440917969,-0.021039485931396484,-0.14836454391479492
1788893104893417500,2.80641748046875,-0.6754488945007324,-0.09961557388305664,-0.2495124340057373
1788893104903436000,2.81643603515625,-0.24039173126220703,-0.14646148681640625,-0.3708455562591553
1788893104913455600,2.82645556640625,0.20346641540527344,-0.2176833152770996,-0.5080726146697998
1788893104923476000,2.83647607421875,0.6015653610229492,-0.369539737701416,-0.6714489459991455
1788893104933497300,2.846497314453125,0.9720830917358398,-0.5566816329956055,-0.8321627378463745
1788893104943519500,2.85651953125,1.2625932693481445,-0.7332162857055664,-1.0019116401672363
1788893104953542400,2.86654248046875,1.4451608657836914,-0.8432917594909668,-1.201121211051941
1788893104963566000,2.876566162109375,1.535954475402832,-0.9055089950561523,-1.454658031463623
1788893104973590000,2.886590087890625,1.4420528411865234,-1.0553359985351562,-1.3405674695968628
1788893104983614700,2.89661474609375,1.2902097702026367,-1.1650714874267578,-1.226258635520935
1788893104993639700,2.9066396484375,1.0149459838867188,-1.279625415802002,-1.2380307912826538
1788893105003664400,2.916664306640625,0.7510347366333008,-1.630828857421875,-1.0857728719711304
1788893105013688800,2.926688720703125,0.6661062240600586,-1.7250313758850098,-1.0559611320495605
1788893105023710000,2.9367099609375,0.9648294448852539,-1.476212739944458,-1.307998776435852
1788893105033731300,2.9467314453125,1.1785211563110352,-1.5437190532684326,-1.4771826267242432
1788893105043749600,2.95674951171875,1.1545400619506836,-1.7978849411010742,-1.593316674232483
1788893105053768400,2.9667685546875,1.3418684005737305,-1.9001619815826416,-1.666250228881836
1788893105063787500,2.97678759765625,1.868947982788086,-1.7799053192138672,-1.876786708831787
1788893105073806800,2.986806884765625,2.2334632873535156,-1.8873779773712158,-1.585411548614502
1788893105083826700,2.99682666015625,2.392550468444824,-1.9984219074249268,-1.1949362754821777
1788893105093846800,3.0068466796875,2.279402732849121,-2.076303243637085,-0.7745217084884644
1788893105103867600,3.01686767578125,1.885453224182129,-2.015746593475342,-0.12618201971054077
1788893105113888800,3.026888671875,1.1741113662719727,-1.8049571514129639,0.580639660358429
1788893105123910400,3.036910400390625,0.29056453704833984,-1.5214827060699463,1.1698029041290283
1788893105133932500,3.0469326171875,-0.5821809768676758,-1.1663262844085693,1.4730169773101807
1788893105143955000,3.056954833984375,-1.2953357696533203,-0.8181214332580566,1.382505178451538
1788893105153977900,3.066977783203125,-1.815539836883545,-0.576524019241333,0.9375143051147461
1788893105164000800,3.077000732421875,-2.07688570022583,-0.4915893077850342,0.3155503273010254
1788893105174024000,3.08702392578125,-2.1572608947753906,-0.5285310745239258,-0.4100063741207123
1788893105184047000,3.097047119140625,-2.0008349418640137,-0.6764421463012695,-0.9554447531700134
1788893105194076000,3.107075927734375,-1.6336021423339844,-0.968468189239502,-0.8328692317008972
1788893105204092200,3.117092041015625,-1.3298454284667969,-1.2758021354675293,-0.84534752368927
1788893105214108700,3.127108642578125,-1.2379932403564453,-1.4768397808074951,-0.7046929001808167
1788893105224125400,3.13712548828125,-1.1709070205688477,-1.566749095916748,-0.4605656862258911
1788893105234142700,3.147142822265625,-1.2135562896728516,-1.4521336555480957,-0.34270423650741577
1788893105244160500,3.157160400390625,-1.1689443588256836,-1.2876510620117188,-0.4809766411781311
1788893105254179300,3.167179443359375,-1.0511398315429688,-1.2421308755874634,-0.8023033142089844
1788893105264199000,3.177198974609375,-1.4474525451660156,-0.8771078586578369,-0.4238104224205017
1788893105274219500,3.187219482421875,-2.365072250366211,-0.6343789100646973,-0.02001333236694336
1788893105284240600,3.19724072265625,-3.067192554473877,-0.4334193468093872,-0.5341231226921082
1788893105294263000,3.207262939453125,-2.440354347229004,-0.2923845052719116,-1.6693940162658691
1788893105304286000,3.217285888671875,-1.8072810173034668,-0.22875213623046875,-1.9897027015686035
1788893105314309400,3.227309326171875,-1.4866104125976562,-0.18723654747009277,-1.8818159103393555
1788893105324333600,3.23733349609375,-1.5882673263549805,0.04640012979507446,-1.8960683345794678
1788893105334358000,3.24735791015625,-1.7381343841552734,0.27593672275543213,-1.960335373878479
1788893105344383000,3.257383056640625,-1.941112995147705,0.36650821566581726,-1.888378381729126
1788893105354407700,3.26740771484375,-2.0924458503723145,0.41758620738983154,-1.4310708045959473
1788893105364432000,3.277431884765625,-2.1201910972595215,0.52747642993927,-0.9519166350364685
1788893105374453200,3.287453369140625,-1.8108153343200684,0.5269150137901306,-0.7658782005310059
1788893105384471600,3.297471435546875,-2.146416187286377,0.8026702404022217,-0.6284348368644714
1788893105394490400,3.307490478515625,-0.9503059387207031,0.8875303268432617,-0.15459954738616943
1788893105404509400,3.317509521484375,-3.066532611846924,0.9973397254943848,-0.08478891849517822
1788893105414528800,3.32752880859375,-4.517017364501953,0.5646930932998657,-0.2718970775604248
1788893105424548600,3.337548583984375,-3.1140856742858887,0.5911071300506592,-0.856176495552063
1788893105434568700,3.347568603515625,0.627161979675293,0.5642576813697815,-0.31452906131744385
1788893105444589600,3.357589599609375,-0.2982006072998047,0.18939951062202454,-0.26437807083129883
1788893105454610700,3.367610595703125,-1.1402521133422852,1.274451732635498,-0.9398157596588135
1788893105464632300,3.37763232421875,-0.7408609390258789,1.8465300798416138,-1.1997950077056885
1788893105474654500,3.387654541015625,-0.7924003601074219,1.2818909883499146,-1.091054916381836
1788893105484676900,3.3976767578125,-1.4501352310180664,0.8403351902961731,-0.26628661155700684
1788893105494699800,3.40769970703125,-1.6782236099243164,0.8054530024528503,0.4363311529159546
1788893105504722700,3.41772265625,-1.9329800605773926,0.698595404624939,1.1494379043579102
1788893105514745900,3.427745849609375,-2.174729824066162,0.5186789035797119,1.4157934188842773
1788893105524769000,3.43776904296875,-2.374227523803711,0.4513612687587738,1.810340166091919
1788893105534797800,3.4477978515625,-2.1589407920837402,0.38916251063346863,2.249706745147705
1788893105544814000,3.45781396484375,-2.1939783096313477,0.10614567995071411,1.8859946727752686
1788893105554830600,3.46783056640625,-2.3074588775634766,0.038809120655059814,1.1975460052490234
1788893105564847600,3.47784765625,-2.1225714683532715,-0.05318206548690796,1.098558783531189
1788893105574865000,3.487864990234375,-1.5226459503173828,-0.4634696841239929,1.1013792753219604
1788893105584883000,3.497883056640625,-0.622492790222168,-0.9704187512397766,1.1485377550125122
1788893105594901800,3.50790185546875,0.11243534088134766,-1.3840796947479248,0.7396427392959595
1788893105604921300,3.51792138671875,0.8573036193847656,-1.6562623977661133,0.2772573232650757
1788893105614941700,3.527941650390625,0.9368515014648438,-1.7339681386947632,-0.3332241177558899
1788893105624963000,3.537963134765625,0.14408588409423828,-2.1077795028686523,-1.43598473072052
1788893105634985000,3.54798486328125,-2.805264949798584,-2.2680113315582275,-2.4228768348693848
1788893105645008000,3.5580078125,0.24188995361328125,-1.7934346199035645,-1.2893182039260864
1788893105655031300,3.56803125,-0.5393171310424805,-1.6470186710357666,-0.8534678220748901
1788893105665055500,3.578055419921875,0.05186939239501953,-1.7197164297103882,-1.068122386932373
1788893105675080000,3.588079833984375,0.07674694061279297,-1.7728745937347412,-1.8481121063232422
1788893105685104400,3.5981044921875,0.5476140975952148,-1.7692830562591553,-2.0548524856567383
1788893105695129300,3.60812939453125,0.5870952606201172,-2.099468469619751,-2.406015157699585
1788893105705154000,3.618154052734375,1.186354637145996,-2.4021027088165283,-2.8631680011749268
1788893105715175200,3.628175048828125,1.6613264083862305,-2.6092355251312256,-3.299762487411499
1788893105725193700,3.63819384765625,2.041341781616211,-2.5610268115997314,-3.4920363426208496
1788893105735212500,3.648212646484375,2.297412872314453,-2.219442367553711,-3.578253746032715
1788893105745231600,3.658231689453125,1.9131832122802734,-1.8476295471191406,-3.147087335586548
1788893105755251000,3.6682509765625,1.1815509796142578,-1.5587409734725952,-1.91168212890625
1788893105765270800,3.678270751953125,0.47176647186279297,-1.3456414937973022,-0.21813912689685822
1788893105775291100,3.688291015625,0.18483734130859375,-0.8927546739578247,0.8611233830451965
1788893105785311700,3.698311767578125,0.4564943313598633,-0.4511455297470093,1.6380691528320312
1788893105795332900,3.708332763671875,0.7475156784057617,-0.16543817520141602,2.257005214691162
1788893105805354500,3.7183544921875,0.40242671966552734,-0.09534168243408203,2.407820224761963
1788893105815376600,3.728376708984375,0.13999652862548828,-0.0647890567779541,2.0161664485931396
1788893105825399000,3.73839892578125,0.20696258544921875,-0.29506635665893555,1.7473196983337402
1788893105835422000,3.748421875,-0.08542251586914062,-0.43622350692749023,1.424123764038086
1788893105845444900,3.75844482421875,-0.32451629638671875,-0.6051967144012451,1.1731958389282227
1788893105855468000,3.768468017578125,-0.6633033752441406,-0.5966417789459229,0.8958994746208191
1788893105865491500,3.778491455078125,-1.187408447265625,-0.3951690196990967,0.43313825130462646
1788893105875520000,3.78852001953125,-1.7239179611206055,-0.0800626277923584,0.04274249076843262
1788893105885536500,3.79853662109375,-2.2623562812805176,0.33670830726623535,-0.27929067611694336
1788893105895552800,3.808552734375,-2.7341737747192383,0.7287082672119141,-0.4764063358306885
1788893105905569800,3.81856982421875,-3.0039453506469727,1.016845703125,-0.5632904767990112
1788893105915587000,3.828587158203125,-3.104501247406006,1.235403299331665,-0.5384688377380371
1788893105925605000,3.838605224609375,-3.0360445976257324,1.412185788154602,-0.45041608810424805
1788893105935624000,3.8486240234375,-2.82779598236084,1.6126389503479004,-0.41504430770874023
1788893105945643500,3.8586435546875,-2.585423469543457,1.7348979711532593,-0.3809213638305664
1788893105955664000,3.868663818359375,-2.424173355102539,1.7204842567443848,-0.37397336959838867
1788893105965685200,3.878685302734375,-2.2782859802246094,1.5670192241668701,-0.35808897018432617
1788893105975707400,3.888707275390625,-2.2350358963012695,1.4194283485412598,-0.3052358627319336
1788893105985730300,3.898730224609375,-2.3379945755004883,1.3037965297698975,-0.14378046989440918
1788893105995753700,3.908753662109375,-2.5238099098205566,1.3052170276641846,0.09038090705871582
1788893106005778000,3.91877783203125,-2.837611198425293,1.405172348022461,0.24788832664489746
1788893106015802400,3.92880224609375,-3.1003546714782715,1.576419472694397,0.3823060989379883
1788893106025827000,3.9388271484375,-3.367549419403076,1.7734664678573608,0.4835665225982666
1788893106035852000,3.94885205078125,-3.580686092376709,2.050797939300537,0.3588731288909912
1788893106045876200,3.958876220703125,-3.4626121520996094,2.394036054611206,0.07859325408935547
1788893106055897600,3.968897705078125,-3.0229692459106445,2.648618459701538,-0.47112560272216797
1788893106065918700,3.978918701171875,-2.333484649658203,2.486562728881836,-1.1233711242675781
1788893106075937300,3.988937255859375,-1.5813026428222656,2.000150203704834,-1.4531402587890625
1788893106085955800,3.998955810546875,-0.8714194297790527,1.4146987199783325,-1.516726016998291
1788893106095975000,4.008974853515625,-0.2746405601501465,0.9334273338317871,-1.451594352722168
1788893106105994200,4.018994140625,0.3603782653808594,0.6153666973114014,-1.5612897872924805
1788893106116014000,4.02901416015625,0.9721217155456543,0.3910031318664551,-1.8310489654541016
1788893106126034400,4.039034423828125,1.527970314025879,0.2678368091583252,-2.183382987976074
1788893106136055000,4.049054931640625,1.9862723350524902,0.2032015323638916,-2.7443695068359375
1788893106146076200,4.059076171875,2.379086971282959,0.16852116584777832,-3.575700283050537
1788893106156098000,4.06909814453125,2.6548657417297363,0.0021495819091796875,-4.34559440612793
1788893106166120000,4.079119873046875,2.767333984375,-0.2760591506958008,-4.9858245849609375
1788893106176142600,4.089142578125,2.68508243560791,-0.5268266201019287,-5.629027843475342
1788893106186165200,4.099165283203125,2.6495604515075684,-0.7359317541122437,-6.21142053604126
1788893106196188200,4.109188232421875,2.613396167755127,-0.8074331283569336,-6.772042274475098
1788893106206211300,4.11921142578125,2.296135425567627,-0.7301077842712402,-7.211105823516846
1788893106216234800,4.12923486328125,1.8691530227661133,-0.6259040832519531,-7.34066104888916
1788893106226263300,4.13926318359375,1.2882838249206543,-0.4510987401008606,-7.206894397735596
1788893106236279800,4.14927978515625,0.594141960144043,-0.13739413022994995,-6.938254356384277
1788893106246296300,4.15929638671875,-0.16423749923706055,-0.07162365317344666,-7.074311256408691
1788893106256313300,4.169313232421875,-0.9450588226318359,-0.2150471955537796,-7.095472812652588
1788893106266331000,4.179330810546875,-1.621973991394043,-0.5317507982254028,-6.561100959777832
1788893106276349000,4.189348876953125,-2.1971449851989746,-0.9958559274673462,-5.861132621765137
1788893106286367700,4.19936767578125,-2.452826976776123,-1.6031229496002197,-5.263310432434082
1788893106296387300,4.20938720703125,-2.223677158355713,-2.3934664726257324,-4.35004186630249
1788893106306407700,4.21940771484375,-1.737534999847412,-3.26058030128479,-3.3131518363952637
1788893106316429000,4.229428955078125,-1.5712838172912598,-4.250763893127441,-1.8730173110961914
1788893106326451200,4.239451171875,-1.8095602989196777,-4.857922554016113,-0.5588092803955078
1788893106336473900,4.249473876953125,-1.8638873100280762,-5.153936386108398,0.010172843933105469
1788893106346497300,4.259497314453125,-1.535301685333252,-5.1942901611328125,0.049419403076171875
1788893106356521200,4.269521240234375,-1.302818775177002,-4.969132423400879,-0.08309316635131836
1788893106366545700,4.279545654296875,-1.2095317840576172,-4.605133056640625,-0.3495759963989258
1788893106376570400,4.2895703125,-0.8253979682922363,-4.308562278747559,-0.778071403503418
1788893106386595000,4.299594970703125,-0.15021991729736328,-4.153903484344482,-1.2383718490600586
1788893106396619800,4.309619873046875,0.7037196159362793,-4.1590681076049805,-1.9081640243530273
1788893106406641000,4.319640869140625,1.743861198425293,-4.171568870544434,-2.7542762756347656
1788893106416659500,4.329659423828125,2.6883230209350586,-4.293742656707764,-3.3645553588867188
1788893106426678300,4.33967822265625,3.5087056159973145,-4.505705833435059,-3.5423831939697266
1788893106436697300,4.349697265625,4.184438228607178,-4.808266639709473,-3.466324806213379
1788893106446716700,4.359716552734375,4.235110759735107,-5.39931583404541,-3.4032669067382812
1788893106456736500,4.369736572265625,3.5602145195007324,-5.688569068908691,-2.920705795288086
1788893106466756600,4.379756591796875,2.616333484649658,-5.656551361083984,-2.5673513412475586
1788893106476777500,4.389777587890625,1.5752372741699219,-5.460716724395752,-2.366544723510742
1788893106486798600,4.399798583984375,0.6204366683959961,-5.31468391418457,-2.0914230346679688
1788893106496820200,4.4098203125,-0.13264894485473633,-5.145641326904297,-1.7281007766723633
1788893106506842400,4.41984228515625,-0.8058910369873047,-4.8823561668396,-1.204437255859375
1788893106516864800,4.42986474609375,-1.4839625358581543,-4.810431480407715,-0.9228086471557617
1788893106526887400,4.439887451171875,-2.0237863063812256,-4.614324569702148,-0.6365585327148438
1788893106536910600,4.44991064453125,-2.280216693878174,-4.454039573669434,-0.35486793518066406
1788893106546933800,4.459933837890625,-2.354335308074951,-4.128731727600098,0.0640420913696289
1788893106556957000,4.46995703125,-2.339799404144287,-3.8638219833374023,0.46392154693603516
1788893106566985700,4.47998583984375,-2.2920761108398438,-3.636489152908325,0.8419351577758789
1788893106577002000,4.490001953125,-2.1801810264587402,-3.390293598175049,1.243776798248291
1788893106587018200,4.500018310546875,-2.0392942428588867,-3.119812250137329,1.6444053649902344
1788893106597035000,4.510034912109375,-1.8999507427215576,-2.8276989459991455,2.0094594955444336
1788893106607052500,4.520052490234375,-1.8026020526885986,-2.5340585708618164,2.3570656776428223
1788893106617070300,4.5300703125,-1.7009994983673096,-2.1813290119171143,2.657968521118164
1788893106627089200,4.540089111328125,-1.5725352764129639,-1.8160960674285889,2.8592348098754883
1788893106637108700,4.550108642578125,-1.4049859046936035,-1.4898061752319336,2.9457454681396484
1788893106647129000,4.560129150390625,-1.1861286163330078,-1.2302693128585815,2.9693145751953125
1788893106657150500,4.570150390625,-1.0033860206604004,-1.0563205480575562,3.0059986114501953
1788893106667172900,4.5801728515625,-0.9340023994445801,-0.9158458709716797,3.055583953857422
1788893106677195800,4.59019580078125,-1.0016756057739258,-0.7481261491775513,3.0277462005615234
1788893106687219200,4.60021923828125,-1.1432437896728516,-0.5641365051269531,3.0573983192443848
1788893106697243400,4.610243408203125,-1.2919812202453613,-0.35403335094451904,2.9629249572753906
1788893106707267800,4.620267822265625,-1.4542958736419678,-0.1138010025024414,2.7201385498046875
1788893106717292800,4.630292724609375,-1.6652073860168457,0.15194451808929443,2.481419563293457
1788893106727317500,4.6403173828125,-1.7566838264465332,0.4189774990081787,2.218740940093994
1788893106737341700,4.650341796875,-1.827493667602539,0.6866006851196289,1.795034408569336
1788893106747363000,4.660363037109375,-1.8195757865905762,0.868342399597168,1.134976863861084
1788893106757381600,4.670381591796875,-1.5894882678985596,0.9477217197418213,0.36899471282958984
1788893106767400200,4.680400146484375,-1.2435073852539062,1.0042630434036255,-0.2159266471862793
1788893106777419300,4.690419189453125,-0.6725420951843262,1.0083885192871094,-1.4418697357177734
1788893106787438600,4.7004384765625,0.0221710205078125,0.900639533996582,-2.711491107940674
1788893106797458400,4.71045849609375,0.7525725364685059,0.6677141189575195,-3.721957206726074
1788893106807478800,4.720478759765625,1.3989558219909668,0.49734222888946533,-4.652403354644775
1788893106817499400,4.73049951171875,1.8481435775756836,0.37955641746520996,-5.57153844833374
1788893106827520800,4.740520751953125,2.14302921295166,0.17371296882629395,-6.711056709289551
1788893106837542400,4.75054248046875,2.1878557205200195,-0.21199750900268555,-7.603683948516846
1788893106847564300,4.760564208984375,2.0090107917785645,-0.6328909397125244,-7.919366836547852
1788893106857587000,4.7705869140625,1.9429125785827637,-1.1566691398620605,-8.006891250610352
1788893106867609600,4.780609619140625,1.8952608108520508,-1.8138244152069092,-7.999958515167236
1788893106877632500,4.790632568359375,1.6646418571472168,-2.357414484024048,-7.232138633728027
1788893106887656000,4.800656005859375,0.9882030487060547,-2.4591314792633057,-5.8543267250061035
1788893106897679000,4.81067919921875,0.018139362335205078,-2.316378116607666,-4.394557476043701
1788893106907707600,4.820707763671875,-0.865452766418457,-1.7843546867370605,-3.1138486862182617
1788893106917724000,4.830723876953125,-1.68709135055542,-0.9142584800720215,-1.9414658546447754
1788893106927740400,4.840740478515625,-2.4436874389648438,0.11892318725585938,-1.0277390480041504
1788893106937757200,4.850757080078125,-2.95283842086792,0.949524998664856,-0.4814591407775879
1788893106947774700,4.860774658203125,-3.1747663021087646,1.5730425119400024,-0.04644918441772461
1788893106957792500,4.87079248046875,-3.1894874572753906,2.030566930770874,0.5525288581848145
1788893106967811300,4.880811279296875,-3.087576389312744,2.242542028427124,1.026160717010498
1788893106977831200,4.8908310546875,-2.896071672439575,2.330129384994507,1.4262385368347168
1788893106987851500,4.9008515625,-2.593568801879883,2.4426047801971436,1.6237783432006836
1788893106997873000,4.910872802734375,-2.2009027004241943,2.5959529876708984,1.7294797897338867
1788893107007895000,4.92089501953125,-1.8441858291625977,2.740640640258789,1.5236587524414062
1788893107017918000,4.93091796875,-1.3073005676269531,2.8296821117401123,0.853912353515625
1788893107027941400,4.94094140625,-0.5649876594543457,2.845641851425171,-0.3479275703430176
1788893107037965600,4.950965576171875,0.24826908111572266,2.6231226921081543,-1.474236011505127
1788893107047990000,4.960989990234375,1.0236902236938477,2.1635513305664062,-2.478598117828369
1788893107058014700,4.9710146484375,1.6306266784667969,1.5262155532836914,-3.3411149978637695
1788893107068039400,4.981039306640625,2.121997833251953,0.7709736824035645,-3.769979953765869
1788893107078063900,4.99106396484375,2.558258533477783,-0.0023229122161865234,-3.7815842628479004
1788893107088085000,5.0010849609375,2.7947421073913574,-0.8582568168640137,-3.810786724090576
1788893107098103600,5.011103515625,2.4364280700683594,-1.1225943565368652,-2.7937798500061035
1788893107108122400,5.021122314453125,1.5348591804504395,-1.2849421501159668,-1.9500999450683594
1788893107118141400,5.031141357421875,0.6154584884643555,-0.9584763050079346,-1.917428970336914
1788893107128160800,5.041160888671875,-0.2370738983154297,-0.3843352794647217,-1.572721004486084
1788893107138180600,5.0511806640625,-1.0612668991088867,0.20921587944030762,-1.282914161682129
1788893107148200700,5.06120068359375,-1.7672576904296875,0.9119918346405029,-1.0695409774780273
1788893107158221600,5.0712216796875,-2.3245291709899902,1.24660325050354,-0.9776654243469238
1788893107168242700,5.08124267578125,-2.7925875186920166,1.6427998542785645,-0.8546457290649414
1788893107178264300,5.091264404296875,-3.0828728675842285,2.0615415573120117,-0.6673746109008789
1788893107188286500,5.101286376953125,-3.1468663215637207,2.4686262607574463,-0.426485538482666
1788893107198308900,5.111308837890625,-3.1199865341186523,2.849188804626465,-0.17272138595581055
1788893107208331500,5.12133154296875,-3.070827007293701,3.1216230392456055,0.034356117248535156
1788893107218354700,5.131354736328125,-3.1198811531066895,3.3587112426757812,0.2500019073486328
1788893107228377900,5.1413779296875,-3.1868274211883545,3.6154510974884033,0.4234199523925781
1788893107238401000,5.151401123046875,-3.191596746444702,3.8564934730529785,0.6278500556945801
1788893107248429800,5.161429931640625,-3.187457323074341,4.085928440093994,0.7784280776977539
1788893107258446000,5.171446044921875,-3.1565182209014893,4.312435150146484,0.7470312118530273
1788893107268462600,5.181462646484375,-3.0245378017425537,4.53428840637207,0.46298694610595703
1788893107278479400,5.191479248046875,-2.707920551300049,4.671952247619629,0.08635139465332031
1788893107288496600,5.20149658203125,-2.2763185501098633,4.726254940032959,-0.38480663299560547
1788893107298514700,5.2115146484375,-1.6612253189086914,4.644852638244629,-0.9619755744934082
1788893107308533500,5.221533447265625,-0.901127815246582,4.334446430206299,-1.526618480682373
1788893107318553000,5.231552978515625,-0.0699300765991211,3.7135727405548096,-2.0077390670776367
1788893107328573700,5.24157373046875,0.9426603317260742,2.7185988426208496,-2.464085102081299
1788893107338594800,5.2515947265625,2.3733997344970703,1.9840431213378906,-3.6691017150878906
1788893107348617000,5.261616943359375,3.7655301094055176,0.9133753776550293,-4.268231391906738
1788893107358639900,5.271639892578125,4.465517044067383,-0.31433820724487305,-3.9636073112487793
1788893107368663300,5.281663330078125,4.776569843292236,-1.3118290901184082,-3.922182083129883
1788893107378687500,5.2916875,4.6994309425354,-1.986227035522461,-4.155341625213623
1788893107388711700,5.301711669921875,4.1936116218566895,-1.94227933883667,-4.291891574859619
1788893107398736400,5.311736328125,3.3534059524536133,-1.5438933372497559,-4.615942478179932
1788893107408761300,5.32176123046875,2.4512739181518555,-1.5148591995239258,-4.8288702964782715
1788893107418785800,5.331785888671875,1.8335962295532227,-1.4539523124694824,-4.918071269989014
1788893107428807000,5.341806884765625,1.2893481254577637,-1.585982322692871,-4.764122486114502
1788893107438828300,5.351828369140625,0.9000239372253418,-1.975172519683838,-4.345300197601318
1788893107448846600,5.3618466796875,0.49278831481933594,-2.200382709503174,-3.4716944694519043
1788893107458865400,5.371865478515625,0.055422306060791016,-2.03666353225708,-2.4247689247131348
1788893107468884500,5.381884521484375,-0.3445262908935547,-1.6289992332458496,-1.4185142517089844
1788893107478903800,5.39190380859375,-0.8601784706115723,-1.0449295043945312,-0.34307336807250977
1788893107488923600,5.401923583984375,-1.444533348083496,-0.15223979949951172,0.8392500877380371
1788893107498943700,5.41194384765625,-2.0027365684509277,0.7954311370849609,1.777428388595581
1788893107508964600,5.421964599609375,-2.526597261428833,1.6444077491760254,2.5081233978271484
1788893107518985700,5.43198583984375,-3.038417100906372,2.4028944969177246,3.1046509742736816
1788893107529007400,5.44200732421875,-3.521946907043457,3.0749592781066895,3.639814853668213
1788893107539029500,5.452029541015625,-3.8545374870300293,3.6407275199890137,4.039873123168945
1788893107549052000,5.462052001953125,-3.8409223556518555,4.160175800323486,4.172174453735352
1788893107559074800,5.47207470703125,-3.5601706504821777,4.476772785186768,4.463323593139648
1788893107569097700,5.48209765625,-3.0214955806732178,4.658066749572754,4.607476711273193
1788893107579121000,5.492120849609375,-2.3754522800445557,4.485258102416992,4.588665962219238
1788893107589144300,5.502144287109375,-1.480562686920166,3.992614269256592,3.9162850379943848
1788893107599172900,5.5121728515625,-0.02922964096069336,3.2804579734802246,2.356137990951538
1788893107609189000,5.522189208984375,1.9120450019836426,2.1837220191955566,0.6870760917663574
1788893107619205600,5.53220556640625,3.7805871963500977,0.6763558387756348,-0.48969602584838867
1788893107629222400,5.542222412109375,5.0624213218688965,-0.9606075286865234,-0.741307258605957
1788893107639240000,5.552239990234375,6.109803676605225,-2.146364212036133,-0.7773013114929199
1788893107649257700,5.5622578125,6.6395649909973145,-2.8523340225219727,-0.20549249649047852
1788893107659276500,5.572276611328125,6.29259729385376,-3.4004220962524414,0.5144696235656738
1788893107669296400,5.58229638671875,5.2564592361450195,-3.6545305252075195,0.7797532081604004
1788893107679316700,5.592316650390625,4.099841117858887,-2.920769691467285,0.6928205490112305
1788893107689338000,5.602338134765625,2.9383301734924316,-2.35133695602417,0.9441514015197754
1788893107699360300,5.6123603515625,1.6873054504394531,-1.7899742126464844,1.1348929405212402
1788893107709383200,5.622383056640625,0.39275455474853516,-1.3612685203552246,1.197899341583252
1788893107719406600,5.632406494140625,-0.7682633399963379,-1.103311538696289,1.2114715576171875
1788893107729430500,5.642430419921875,-1.7145848274230957,-0.8551087379455566,1.2982921600341797
1788893107739455000,5.652455078125,-2.3489255905151367,-0.5114421844482422,1.2845115661621094
1788893107749479700,5.662479736328125,-2.7256855964660645,-0.24202919006347656,1.1722087860107422
1788893107759504400,5.67250439453125,-2.9716548919677734,-0.04294919967651367,1.1237101554870605
1788893107769528800,5.68252880859375,-3.012026786804199,0.22968339920043945,1.1379003524780273
1788893107779550200,5.69255029296875,-2.9965662956237793,0.5045413970947266,1.223400592803955
1788893107789568500,5.702568603515625,-2.975010871887207,0.7447333335876465,1.229630470275879
1788893107799587300,5.71258740234375,-2.779232978820801,0.9703712463378906,1.185905933380127
1788893107809606400,5.7226064453125,-2.436631202697754,1.2107996940612793,1.1657633781433105
1788893107819625700,5.732625732421875,-2.0832648277282715,1.510155200958252,1.2196118831634521
1788893107829645600,5.7426455078125,-1.8109245300292969,1.850534439086914,1.3844447135925293
1788893107839665700,5.752665771484375,-1.7573552131652832,2.0614709854125977,1.6604602336883545
1788893107849686500,5.7626865234375,-1.9349851608276367,2.4199938774108887,2.1734678745269775
1788893107859707600,5.772707763671875,-2.1659233570098877,2.799659252166748,2.5557761192321777
1788893107869729300,5.782729248046875,-2.2815370559692383,3.1023969650268555,2.7418065071105957
1788893107879751400,5.79275146484375,-1.8633432388305664,3.1628122329711914,2.3251047134399414
1788893107889773800,5.80277392578125,-0.9207415580749512,2.8501791954040527,1.4822754859924316
1788893107899796700,5.812796630859375,0.10015153884887695,2.018500804901123,0.590510368347168
1788893107909819600,5.822819580078125,1.3886680603027344,0.7091741561889648,-0.23754453659057617
1788893107919842800,5.8328427734375,2.8537039756774902,-0.6973986625671387,-0.8060488700866699
1788893107929866200,5.8428662109375,4.071933746337891,-1.7491579055786133,-0.9290800094604492
1788893107939894800,5.852894775390625,5.001543998718262,-2.6890783309936523,-0.7814860343933105
1788893107949911000,5.8629111328125,5.489355564117432,-3.5567240715026855,-0.585442066192627
1788893107959927600,5.872927490234375,5.438302993774414,-4.154404640197754,-0.8491716384887695
1788893107969944300,5.8829443359375,4.791833400726318,-4.289186477661133,-1.126723289489746
1788893107979961600,5.892961669921875,4.308574676513672,-4.0281548500061035,-1.8651390075683594
1788893107989979400,5.9029794921875,3.873290538787842,-4.047945499420166,-2.8211326599121094
1788893107999998200,5.912998291015625,3.246473789215088,-4.285802841186523,-3.3344812393188477
1788893108010017800,5.923017822265625,2.644935131072998,-4.537110328674316,-3.6994500160217285
1788893108020038400,5.933038330078125,2.4517250061035156,-4.6050004959106445,-3.87872314453125
1788893108030059800,5.943059814453125,2.2457265853881836,-4.510739326477051,-3.7377185821533203
1788893108040082000,5.95308203125,1.7669739723205566,-4.3142218589782715,-3.377498149871826
1788893108050104800,5.963104736328125,0.9089632034301758,-3.8879756927490234,-2.8656864166259766
1788893108060128300,5.973128173828125,-0.14187002182006836,-3.1270155906677246,-2.1737232208251953
1788893108070152400,5.98315234375,-1.2242560386657715,-2.1761574745178223,-1.4064908027648926
1788893108080177000,5.993177001953125,-2.114485263824463,-1.0620617866516113,-0.8479876518249512
1788893108090201900,6.003201904296875,-2.892375946044922,-0.22238397598266602,-0.3303194046020508
1788893108100226800,6.013226806640625,-3.5960447788238525,0.4702334403991699,0.18710041046142578
1788893108110250800,6.023250732421875,-4.077563285827637,1.1139330863952637,0.6820306777954102
1788893108120272100,6.033272216796875,-4.376276016235352,1.5759367942810059,1.175732135772705
1788893108130290400,6.04329052734375,-4.566079139709473,1.8615660667419434,1.7363908290863037
1788893108140309200,6.053309326171875,-4.544174671173096,2.1143107414245605,2.2363150119781494
1788893108150328300,6.063328369140625,-4.2895050048828125,2.4283604621887207,2.554044246673584
1788893108160347600,6.07334765625,-3.778205394744873,2.5856146812438965,2.663999080657959
1788893108170367500,6.083367431640625,-2.974092960357666,2.778201103210449,2.2539243698120117
1788893108180387600,6.0933876953125,-1.9234833717346191,2.6504340171813965,1.5496487617492676
1788893108190408400,6.103408447265625,-0.5705242156982422,2.0964198112487793,0.062358856201171875
1788893108200429600,6.1134296875,1.1169624328613281,1.2231898307800293,-1.645212173461914
1788893108210451200,6.123451171875,2.834364891052246,-0.06900548934936523,-2.4059619903564453
1788893108220473300,6.133473388671875,4.145996570587158,-1.1796813011169434,-2.5006113052368164
1788893108230495700,6.143495849609375,4.871716499328613,-1.837090015411377,-2.2795376777648926
1788893108240518400,6.153518310546875,4.876019477844238,-2.3232202529907227,-1.9891986846923828
1788893108250541600,6.16354150390625,4.203123092651367,-2.4839835166931152,-1.6117777824401855
1788893108260564700,6.173564697265625,2.7714991569519043,-2.1852221488952637,-1.2023706436157227
1788893108270588000,6.183587890625,1.1800737380981445,-1.3430485725402832,-0.8156189918518066
1788893108280616700,6.19361669921875,-0.2279677391052246,-0.5488753318786621,-0.7383294105529785
1788893108290633000,6.203633056640625,-1.4348225593566895,0.034768104553222656,-0.6505074501037598
1788893108300649500,6.2136494140625,-2.4441442489624023,0.630643367767334,-0.5616145133972168
1788893108310666200,6.223666259765625,-3.323563814163208,1.3591604232788086,-0.5188884735107422
1788893108320683500,6.23368359375,-4.003117084503174,1.6800618171691895,-0.7406120300292969
1788893108330701600,6.24370166015625,-4.632626056671143,2.086153030395508,-0.6938824653625488
1788893108340720400,6.253720458984375,-4.976346015930176,2.6793460845947266,-0.5061187744140625
1788893108350740000,6.263739990234375,-5.016604423522949,3.061858654022217,-0.5008816719055176
1788893108360760300,6.27376025390625,-4.947783470153809,3.2212166786193848,-0.5039987564086914
1788893108370781700,6.28378173828125,-4.820356369018555,3.293240547180176,-0.33739185333251953
1788893108380803800,6.293803955078125,-4.608031272888184,3.318021774291992,-0.21522808074951172
1788893108390826500,6.303826416015625,-4.32369327545166,3.343776226043701,-0.3077511787414551
1788893108400850000,6.313849853515625,-3.879520893096924,3.436952590942383,-0.6684269905090332
1788893108410874000,6.3238740234375,-3.408102035522461,3.4725499153137207,-0.6726617813110352
1788893108420898600,6.333898681640625,-2.826315402984619,3.4425148963928223,-0.7458977699279785
1788893108430923300,6.34392333984375,-2.1715807914733887,3.187527656555176,-1.0154528617858887
1788893108440948000,6.353947998046875,-1.3121466636657715,2.8270177841186523,-1.661888599395752
1788893108450972700,6.36397265625,-0.1908106803894043,2.0833263397216797,-2.4901113510131836
1788893108460994000,6.373994140625,1.169931411743164,1.0283536911010742,-3.063767433166504
1788893108471015200,6.38401513671875,2.4708480834960938,-0.19741106033325195,-3.2156381607055664
1788893108481033700,6.39403369140625,3.410308837890625,-1.3951101303100586,-2.922219753265381
1788893108491052300,6.40405224609375,3.951972484588623,-2.2945337295532227,-2.4735755920410156
1788893108501071400,6.4140712890625,4.0942063331604,-2.7315239906311035,-2.219635486602783
1788893108511090700,6.424090576171875,3.739467144012451,-2.8902206420898438,-2.1613316535949707
1788893108521110500,6.434110595703125,2.8797383308410645,-2.79866361618042,-2.064603805541992
1788893108531131000,6.444130859375,2.134182929992676,-2.436344623565674,-2.555309295654297
1788893108541151500,6.4541513671875,1.796438217163086,-2.3166418075561523,-3.57002592086792
1788893108551172600,6.464172607421875,1.7311210632324219,-2.251254081726074,-4.3963446617126465
1788893108561194200,6.4741943359375,1.6437606811523438,-2.4559593200683594,-5.488457679748535
1788893108571216400,6.48421630859375,1.6466732025146484,-3.129293441772461,-6.2902350425720215
1788893108581238800,6.49423876953125,1.984318733215332,-3.8108787536621094,-6.381774425506592
1788893108591261700,6.50426171875,2.5305089950561523,-4.375047206878662,-5.948553562164307
1788893108601284600,6.51428466796875,3.0353379249572754,-4.6623334884643555,-5.009081840515137
1788893108611307800,6.524307861328125,3.254514694213867,-4.478017807006836,-3.401047706604004
1788893108621331200,6.534331298828125,2.706625461578369,-3.8940701484680176,-1.5310778617858887
1788893108631359700,6.54435986328125,1.3818707466125488,-2.625946044921875,0.3602023124694824
1788893108641376000,6.5543759765625,-0.028571605682373047,-1.097060203552246,1.6579322814941406
1788893108651392500,6.564392578125,-1.040863037109375,0.2928805351257324,2.781597852706909
1788893108661409300,6.5744091796875,-1.7873735427856445,1.5487909317016602,3.7559022903442383
1788893108671426600,6.584426513671875,-2.3532862663269043,2.626443386077881,4.534111976623535
1788893108681444600,6.594444580078125,-2.6500260829925537,3.286898612976074,4.6983537673950195
1788893108691463200,6.604463134765625,-2.788818836212158,3.710148811340332,4.723442077636719
1788893108701482800,6.614482666015625,-2.5572476387023926,3.916579246520996,4.638669967651367
1788893108711503400,6.62450341796875,-2.0329885482788086,3.8039331436157227,4.340209007263184
1788893108721524700,6.634524658203125,-1.3322029113769531,3.4307236671447754,3.784829616546631
1788893108731547000,6.644546875,-0.5664057731628418,2.9317994117736816,2.9352335929870605
1788893108741569800,6.65456982421875,0.17576932907104492,2.36138916015625,1.8915748596191406
1788893108751593500,6.664593505859375,0.9784359931945801,1.8698225021362305,0.9553453922271729
1788893108761617400,6.674617431640625,1.8068881034851074,1.4560198783874512,0.26373958587646484
1788893108771642000,6.68464208984375,2.508474349975586,1.1115503311157227,-0.11058664321899414
1788893108781666800,6.694666748046875,2.933204174041748,0.8677511215209961,-0.22495269775390625
1788893108791691800,6.70469189453125,2.9962158203125,0.6380271911621094,-0.33789825439453125
1788893108801716000,6.714716064453125,2.5927672386169434,0.5017256736755371,-0.28414440155029297
1788893108811737000,6.724737060546875,1.8886466026306152,0.6521158218383789,-0.26100873947143555
1788893108821755600,6.734755615234375,1.2742905616760254,0.881019115447998,-0.2639942169189453
1788893108831774200,6.744774169921875,0.7331357002258301,1.1521553993225098,-0.29137682914733887
1788893108841793300,6.754793212890625,0.10025453567504883,1.1420717239379883,-0.27713799476623535
1788893108851812600,6.7648125,-0.5365891456604004,1.0621442794799805,-0.32062244415283203
1788893108861832400,6.77483251953125,-1.147653579711914,1.0894699096679688,-0.33789730072021484
1788893108871852800,6.784852783203125,-1.6469111442565918,1.1367101669311523,-0.2669386863708496
1788893108881873400,6.794873291015625,-2.1030101776123047,1.2012333869934082,-0.16445517539978027
1788893108891894500,6.80489453125,-2.5386719703674316,1.3315820693969727,-0.12612366676330566
1788893108901916200,6.814916259765625,-3.0055899620056152,1.542707920074463,-0.15713953971862793
1788893108911938300,6.824938232421875,-3.359666347503662,1.8108348846435547,-0.20494341850280762
1788893108921960700,6.834960693359375,-3.6485071182250977,2.145705223083496,-0.1990985870361328
1788893108931983600,6.844983642578125,-3.8627235889434814,2.4556632041931152,-0.04050135612487793
1788893108942006500,6.855006591796875,-3.968782901763916,2.7637548446655273,0.18815255165100098
1788893108952029700,6.86502978515625,-4.009393215179443,3.021913528442383,0.30705857276916504
1788893108962053000,6.87505322265625,-3.9458136558532715,3.264038562774658,0.320784330368042
1788893108972081700,6.88508154296875,-3.6788299083709717,3.3787646293640137,0.10822772979736328
1788893108982098200,6.89509814453125,-3.1447978019714355,3.310420513153076,-0.19992518424987793
1788893108992114700,6.90511474609375,-2.4207348823547363,2.963994026184082,-0.37974071502685547
1788893109002131500,6.91513134765625,-1.5746126174926758,2.4305739402770996,-0.3507821559906006
1788893109012149000,6.92514892578125,-0.6299295425415039,1.7499265670776367,-0.33698153495788574
1788893109022166800,6.935166748046875,0.36977577209472656,0.9479961395263672,-0.4820680618286133
1788893109032185600,6.945185546875,1.457916259765625,0.09919977188110352,-0.6084604263305664
1788893109042205200,6.955205078125,2.472370147705078,-0.6976161003112793,-0.7055768966674805
1788893109052225500,6.9652255859375,3.357670307159424,-1.3853416442871094,-0.7528915405273438
1788893109062247000,6.975246826171875,3.9463319778442383,-1.9482779502868652,-0.7235312461853027
1788893109072269000,6.98526904296875,4.154565811157227,-2.4217958450317383,-0.6137104034423828
1788893109082291700,6.995291748046875,4.162649154663086,-2.5581154823303223,-0.8831920623779297
1788893109092315400,7.0053154296875,4.2624287605285645,-2.4536972045898438,-1.3161993026733398
1788893109102339300,7.01533935546875,4.496736526489258,-2.380030632019043,-1.6129403114318848
1788893109112363800,7.02536376953125,4.721475601196289,-2.3635363578796387,-2.2152247428894043
1788893109122388500,7.035388427734375,4.7675580978393555,-2.5357375144958496,-2.6525192260742188
1788893109132413200,7.0454130859375,4.719842910766602,-2.789285659790039,-2.6795759201049805
1788893109142438000,7.05543798828125,4.602800369262695,-2.912874221801758,-2.516770839691162
1788893109152459300,7.065459228515625,4.193608283996582,-2.8878426551818848,-2.0995736122131348
1788893109162477600,7.0754775390625,3.318514347076416,-2.707756996154785,-1.522900104522705
1788893109172496400,7.085496337890625,2.0066094398498535,-2.320769786834717,-1.1160898208618164
1788893109182515500,7.095515380859375,0.6748447418212891,-1.6728343963623047,-0.7552862167358398
1788893109192534800,7.10553466796875,-0.3853282928466797,-0.9527349472045898,-0.2609405517578125
1788893109202554600,7.1155546875,-1.34144926071167,-0.32399511337280273,0.27785587310791016
1788893109212574700,7.12557470703125,-2.137369155883789,0.10705423355102539,0.6995973587036133
1788893109222595600,7.135595703125,-2.7481162548065186,0.5727310180664062,0.9697754383087158
1788893109232616700,7.14561669921875,-3.2119100093841553,0.663762092590332,0.9532697200775146
1788893109242638300,7.155638427734375,-3.4572947025299072,0.8708915710449219,1.129652976989746
1788893109252660500,7.165660400390625,-3.144866943359375,1.1700377464294434,1.0723803043365479
1788893109262683000,7.175682861328125,-2.44038987159729,1.142972469329834,0.9529733657836914
1788893109272705500,7.18570556640625,-1.537696361541748,0.9977278709411621,0.6286382675170898
1788893109282728700,7.195728759765625,-0.5439038276672363,0.6838521957397461,-0.1520705223083496
1788893109292752000,7.205751953125,0.5702900886535645,0.3826761245727539,-1.0185017585754395
1788893109302775000,7.215775146484375,1.5873985290527344,0.14206218719482422,-1.3990554809570312
1788893109312803800,7.225803955078125,2.4887166023254395,-0.050760746002197266,-1.597041130065918
1788893109322820400,7.2358203125,3.1817569732666016,-0.2713003158569336,-1.8067831993103027
1788893109332836900,7.2458369140625,3.434239387512207,-0.41754913330078125,-1.9379587173461914
1788893109342854000,7.25585400390625,3.2309436798095703,-0.457674503326416,-1.915605068206787
1788893109352871400,7.265871337890625,2.4383835792541504,-0.4716453552246094,-1.8920083045959473
1788893109362889500,7.275889404296875,1.2743830680847168,-0.21103954315185547,-2.0012893676757812
1788893109372908300,7.285908203125,0.2618083953857422,0.15680694580078125,-1.9665770530700684
1788893109382928000,7.295927978515625,-0.640775203704834,0.43574047088623047,-1.7576875686645508
1788893109392948500,7.305948486328125,-1.566347599029541,0.668642520904541,-1.5879225730895996
1788893109402969900,7.315969970703125,-2.3463191986083984,1.009018898010254,-1.5358672142028809
1788893109412991700,7.32599169921875,-2.9818058013916016,1.3496651649475098,-1.626427173614502
1788893109423014700,7.3360146484375,-3.4324839115142822,1.7206077575683594,-1.736152172088623
1788893109433038000,7.3460380859375,-3.77305006980896,2.041840076446533,-1.875669002532959
1788893109443062000,7.35606201171875,-4.016790390014648,2.3573813438415527,-1.9943971633911133
1788893109453086500,7.36608642578125,-4.097015380859375,2.64797306060791,-2.143109083175659
1788893109463111200,7.376111083984375,-3.9389750957489014,2.911769390106201,-2.2390129566192627
1788893109473135900,7.386135986328125,-3.7890334129333496,2.958806037902832,-2.23232364654541
1788893109483160300,7.396160400390625,-3.63430118560791,2.910595417022705,-2.1304917335510254
1788893109493181400,7.406181396484375,-3.381587266921997,2.812256336212158,-2.0436105728149414
1788893109503200000,7.416199951171875,-3.047670841217041,2.737748622894287,-2.158374071121216
1788893109513218800,7.42621875,-2.677964687347412,2.6559977531433105,-2.284208297729492
1788893109523238000,7.43623779296875,-2.212477207183838,2.560960292816162,-2.5427799224853516
1788893109533257200,7.44625732421875,-1.5581698417663574,2.403515338897705,-2.845503330230713
1788893109543277000,7.456277099609375,-0.8559660911560059,2.139321804046631,-3.112720489501953
1788893109553297200,7.466297119140625,-0.23251724243164062,1.7532100677490234,-3.3281631469726562
1788893109563318000,7.476318115234375,0.38110923767089844,1.3455653190612793,-3.4774460792541504
1788893109573339100,7.486339111328125,0.9345898628234863,0.9502582550048828,-3.4887804985046387
1788893109583360800,7.49636083984375,1.3645224571228027,0.6159801483154297,-3.35614013671875
1788893109593383000,7.5063828125,1.6126656532287598,0.3632478713989258,-3.178828716278076
1788893109603405300,7.5164052734375,1.7588067054748535,0.2603621482849121,-3.0805978775024414
1788893109613428200,7.52642822265625,1.8737621307373047,0.30883073806762695,-3.0788979530334473
1788893109623451100,7.536451171875,1.9487175941467285,0.43858909606933594,-3.1506357192993164
1788893109633474300,7.546474365234375,1.966184139251709,0.5884804725646973,-3.399725914001465
1788893109643497700,7.556497802734375,2.037013053894043,0.662534236907959,-3.780996799468994
1788893109653526300,7.5665263671875,2.204483985900879,0.654141902923584,-4.133522033691406
1788893109663542800,7.576542724609375,2.3969640731811523,0.5893082618713379,-4.324793338775635
1788893109673559600,7.5865595703125,2.562160015106201,0.47016429901123047,-4.18454122543335
1788893109683576600,7.59657666015625,2.5427470207214355,0.29445552825927734,-3.8731956481933594
1788893109693594000,7.606593994140625,2.3022851943969727,0.19018793106079102,-3.5365347862243652
1788893109703612200,7.616612060546875,1.8861722946166992,0.1764354705810547,-3.1296396255493164
1788893109713631200,7.62663134765625,1.3058280944824219,0.2299947738647461,-2.747681140899658
1788893109723650800,7.63665087890625,0.6490983963012695,0.3497123718261719,-2.302551746368408
1788893109733671400,7.64667138671875,0.06622314453125,0.5348544120788574,-1.9063615798950195
1788893109743692800,7.65669287109375,-0.45915651321411133,0.6650524139404297,-1.477792739868164
1788893109753715000,7.66671484375,-0.8716182708740234,0.8071808815002441,-1.0839924812316895
1788893109763737900,7.67673779296875,-1.1116719245910645,0.9364528656005859,-0.7390999794006348
1788893109773761300,7.68676123046875,-1.192366600036621,0.9981427192687988,-0.4089837074279785
1788893109783785200,7.69678515625,-1.1560282707214355,0.9504613876342773,-0.08765172958374023
1788893109793809700,7.7068095703125,-1.1171536445617676,0.8509688377380371,0.2213129997253418
1788893109803834400,7.71683447265625,-1.1238584518432617,0.7753992080688477,0.45163488388061523
1788893109813859000,7.726859130859375,-1.0817766189575195,0.7072715759277344,0.6228635311126709
1788893109823883000,7.736883056640625,-0.9780569076538086,0.677067756652832,0.6739461421966553
1788893109833904000,7.746904052734375,-0.9249930381774902,0.6471676826477051,0.6822683811187744
1788893109843922700,7.756922607421875,-0.9151968955993652,0.5946869850158691,0.7581620216369629
1788893109853941500,7.76694140625,-0.9652085304260254,0.511134147644043,0.8541202545166016
1788893109863960600,7.776960693359375,-1.053006649017334,0.4324970245361328,0.9742655754089355
1788893109873980000,7.78697998046875,-1.1183605194091797,0.35344362258911133,1.077942132949829
1788893109883999700,7.796999755859375,-1.1347346305847168,0.2879929542541504,1.1386034488677979
1788893109894020000,7.80702001953125,-1.146409511566162,0.2129650115966797,1.1921370029449463
1788893109904040700,7.817040771484375,-1.187453269958496,0.12964248657226562,1.2125279903411865
1788893109914061800,7.827061767578125,-1.1821999549865723,0.02983713150024414,1.168656587600708
1788893109924083500,7.83708349609375,-1.1883869171142578,-0.06186056137084961,1.1456091403961182
1788893109934105600,7.847105712890625,-1.2006196975708008,-0.14935779571533203,1.181502103805542
1788893109944128300,7.857128173828125,-1.174994945526123,-0.19835615158081055,1.176245927810669
1788893109954151000,7.86715087890625,-1.1581926345825195,-0.21752357482910156,1.120995283126831
1788893109964174000,7.877174072265625,-1.220649242401123,-0.2635383605957031,1.1122863292694092
1788893109974197200,7.887197265625,-1.3510727882385254,-0.2875633239746094,1.1463043689727783
1788893109984220700,7.897220703125,-1.5523624420166016,-0.29431581497192383,1.1440789699554443
1788893109994249500,7.90724951171875,-1.803748607635498,-0.2926301956176758,1.0640480518341064
1788893110004265700,7.917265625,-2.0324721336364746,-0.2727828025817871,1.0031840801239014
1788893110014282200,7.9272822265625,-2.2327985763549805,-0.24918746948242188,0.9916775226593018
1788893110024299300,7.93729931640625,-2.4274649620056152,-0.16448974609375,1.0025584697723389
1788893110034316800,7.94731689453125,-2.529313087463379,-0.03791999816894531,1.0089232921600342
1788893110044334800,7.9573349609375,-2.5277724266052246,0.14410161972045898,1.0516583919525146
1788893110054353700,7.967353759765625,-2.4082155227661133,0.41887426376342773,1.094161033630371
1788893110064373200,7.977373291015625,-2.0815019607543945,0.7982645034790039,1.0127313137054443
1788893110074393600,7.9873935546875,-1.498885154724121,1.116236686706543,0.8734252452850342
1788893110084415000,7.9974150390625,-0.737584114074707,1.1776800155639648,0.7837462425231934
1788893110094437000,8.00743701171875,-0.05616188049316406,0.9083824157714844,0.9597437381744385
1788893110104460000,8.0174599609375,0.5409102439880371,0.5228099822998047,0.7459039688110352
1788893110114483500,8.0274833984375,1.0594758987426758,0.14334583282470703,0.38836193084716797
1788893110124507400,8.03750732421875,1.4695148468017578,-0.2697257995605469,0.29758119583129883
1788893110134531800,8.04753173828125,1.6967453956604004,-0.604433536529541,0.3725452423095703
1788893110144556500,8.057556640625,1.837608814239502,-0.7646656036376953,0.27926015853881836
1788893110154581500,8.06758154296875,1.9163212776184082,-0.8677973747253418,0.0597386360168457
1788893110164606000,8.07760595703125,2.166166305541992,-0.9122500419616699,-0.5453033447265625
1788893110174627300,8.08762744140625,2.4316482543945312,-1.018958568572998,-1.2003874778747559
1788893110184648400,8.0976484375,2.609379768371582,-1.2048745155334473,-1.7089529037475586
1788893110194667000,8.1076669921875,2.7926721572875977,-1.3543200492858887,-2.0780210494995117
1788893110204685800,8.117685791015624,2.8686013221740723,-1.4781436920166016,-2.34183931350708
1788893110214705000,8.127704833984374,2.7231202125549316,-1.616772174835205,-2.435393810272217
1788893110224724200,8.13772412109375,2.3079724311828613,-1.6913480758666992,-2.2958030700683594
1788893110234744000,8.147744140625,1.6703810691833496,-1.589552402496338,-2.1093015670776367
1788893110244764400,8.157764404296875,0.8727335929870605,-1.3319520950317383,-1.9181513786315918
1788893110254785000,8.167784912109376,0.09765863418579102,-0.8987436294555664,-1.6603384017944336
1788893110264806400,8.177806396484375,-0.47564220428466797,-0.34076499938964844,-1.2819061279296875
1788893110274828000,8.187828125,-0.9874253273010254,0.2430577278137207,-0.8416070938110352
1788893110284850200,8.19785009765625,-1.4775323867797852,0.7970457077026367,-0.37491559982299805
1788893110294872600,8.20787255859375,-1.9387521743774414,1.3273124694824219,0.019370555877685547
1788893110304895500,8.2178955078125,-2.3516716957092285,1.6948881149291992,0.2456684112548828
1788893110314918400,8.22791845703125,-2.6705942153930664,1.9121856689453125,0.35012245178222656
1788893110324941800,8.23794189453125,-2.77048397064209,1.975405216217041,0.2399907112121582
1788893110334965000,8.247965087890625,-2.4897589683532715,1.9463272094726562,0.004456043243408203
1788893110344993800,8.257993896484376,-1.8831558227539062,1.8292407989501953,-0.21062803268432617
1788893110355010300,8.26801025390625,-1.062286376953125,1.5756855010986328,-0.3058023452758789
1788893110365026800,8.27802685546875,-0.22457599639892578,1.2142257690429688,-0.3394169807434082
1788893110375043800,8.2880439453125,0.5911417007446289,0.7645549774169922,-0.3408021926879883
1788893110385061000,8.29806103515625,1.2897858619689941,0.2571234703063965,-0.38237476348876953
1788893110395079200,8.3080791015625,1.8148036003112793,-0.26149749755859375,-0.23778915405273438
1788893110405098000,8.318097900390624,2.1626529693603516,-0.8571019172668457,0.06294107437133789
1788893110415117600,8.32811767578125,2.2698135375976562,-1.3217072486877441,0.46184539794921875
1788893110425138200,8.33813818359375,2.0291647911071777,-1.7267193794250488,0.9165048599243164
1788893110435159600,8.34815966796875,1.4285283088684082,-1.9870710372924805,1.3185853958129883
1788893110445181700,8.358181640625,0.8085999488830566,-1.9971575736999512,1.3288955688476562
1788893110455204400,8.368204345703125,0.3898615837097168,-1.9122910499572754,0.9899024963378906
1788893110465228000,8.37822802734375,-0.04534292221069336,-2.0520052909851074,0.9602155685424805
1788893110475252000,8.388251953125,-0.5476474761962891,-2.2388858795166016,0.855781078338623
1788893110485276400,8.3982763671875,-1.04933500289917,-2.36106538772583,0.5723943710327148
1788893110495301400,8.40830126953125,-1.4980487823486328,-2.4715991020202637,0.35612964630126953
1788893110505326000,8.418326171875,-1.8419036865234375,-2.4091014862060547,0.19008541107177734
1788893110515350800,8.428350830078125,-2.154928684234619,-2.2809348106384277,0.14218425750732422
1788893110525372000,8.438371826171876,-2.4731040000915527,-2.0847434997558594,0.24655580520629883
1788893110535393300,8.448393310546875,-2.755929946899414,-1.8078298568725586,0.4023151397705078
1788893110545411800,8.458411865234375,-3.0641958713531494,-1.4805145263671875,0.5166258811950684
1788893110555430700,8.4684306640625,-3.3445212841033936,-1.0853853225708008,0.624413013458252
1788893110565449700,8.47844970703125,-3.577328681945801,-0.7051362991333008,0.8355870246887207
1788893110575469000,8.488468994140625,-3.753441095352173,-0.36076927185058594,1.1392757892608643
1788893110585489000,8.498489013671875,-3.864826202392578,-0.08772993087768555,1.4608654975891113
1788893110595509200,8.50850927734375,-3.87170672416687,0.16401910781860352,1.7531888484954834
1788893110605529900,8.51852978515625,-3.7037761211395264,0.405825138092041,1.9527056217193604
1788893110615551200,8.52855126953125,-3.2354354858398438,0.5759954452514648,2.082939386367798
1788893110625572900,8.53857275390625,-2.3419559001922607,0.8111705780029297,1.6792638301849365
1788893110635595000,8.548594970703125,-1.4636681079864502,0.746361255645752,1.3628959655761719
1788893110645617700,8.55861767578125,-0.5169429779052734,0.632080078125,1.0043621063232422
1788893110655640300,8.568640380859375,0.7152256965637207,0.3294539451599121,0.5015830993652344
1788893110665663500,8.57866357421875,2.082625389099121,-0.24825429916381836,0.10874605178833008
1788893110675686700,8.588686767578125,3.322503089904785,-0.7839059829711914,-0.07592630386352539
1788893110685710000,8.5987099609375,4.301535129547119,-1.1296286582946777,-0.16106271743774414
1788893110695739000,8.60873876953125,4.9805989265441895,-1.2432427406311035,-0.2298426628112793
1788893110705755100,8.618755126953126,5.3390212059021,-1.4555082321166992,-0.405947208404541
1788893110715771600,8.628771728515625,5.076786041259766,-1.7040748596191406,-0.5587825775146484
1788893110725788400,8.638788330078125,4.188967227935791,-1.6518406867980957,-0.4767599105834961
1788893110735806000,8.648805908203125,3.254147529602051,-1.3990650177001953,-0.8617434501647949
1788893110745824000,8.658823974609374,2.372556686401367,-1.313025951385498,-1.0366272926330566
1788893110755842800,8.6688427734375,1.5867657661437988,-1.3536691665649414,-1.0426087379455566
1788893110765862400,8.6788623046875,0.9717392921447754,-1.3315467834472656,-1.237980842590332
1788893110775883000,8.688883056640625,0.4154319763183594,-1.416630744934082,-1.420637607574463
1788893110785904000,8.698904052734376,0.009187698364257812,-1.2905478477478027,-1.420210838317871
1788893110795926300,8.70892626953125,-0.2532329559326172,-1.4683828353881836,-1.7690186500549316
1788893110805949200,8.71894921875,-0.5374016761779785,-1.259181022644043,-1.7825994491577148
1788893110815972900,8.728972900390625,-0.6619110107421875,-0.9225449562072754,-1.6609277725219727
1788893110825997000,8.7389970703125,-0.7568225860595703,-0.7081913948059082,-1.7662205696105957
1788893110836021500,8.749021484375,-0.7848701477050781,-0.5834050178527832,-1.8773903846740723
1788893110846046200,8.759046142578125,-0.6742310523986816,-0.5786323547363281,-2.1966700553894043
1788893110856071200,8.7690712890625,-0.3953070640563965,-0.612309455871582,-2.468116283416748
1788893110866095900,8.779095947265626,-0.08585548400878906,-0.6870269775390625,-2.591999053955078
1788893110876117000,8.789116943359375,0.35689687728881836,-0.7740635871887207,-3.2786898612976074
1788893110886135600,8.799135498046875,0.9458150863647461,-1.1069960594177246,-3.9289650917053223
1788893110896154400,8.809154296875,1.564518928527832,-1.6900367736816406,-3.925401210784912
1788893110906173400,8.81917333984375,2.0701284408569336,-2.350341796875,-3.5145411491394043
1788893110916192800,8.82919287109375,2.371723175048828,-2.826937675476074,-2.5197315216064453
1788893110926212600,8.839212646484375,2.413336753845215,-2.9494218826293945,-1.265164852142334
1788893110936233000,8.84923291015625,1.9642291069030762,-2.591517448425293,-0.20503520965576172
1788893110946253800,8.85925390625,0.8100686073303223,-2.1129207611083984,0.5570859909057617
1788893110956275000,8.86927490234375,-0.6350879669189453,-1.4779911041259766,1.2378878593444824
1788893110966296600,8.879296630859375,-1.8831028938293457,-0.6595101356506348,1.8127613067626953
1788893110976318700,8.889318603515624,-2.8605446815490723,0.098358154296875,2.171721935272217
1788893110986341400,8.89934130859375,-3.7836928367614746,0.5777192115783691,2.3186516761779785
1788893110996364000,8.909364013671874,-4.585686683654785,0.9903311729431152,2.559558629989624
1788893111006387200,8.91938720703125,-5.031142234802246,1.370577335357666,2.866828680038452
1788893111016410400,8.929410400390625,-5.21495246887207,1.6061582565307617,2.981276512145996
1788893111026433800,8.939433837890626,-5.2984137535095215,1.805068016052246,3.040493965148926
1788893111036462600,8.949462646484376,-5.171737194061279,1.9892053604125977,3.0503811836242676
1788893111046479000,8.95947900390625,-4.75879430770874,2.0653462409973145,2.8928613662719727
1788893111056495600,8.96949560546875,-4.035896301269531,2.0211129188537598,2.5082502365112305
1788893111066512600,8.9795126953125,-3.10992693901062,1.9001250267028809,1.6502349376678467
1788893111076530200,8.9895302734375,-1.9196410179138184,1.6952333450317383,0.2579970359802246
1788893111086548200,8.99954833984375,-0.45021724700927734,1.3389525413513184,-1.5469856262207031
1788893111096567000,9.009567138671875,1.0554957389831543,0.781651496887207,-3.3730053901672363
1788893111106586600,9.019586669921875,2.540156841278076,-0.11008262634277344,-4.133934020996094
1788893111116607200,9.029607177734375,3.7312355041503906,-1.3414559364318848,-3.5666799545288086
1788893111126628600,9.039628662109376,4.674188613891602,-2.7982587814331055,-3.2081823348999023
1788893111136650800,9.049650634765625,5.504052639007568,-3.3480749130249023,-3.1339335441589355
1788893111146673700,9.059673583984376,6.019194602966309,-3.2532896995544434,-2.489816665649414
1788893111156697000,9.069697021484375,5.91471004486084,-2.555450439453125,-1.3460240364074707
1788893111166721000,9.079720947265624,4.7787580490112305,-1.821897029876709,-0.40958070755004883
1788893111176745500,9.089745361328125,3.0155205726623535,-1.010159969329834,-0.44771385192871094
1788893111186770200,9.099770263671875,1.2408595085144043,-0.11648178100585938,-0.24222660064697266
1788893111196795100,9.109795166015624,-0.42224931716918945,0.5765776634216309,0.10951662063598633
1788893111206819800,9.11981982421875,-1.8698749542236328,1.143172264099121,0.4648599624633789
1788893111216841000,9.129841064453124,-2.9994187355041504,1.6662602424621582,0.7139098644256592
1788893111226859800,9.13985986328125,-3.819788932800293,2.264651298522949,0.8233370780944824
1788893111236878600,9.149878662109375,-4.3796257972717285,2.7264928817749023,0.9677259922027588
1788893111246897400,9.1598974609375,-4.562464714050293,3.0259323120117188,1.0885207653045654
1788893111256917000,9.1699169921875,-4.268585681915283,3.082988739013672,1.1396517753601074
1788893111266936800,9.179936767578125,-3.6221423149108887,2.959811210632324,1.2784857749938965
1788893111276957200,9.189957275390626,-2.7760374546051025,2.7268104553222656,1.1663641929626465
1788893111286977800,9.199977783203124,-1.9373855590820312,2.3424854278564453,1.0867211818695068
1788893111296999200,9.209999267578125,-1.1922640800476074,1.8446955680847168,1.244553565979004
1788893111307020800,9.220020751953125,-0.4253063201904297,1.4590811729431152,1.3517751693725586
1788893111317043000,9.23004296875,0.2429823875427246,1.2534847259521484,1.5395560264587402
1788893111327065600,9.240065673828125,0.7934327125549316,1.1126394271850586,1.7496612071990967
1788893111337088300,9.250088134765624,1.279311180114746,0.907597541809082,1.891648530960083
1788893111347111400,9.260111328125,1.5971956253051758,0.7496738433837891,2.0140278339385986
1788893111357134600,9.270134521484374,1.8116683959960938,0.5981426239013672,2.0548579692840576
1788893111367158000,9.280157958984375,1.9145870208740234,0.41697120666503906,1.9805636405944824
1788893111377186800,9.290186767578126,1.959531307220459,0.1934347152709961,1.8299200534820557
1788893111387203000,9.300203125,1.9780182838439941,-0.013062000274658203,1.7957251071929932
1788893111397219800,9.3102197265625,2.0094189643859863,-0.2384181022644043,1.8050153255462646
1788893111407236900,9.32023681640625,1.9321699142456055,-0.43329524993896484,1.7296874523162842
1788893111417254100,9.330254150390624,1.782365322113037,-0.7016324996948242,1.6088027954101562
1788893111427272400,9.3402724609375,1.5882658958435059,-0.9222602844238281,1.4346144199371338
1788893111437291300,9.350291259765624,1.392829418182373,-1.0703315734863281,1.138272762298584
1788893111447310800,9.360310791015625,1.1095728874206543,-1.2034196853637695,0.8194260597229004
1788893111457331500,9.37033154296875,0.828742504119873,-1.365379810333252,0.5449981689453125
1788893111467352800,9.380352783203126,0.564399242401123,-1.5092487335205078,0.3253469467163086
1788893111477375000,9.390375,0.2826838493347168,-1.6682167053222656,0.24611663818359375
1788893111487398000,9.40039794921875,0.03334522247314453,-1.8045058250427246,-0.06727218627929688
1788893111497421300,9.41042138671875,-0.10976123809814453,-2.055664539337158,-0.47394800186157227
1788893111507445200,9.4204453125,-0.0033326148986816406,-2.208559513092041,-0.8137965202331543
1788893111517469700,9.4304697265625,0.2431926727294922,-2.348681926727295,-1.3497486114501953
1788893111527494400,9.440494384765625,0.5487494468688965,-2.620762825012207,-1.6019763946533203
1788893111537519000,9.45051904296875,0.8920340538024902,-2.8627443313598633,-1.5106101036071777
1788893111547544000,9.4605439453125,1.1478843688964844,-2.961833953857422,-1.4623141288757324
1788893111557565200,9.470565185546874,1.17303466796875,-2.9974303245544434,-1.2009873390197754
1788893111567586600,9.480586669921875,0.9593667984008789,-2.8559532165527344,-0.7729415893554688
1788893111577608000,9.49060791015625,0.42446231842041016,-2.545992374420166,-0.27713537216186523
1788893111587626500,9.50062646484375,-0.35949087142944336,-2.130885124206543,0.16758489608764648
1788893111597645000,9.51064501953125,-1.0973730087280273,-1.6114625930786133,0.5459580421447754
1788893111607664000,9.5206640625,-1.7299833297729492,-1.1898813247680664,0.9903626441955566
1788893111617683700,9.53068359375,-2.240635395050049,-0.7762422561645508,1.4327025413513184
1788893111627703600,9.54070361328125,-2.608276844024658,-0.4253568649291992,1.7054784297943115
1788893111637724000,9.550723876953125,-2.8521482944488525,-0.2031083106994629,1.831876516342163
1788893111647744500,9.56074462890625,-2.873140573501587,-0.042456626892089844,1.8250296115875244
1788893111657766000,9.570765869140626,-2.63165020942688,0.05481433868408203,1.621293067932129
1788893111667787500,9.58078759765625,-2.1713926792144775,-0.05832195281982422,1.291032314300537
1788893111677809700,9.5908095703125,-1.603529453277588,-0.24312496185302734,0.9150190353393555
1788893111687832300,9.600832275390625,-0.9724082946777344,-0.48134660720825195,0.5271401405334473
1788893111697855000,9.61085498046875,-0.27387094497680664,-0.8298635482788086,0.31856489181518555
1788893111707878100,9.620878173828125,0.3881831169128418,-1.1772541999816895,-0.020427227020263672
1788893111717901600,9.630901611328126,0.802983283996582,-1.4970765113830566,-0.17172622680664062
1788893111727925000,9.640925048828125,0.8210296630859375,-1.7029976844787598,0.05315685272216797
1788893111737953800,9.650953857421875,0.4247570037841797,-1.663078784942627,0.44950151443481445
1788893111747970000,9.660969970703125,-0.19020795822143555,-1.3197226524353027,0.6460309028625488
1788893111757986600,9.670986572265624,-0.732025146484375,-0.9116616249084473,0.7032508850097656
1788893111768003300,9.68100341796875,-1.1838016510009766,-0.4362797737121582,0.6493229866027832
1788893111778020900,9.691020751953126,-1.489201545715332,0.1309947967529297,0.2676663398742676
1788893111788039000,9.701038818359375,-1.5168161392211914,0.5035195350646973,-0.40413331985473633
1788893111798057700,9.7110576171875,-1.0213899612426758,0.6660323143005371,-1.096764087677002
1788893111808077300,9.721077392578126,-0.19553565979003906,0.5003137588500977,-1.6079716682434082
1788893111818098000,9.731097900390624,0.7339868545532227,0.1547231674194336,-1.617079734802246
1788893111828119300,9.741119384765625,1.5350265502929688,-0.14974403381347656,-1.4200425148010254
1788893111838141400,9.751141357421876,2.058382987976074,-0.3148689270019531,-1.0939006805419922
1788893111848164400,9.761164306640625,2.2498998641967773,-0.14658737182617188,-0.7886762619018555
1788893111858188000,9.77118798828125,2.0155277252197266,0.20236539840698242,-0.4679417610168457
1788893111868212200,9.781212158203125,1.3047809600830078,0.5133790969848633,-0.2388296127319336
1788893111878236700,9.791236572265625,0.2858095169067383,0.8431658744812012,0.050670623779296875
1788893111888261400,9.801261474609374,-0.6497902870178223,1.2922840118408203,0.0968332290649414
1788893111898286300,9.811286376953126,-1.3994150161743164,1.6579208374023438,0.04238080978393555
1788893111908311000,9.82131103515625,-2.0754218101501465,1.8607592582702637,-0.016201019287109375
1788893111918332200,9.831332275390626,-2.618673324584961,2.0452494621276855,-0.14925336837768555
1788893111928350700,9.841350830078126,-2.9651038646698,2.111546516418457,-0.2301769256591797
1788893111938369500,9.85136962890625,-3.0784952640533447,2.1739015579223633,-0.4069328308105469
1788893111948388600,9.861388671875,-3.07930064201355,2.197991371154785,-0.6962485313415527
1788893111958408200,9.871408203125,-3.1639065742492676,2.1158571243286133,-1.0565648078918457
1788893111968428000,9.881427978515624,-3.3626768589019775,2.0174436569213867,-1.4247264862060547
1788893111978448400,9.891448486328125,-3.4748103618621826,2.0927486419677734,-1.6271767616271973
1788893111988469000,9.901468994140625,-3.2989165782928467,2.2669758796691895,-2.138430118560791
1788893111998490400,9.911490478515624,-3.199291467666626,1.9732990264892578,-2.921964645385742
1788893112008512000,9.921511962890625,-2.7517597675323486,1.780468463897705,-3.697268009185791
1788893112018534100,9.9315341796875,-1.8382210731506348,1.8279681205749512,-4.314779281616211
1788893112028556500,9.941556640625,-0.7399415969848633,1.1794781684875488,-4.4682183265686035
1788893112038579500,9.951579345703125,0.24868106842041016,0.3510475158691406,-4.431699752807617
1788893112048602600,9.9616025390625,1.1376047134399414,-0.44127321243286133,-4.325272083282471
1788893112058625800,9.971625732421876,2.0017752647399902,-1.046332836151123,-4.187448501586914
1788893112068649200,9.981649169921875,2.7558183670043945,-1.417494773864746,-4.170114040374756
1788893112078677800,9.991677734375,3.321763515472412,-1.5612945556640625,-4.26911735534668
1788893112088694500,10.001694580078125,3.476923942565918,-1.4559273719787598,-4.482080936431885
1788893112098711000,10.0117109375,3.186403751373291,-1.1892166137695312,-4.64387845993042
1788893112108728300,10.021728271484376,2.8003201484680176,-0.9734992980957031,-4.629133224487305
1788893112118745900,10.031745849609376,2.2797980308532715,-0.8549933433532715,-4.436319828033447
1788893112128764200,10.04176416015625,1.7696685791015625,-0.9106354713439941,-4.326653003692627
1788893112138783000,10.051782958984376,1.331876277923584,-0.9841680526733398,-4.0211100578308105
1788893112148802800,10.061802734375,1.061570644378662,-1.0037875175476074,-3.324741840362549
1788893112158823400,10.071823486328125,0.9478940963745117,-1.003448486328125,-2.4921178817749023
1788893112168844800,10.0818447265625,0.9182014465332031,-0.8121504783630371,-1.3226795196533203
1788893112178867000,10.091866943359374,0.9074077606201172,-0.41455507278442383,-0.056307315826416016
1788893112188889900,10.101889892578125,0.8366818428039551,0.09920215606689453,1.015690803527832
1788893112198913300,10.111913330078124,0.6972856521606445,0.6535210609436035,1.8831291198730469
1788893112208937500,10.1219375,0.57427978515625,1.2197699546813965,2.573734760284424
1788893112218962000,10.1319619140625,0.3935556411743164,1.692258358001709,3.1197800636291504
1788893112228986400,10.141986328125,0.16251659393310547,2.0791687965393066,3.5117037296295166
1788893112239011300,10.15201123046875,-0.05869340896606445,2.282989501953125,3.8124916553497314
1788893112249035300,10.16203515625,-0.27235913276672363,2.471879005432129,3.9342405796051025
1788893112259056600,10.172056640625,-0.49957752227783203,2.490072250366211,4.0654096603393555
1788893112269075200,10.1820751953125,-0.5884006023406982,2.3839306831359863,4.159567356109619
1788893112279094000,10.192093994140626,-0.6635837554931641,2.2276406288146973,3.951856851577759
1788893112289113000,10.202113037109376,-0.795342206954956,2.045461654663086,3.154632329940796
1788893112299132400,10.21213232421875,-0.5811550617218018,1.7693243026733398,1.9053020477294922
1788893112309152300,10.22215234375,0.14554738998413086,1.2740631103515625,0.5079426765441895
1788893112319172600,10.232172607421875,1.127767562866211,0.5747714042663574,-0.9613423347473145
1788893112329193500,10.242193359375,2.2514193058013916,-0.37015199661254883,-2.012363910675049
1788893112339214600,10.252214599609376,3.5366971492767334,-1.8095097541809082,-2.7973709106445312
1788893112349236500,10.262236572265625,4.479765892028809,-2.8597164154052734,-2.5842480659484863
1788893112359258600,10.272258544921876,5.082590103149414,-3.277942180633545,-1.8385872840881348
1788893112369281000,10.282281005859375,5.3579792976379395,-3.0368857383728027,-1.253152847290039
1788893112379304000,10.292303955078125,5.173420429229736,-2.425607204437256,-0.948340892791748
1788893112389326800,10.302326904296875,4.411350727081299,-2.032163143157959,-1.0806365013122559
1788893112399350000,10.31235009765625,3.239994525909424,-1.455322265625,-1.2291269302368164
1788893112409373400,10.32237353515625,1.762934684753418,-0.8606972694396973,-1.133479118347168
1788893112419402200,10.33240234375,0.37549543380737305,-0.4127373695373535,-0.8313226699829102
1788893112429418800,10.342418701171875,-0.6341331005096436,0.045044898986816406,-0.4762701988220215
1788893112439435500,10.352435546875,-1.3311278820037842,0.4388461112976074,-0.1917896270751953
1788893112449452800,10.362452880859376,-1.8085358142852783,1.0831737518310547,0.2471027374267578
1788893112459470300,10.37247021484375,-2.1277034282684326,1.3710441589355469,0.4320049285888672
1788893112469488400,10.38248828125,-2.607661485671997,1.5972375869750977,0.8306646347045898
1788893112479507200,10.392507080078126,-2.855794906616211,2.038862705230713,1.3523950576782227
1788893112489527000,10.402527099609374,-2.828643321990967,2.5266313552856445,1.8238377571105957
1788893112499547600,10.412547607421875,-2.726871967315674,2.79107666015625,2.2535271644592285
1788893112509568800,10.42256884765625,-2.5680460929870605,2.9224061965942383,2.7262730598449707
1788893112519591000,10.4325908203125,-2.378549098968506,2.9873290061950684,3.211799144744873
1788893112529613800,10.44261376953125,-2.1697428226470947,3.0382347106933594,3.7517499923706055
1788893112539637200,10.45263720703125,-1.881740927696228,3.1086373329162598,4.138668537139893
1788893112549661400,10.462661376953125,-1.4809541702270508,3.221611976623535,4.041317939758301
1788893112559686000,10.472685791015625,-1.0282838344573975,3.240957736968994,3.531015634536743
1788893112569710600,10.482710693359374,-0.5342516899108887,3.0967583656311035,2.74656343460083
1788893112579735300,10.4927353515625,0.15227866172790527,2.718874454498291,1.7317934036254883
1788893112589759700,10.502759765625,0.9784414768218994,2.009519100189209,0.7932953834533691
1788893112599781000,10.512781005859376,1.8129253387451172,1.130636215209961,0.1165013313293457
1788893112609799700,10.522799560546876,2.6092920303344727,0.26171445846557617,-0.3415031433105469
1788893112619818500,10.532818603515626,3.382749319076538,-0.5286602973937988,-0.684321403503418
1788893112629837600,10.542837646484376,3.9805476665496826,-1.2114324569702148,-0.943943977355957
1788893112639857000,10.55285693359375,4.2256879806518555,-1.6368536949157715,-1.1751046180725098
1788893112649876700,10.562876708984374,3.9801032543182373,-1.9571080207824707,-1.3635296821594238
1788893112659897000,10.57289697265625,3.3650949001312256,-2.212672233581543,-1.8076095581054688
1788893112669918000,10.58291796875,2.726334810256958,-2.175906181335449,-2.0671439170837402
1788893112679939000,10.59293896484375,2.167750597000122,-2.164958953857422,-2.229125499725342
1788893112689961000,10.6029609375,1.622730016708374,-2.3535475730895996,-2.2536206245422363
1788893112699983000,10.612983154296876,1.1774566173553467,-2.651834487915039,-2.419240951538086
1788893112710005500,10.623005615234375,0.8350765705108643,-3.0192947387695312,-2.793386459350586
1788893112720028400,10.6330283203125,0.6199276447296143,-3.0367374420166016,-2.8034424781799316
1788893112730051300,10.64305126953125,0.6709749698638916,-3.2631382942199707,-3.136444091796875
1788893112740074500,10.653074462890626,0.7273552417755127,-3.142108917236328,-2.845973014831543
1788893112750098000,10.663097900390625,0.8232741355895996,-2.871337413787842,-2.352205276489258
1788893112760126700,10.673126708984375,0.8032217025756836,-2.56589412689209,-1.969161033630371
1788893112770143200,10.683143310546875,0.7914495468139648,-2.153597831726074,-1.488372802734375
1788893112780160000,10.693159912109374,0.6687588691711426,-1.638073444366455,-0.8454599380493164
1788893112790177300,10.70317724609375,0.3008847236633301,-1.0554866790771484,-0.12584352493286133
1788893112800194800,10.71319482421875,-0.21777820587158203,-0.42215776443481445,0.5742530822753906
1788893112810212900,10.723212890625,-0.7656004428863525,0.2073516845703125,1.2152109146118164
1788893112820231700,10.733231689453126,-1.308534860610962,0.801607608795166,1.790806770324707
1788893112830251500,10.74325146484375,-1.7838761806488037,1.371342658996582,2.2384538650512695
1788893112840272100,10.753272216796875,-2.2055299282073975,1.8643054962158203,2.6255011558532715
1788893112850293200,10.763293212890625,-2.6023943424224854,2.251333713531494,3.0195200443267822
1788893112860315400,10.7733154296875,-2.9318599700927734,2.5508742332458496,3.3015382289886475
1788893112870338300,10.78333837890625,-3.1807031631469727,2.756735324859619,3.4820990562438965
1788893112880361700,10.79336181640625,-3.360029935836792,2.857861042022705,3.5905213356018066
1788893112890386000,10.803385986328125,-3.3911192417144775,2.871426582336426,3.2976698875427246
1788893112900410400,10.813410400390625,-3.1554973125457764,2.784533977508545,2.403978109359741
1788893112910435000,10.82343505859375,-2.4810891151428223,2.5250167846679688,0.9738388061523438
1788893112920459800,10.833459716796876,-1.3625895977020264,1.9423317909240723,-0.4928884506225586
1788893112930484200,10.843484130859375,-0.23220324516296387,0.8921198844909668,-1.4140357971191406
1788893112940505600,10.853505615234376,1.1655986309051514,-0.4169182777404785,-2.542323112487793
1788893112950524200,10.863524169921876,2.8754303455352783,-1.7629523277282715,-3.298832416534424
1788893112960542700,10.873542724609376,4.369722843170166,-2.773186206817627,-3.399548053741455
1788893112970561800,10.883561767578126,5.236933708190918,-3.2830429077148438,-3.338947296142578
1788893112980581400,10.893581298828124,5.6002020835876465,-3.2173852920532227,-3.182828426361084
1788893112990601200,10.903601318359375,5.332059383392334,-3.107853412628174,-3.0756192207336426
1788893113000621300,10.913621337890625,4.708204746246338,-2.8212103843688965,-3.39345121383667
1788893113010642200,10.92364208984375,3.9281973838806152,-2.2627201080322266,-3.4121594429016113
1788893113020663600,10.93366357421875,2.873434066772461,-1.8238253593444824,-3.3305392265319824
1788893113030685200,10.943685302734375,1.6559743881225586,-1.4744253158569336,-2.9142465591430664
1788893113040707600,10.95370751953125,0.4699230194091797,-1.0053315162658691,-2.3593249320983887
1788893113050730000,10.96372998046875,-0.5702524185180664,-0.25772571563720703,-1.8469619750976562
1788893113060753000,10.9737529296875,-1.5642037391662598,-0.0443115234375,-1.9557743072509766
1788893113070776000,10.983776123046875,-2.5987532138824463,0.3453693389892578,-1.7807540893554688
1788893113080799200,10.99379931640625,-3.484651565551758,1.1252903938293457,-1.4015207290649414
1788893113090822700,11.00382275390625,-3.978954315185547,1.9693007469177246,-1.025743007659912
1788893113100851500,11.0138515625,-4.2365241050720215,2.604112148284912,-0.6561031341552734
1788893113110867700,11.02386767578125,-4.3976922035217285,3.115635871887207,-0.22034692764282227
1788893113120884200,11.03388427734375,-4.430229663848877,3.499022960662842,0.20940637588500977
1788893113130901000,11.04390087890625,-4.392587661743164,3.811387062072754,0.5655126571655273
1788893113140918500,11.05391845703125,-4.258122444152832,4.051984786987305,0.8793075084686279
1788893113150936300,11.063936279296875,-3.935060977935791,4.190427780151367,1.1284923553466797
1788893113160955100,11.073955078125,-3.5514800548553467,4.252779483795166,1.2733633518218994
1788893113170975000,11.08397509765625,-3.13938570022583,4.264553070068359,1.2660868167877197
1788893113180995300,11.093995361328124,-2.6693918704986572,4.22178840637207,1.0453517436981201
1788893113191016700,11.1040166015625,-2.1315791606903076,4.096248626708984,0.7276344299316406
1788893113201039000,11.1140390625,-1.5587882995605469,3.778752326965332,0.4677867889404297
1788893113211062000,11.12406201171875,-1.013275146484375,3.4141769409179688,-0.011085033416748047
1788893113221085700,11.134085693359374,-0.40598201751708984,2.922478199005127,-0.5945549011230469
1788893113231110000,11.14410986328125,0.28318357467651367,2.2858142852783203,-0.9831390380859375
1788893113241134600,11.154134521484375,0.9846594333648682,1.584752082824707,-1.1148371696472168
1788893113251159600,11.16415966796875,1.663280725479126,0.9266357421875,-1.1746253967285156
1788893113261184500,11.1741845703125,2.240175485610962,0.291445255279541,-1.3589177131652832
1788893113271208700,11.184208740234375,2.701115608215332,-0.26819419860839844,-1.4852228164672852
1788893113281230000,11.19422998046875,3.0365960597991943,-0.5814523696899414,-1.520738124847412
1788893113291251500,11.20425146484375,3.277808666229248,-0.6977581977844238,-1.612220287322998
1788893113301270000,11.21427001953125,3.2591373920440674,-0.7524023056030273,-1.6838030815124512
1788893113311288800,11.224288818359375,3.0265183448791504,-0.6227240562438965,-1.7415428161621094
1788893113321308000,11.234307861328125,2.685929298400879,-0.4797368049621582,-1.8489813804626465
1788893113331327200,11.2443271484375,2.287905216217041,-0.5234532356262207,-2.54708194732666
1788893113341347000,11.25434716796875,1.814432144165039,-0.6015963554382324,-3.326545238494873
1788893113351367400,11.264367431640625,1.5009393692016602,-0.8497333526611328,-3.724588394165039
1788893113361388300,11.27438818359375,1.3420581817626953,-1.1074061393737793,-3.929626941680908
1788893113371409400,11.284409423828125,1.3344841003417969,-1.2615795135498047,-4.0227274894714355
1788893113381431300,11.294431396484375,1.1935138702392578,-1.7442307472229004,-4.127241134643555
1788893113391453200,11.304453125,0.9273552894592285,-1.8801116943359375,-3.881603717803955
1788893113401475800,11.314475830078125,0.797116756439209,-1.6317839622497559,-3.082956314086914
1788893113411498800,11.324498779296874,0.9454150199890137,-1.3431692123413086,-2.264345645904541
1788893113421521700,11.334521728515625,0.9915361404418945,-1.0800857543945312,-1.2104496955871582
1788893113431544800,11.344544921875,0.820805549621582,-0.8279967308044434,-0.09038782119750977
1788893113441568300,11.354568359375,0.452484130859375,-0.42797327041625977,0.7733893394470215
1788893113451597000,11.36459716796875,0.033061981201171875,0.0436859130859375,1.4887442588806152
1788893113461613600,11.374613525390625,-0.38172101974487305,0.5113496780395508,2.082179307937622
1788893113471630600,11.384630615234375,-0.6749176979064941,0.9794759750366211,2.4757943153381348
1788893113481647600,11.394647705078125,-0.8987393379211426,1.4260210990905762,2.635775327682495
1788893113491665200,11.4046650390625,-1.1062064170837402,1.7503128051757812,2.6106600761413574
1788893113501683500,11.414683349609374,-1.1998310089111328,1.868767261505127,2.453248977661133
1788893113511702500,11.42470263671875,-1.2022976875305176,1.802140712738037,2.1400771141052246
1788893113521722000,11.43472216796875,-1.094881534576416,1.5750112533569336,1.666266918182373
1788893113531742700,11.44474267578125,-0.7951459884643555,1.2255182266235352,1.0872726440429688
1788893113541764000,11.45476416015625,-0.3413372039794922,0.7490897178649902,0.5818619728088379
1788893113551786200,11.4647861328125,0.34578752517700195,0.2669553756713867,-0.12337493896484375
1788893113561809200,11.47480908203125,1.1627388000488281,-0.22484540939331055,-0.8329081535339355
1788893113571832800,11.484832763671875,1.9750852584838867,-0.6527252197265625,-1.2516698837280273
1788893113581856800,11.494856689453124,2.523404598236084,-0.7889952659606934,-1.3711333274841309
1788893113591881200,11.504881103515626,2.8618040084838867,-0.7866668701171875,-1.6374492645263672
1788893113601906000,11.514906005859375,3.085986614227295,-0.6922087669372559,-1.8066606521606445
1788893113611930600,11.5249306640625,3.042642593383789,-0.47964906692504883,-1.7422213554382324
1788893113621954600,11.53495458984375,2.6518821716308594,-0.1263256072998047,-1.4603281021118164
1788893113631976000,11.544975830078124,1.909860610961914,0.14928436279296875,-1.2894096374511719
1788893113641994500,11.554994384765624,1.055863380432129,0.43924665451049805,-1.1734929084777832
1788893113652013300,11.565013427734375,0.09408092498779297,0.7626457214355469,-0.8874263763427734
1788893113662032400,11.575032470703125,-0.8926739692687988,1.1048846244812012,-0.4038729667663574
1788893113672052000,11.585052001953125,-1.7462491989135742,1.4081215858459473,0.036865234375
1788893113682071800,11.59507177734375,-2.4255294799804688,1.6354947090148926,0.3201746940612793
1788893113692092000,11.605091796875,-2.9391534328460693,1.7335214614868164,0.45102596282958984
1788893113702112800,11.61511279296875,-3.24299693107605,1.8681507110595703,0.530029296875
1788893113712134100,11.625134033203125,-3.370272397994995,2.162219524383545,0.6888504028320312
1788893113722155800,11.63515576171875,-3.2787716388702393,2.2890853881835938,0.7748737335205078
1788893113732178000,11.645177978515624,-2.9326300621032715,2.2318453788757324,0.8975205421447754
1788893113742200300,11.655200439453125,-2.4323947429656982,2.044142723083496,1.1252872943878174
1788893113752223200,11.66522314453125,-1.8942322731018066,1.6791372299194336,1.4865970611572266
1788893113762246400,11.675246337890625,-1.327476978302002,1.3686466217041016,1.6234982013702393
1788893113772269600,11.68526953125,-0.6746020317077637,1.132948398590088,1.615138053894043
1788893113782292700,11.695292724609375,-0.028692245483398438,0.8911795616149902,1.6543383598327637
1788893113792321500,11.705321533203126,0.4326443672180176,0.6119909286499023,1.7812631130218506
1788893113802338300,11.71533837890625,0.7295184135437012,0.427858829498291,1.9650657176971436
1788893113812355000,11.72535498046875,0.8126091957092285,0.33791494369506836,2.129014730453491
1788893113822372000,11.7353720703125,0.7063784599304199,0.32811450958251953,2.1732661724090576
1788893113832390000,11.745389892578125,0.4538917541503906,0.3223891258239746,2.0884220600128174
1788893113842408000,11.755407958984375,0.22964239120483398,0.31722402572631836,1.7956020832061768
1788893113852427000,11.765427001953125,0.15985822677612305,0.27942371368408203,1.360745906829834
1788893113862446800,11.77544677734375,0.24687957763671875,0.20329856872558594,1.0665302276611328
1788893113872467200,11.78546728515625,0.3033127784729004,0.07912826538085938,1.0899853706359863
1788893113882488800,11.79548876953125,0.4635896682739258,-0.1545400619506836,0.6189231872558594
1788893113892511000,11.805510986328125,0.7647171020507812,-0.36536741256713867,-0.0013709068298339844
1788893113902534000,11.815533935546876,0.9249639511108398,-0.7484116554260254,-0.22326040267944336
1788893113912557300,11.825557373046875,0.9116759300231934,-1.2374353408813477,-0.6501016616821289
1788893113922581500,11.83558154296875,0.7564530372619629,-1.6575045585632324,-1.2731919288635254
1788893113932606000,11.84560595703125,0.6113619804382324,-1.9463167190551758,-2.093376636505127
1788893113942630400,11.85563037109375,0.6350555419921875,-2.1652026176452637,-2.943559169769287
1788893113952655400,11.8656552734375,0.8000516891479492,-2.3551225662231445,-3.352062702178955
1788893113962679300,11.87567919921875,0.9275352954864502,-2.5817313194274902,-3.5658645629882812
1788893113972700700,11.88570068359375,1.081482172012329,-2.830167293548584,-3.668672561645508
1788893113982719200,11.89571923828125,1.2929086685180664,-2.9860944747924805,-3.437042236328125
1788893113992738000,11.905738037109375,1.53251314163208,-3.000783920288086,-2.805974006652832
1788893114002757000,11.915757080078125,1.6731014251708984,-2.810230255126953,-1.9538297653198242
1788893114012776400,11.9257763671875,1.573500156402588,-2.441864013671875,-1.0485191345214844
1788893114022796300,11.93579638671875,1.1596951484680176,-2.0002050399780273,-0.10892915725708008
1788893114032816600,11.945816650390626,0.5779714584350586,-1.5036911964416504,0.8033695220947266
1788893114042837200,11.955837158203124,0.039478302001953125,-0.9662647247314453,1.5498766899108887
1788893114052858600,11.965858642578125,-0.3852205276489258,-0.49358272552490234,2.1405062675476074
1788893114062880300,11.97588037109375,-0.6982316970825195,-0.1486377716064453,2.532658100128174
1788893114072902400,11.98590234375,-0.9228997230529785,0.07674360275268555,2.683358669281006
1788893114082925000,11.995925048828125,-1.0219924449920654,0.18057680130004883,2.6068825721740723
1788893114092947700,12.00594775390625,-0.9768459796905518,0.10797595977783203,2.399355411529541
1788893114102971000,12.015970947265625,-0.752539873123169,-0.1576976776123047,2.095585346221924
1788893114112994000,12.025994140625,-0.49056220054626465,-0.5171465873718262,1.6742730140686035
1788893114123017500,12.036017578125,-0.22164463996887207,-0.9713573455810547,0.8944168090820312
1788893114133046300,12.04604638671875,0.03737807273864746,-1.5105156898498535,-0.21821928024291992
1788893114143062800,12.056062744140625,0.2158660888671875,-1.985365390777588,-1.1426219940185547
1788893114153079600,12.06607958984375,0.31027984619140625,-2.370572566986084,-1.7440752983093262
1788893114163096800,12.076096923828125,0.2804293632507324,-2.55845308303833,-2.055800437927246
1788893114173114400,12.0861142578125,0.20080161094665527,-2.6093673706054688,-2.323148727416992
1788893114183132700,12.096132568359375,0.09104180335998535,-2.5321812629699707,-2.530515193939209
1788893114193151500,12.1061513671875,-0.0871286392211914,-2.3935718536376953,-2.571227550506592
1788893114203171300,12.11617138671875,-0.3670041561126709,-2.111690044403076,-2.439149856567383
1788893114213192000,12.12619189453125,-0.6866543292999268,-1.622042179107666,-2.1728382110595703
1788893114223213300,12.13621337890625,-0.9882757663726807,-1.0226306915283203,-1.7242546081542969
1788893114233235500,12.1462353515625,-1.252626895904541,-0.3592648506164551,-1.2886238098144531
1788893114243258400,12.15625830078125,-1.4576609134674072,0.3068108558654785,-0.8076629638671875
1788893114253282000,12.166281982421875,-1.6534018516540527,0.9324069023132324,-0.31807470321655273
1788893114263306000,12.176305908203124,-1.763364315032959,1.5114717483520508,0.13805103302001953
1788893114273330400,12.186330322265626,-1.8364546298980713,1.9893989562988281,0.628537654876709
1788893114283355100,12.196355224609375,-1.8933253288269043,2.3881473541259766,1.0916385650634766
1788893114293379800,12.2063798828125,-1.9600520133972168,2.7442145347595215,1.4459261894226074
1788893114303403800,12.21640380859375,-1.9772800207138062,3.0553126335144043,1.7297711372375488
1788893114313425200,12.226425048828125,-1.9430735111236572,3.319187641143799,1.933875560760498
1788893114323443700,12.236443603515625,-1.814194917678833,3.556955337524414,2.0393195152282715
1788893114333462500,12.246462646484375,-1.628342866897583,3.77569580078125,2.103966236114502
1788893114343481600,12.256481689453125,-1.4035757780075073,3.9440255165100098,2.0862174034118652
1788893114353501000,12.2665009765625,-1.0910327434539795,4.039741039276123,1.9838075637817383
1788893114363520800,12.276520751953125,-0.7759222984313965,4.0029144287109375,1.8659882545471191
1788893114373541000,12.286541015625,-0.5143377780914307,3.774196147918701,1.8209023475646973
1788893114383562000,12.29656201171875,-0.26595139503479004,3.601167678833008,1.53922700881958
1788893114393583000,12.3065830078125,0.005246639251708984,3.314680576324463,0.9473366737365723
1788893114403605000,12.31660498046875,0.24733209609985352,2.8698744773864746,0.2720928192138672
1788893114413627100,12.326627197265625,0.5102577209472656,2.356590747833252,-0.3297843933105469
1788893114423649500,12.3366494140625,0.7539756298065186,1.8373007774353027,-0.8996362686157227
1788893114433672400,12.34667236328125,1.0948905944824219,1.3131542205810547,-1.5506176948547363
1788893114443695400,12.3566953125,1.4468789100646973,0.668907642364502,-2.0258493423461914
1788893114453718800,12.36671875,1.735752820968628,-0.030046939849853516,-2.234853744506836
1788893114463742000,12.376741943359375,1.817716360092163,-0.726747989654541,-2.4745497703552246
1788893114473770800,12.386770751953126,1.7375781536102295,-1.1786932945251465,-3.019932270050049
1788893114483787500,12.39678759765625,1.5958235263824463,-1.2555170059204102,-3.5348057746887207
1788893114493804300,12.40680419921875,1.4270007610321045,-1.2012825012207031,-3.7621169090270996
1788893114503821300,12.4168212890625,1.2751638889312744,-1.3484411239624023,-4.191451072692871
1788893114513839000,12.426839111328125,1.2057292461395264,-1.5001029968261719,-4.598049640655518
1788893114523857200,12.436857177734375,0.9793767929077148,-1.628305435180664,-4.0604376792907715
1788893114533876200,12.446876220703125,0.6929192543029785,-1.8824186325073242,-3.9341492652893066
1788893114543895800,12.456895751953125,0.5151638984680176,-1.9719386100769043,-4.027832508087158
1788893114553916400,12.46691650390625,0.5244846343994141,-1.649724006652832,-3.905035972595215
1788893114563937800,12.476937744140624,0.37906312942504883,-1.7959856986999512,-3.855440616607666
1788893114573960200,12.486960205078125,0.02839040756225586,-1.6552090644836426,-3.3449196815490723
1788893114583983000,12.496983154296874,-0.021480560302734375,-1.293309211730957,-2.7860846519470215
1788893114594006500,12.507006591796875,0.25719308853149414,-0.9924817085266113,-2.2638845443725586
1788893114604030700,12.51703076171875,0.5223960876464844,-0.6418094635009766,-1.3891777992248535
1788893114614055000,12.527054931640626,0.6283125877380371,-0.30565786361694336,-0.41753149032592773
1788893114624079600,12.53707958984375,0.5643539428710938,0.08526754379272461,0.4498763084411621
1788893114634104300,12.547104248046875,0.268435001373291,0.523531436920166,1.2665910720825195
1788893114644128500,12.55712841796875,-0.22110986709594727,0.9600439071655273,1.955648422241211
1788893114654149600,12.567149658203125,-0.7716939449310303,1.4312195777893066,2.459231376647949
1788893114664168200,12.577168212890625,-1.1946797370910645,1.9244990348815918,2.7249510288238525
1788893114674187000,12.58718701171875,-1.5847854614257812,2.3545737266540527,3.1259655952453613
1788893114684206000,12.5972060546875,-1.9371418952941895,2.6070327758789062,3.4993557929992676
1788893114694225700,12.6072255859375,-2.2657315731048584,2.8250904083251953,3.501758098602295
1788893114704245500,12.61724560546875,-2.4321341514587402,2.958705425262451,3.193424940109253
1788893114714265900,12.627265869140626,-2.394073486328125,3.01890230178833,2.764368772506714
1788893114724286500,12.637286376953124,-2.076559066772461,2.867494583129883,2.1803488731384277
1788893114734307800,12.647307861328125,-1.3884341716766357,2.476374626159668,1.4197540283203125
1788893114744329500,12.65732958984375,-0.5162951946258545,1.8042593002319336,0.48351335525512695
1788893114754351600,12.6673515625,0.6096539497375488,0.8113613128662109,-1.045536994934082
1788893114764374300,12.677374267578125,1.6997082233428955,-0.5368695259094238,-2.5857625007629395
1788893114774397000,12.68739697265625,2.5992252826690674,-1.8935508728027344,-3.128312110900879
1788893114784420000,12.697420166015625,3.3216848373413086,-2.8550586700439453,-3.0225067138671875
1788893114794443300,12.707443359375,3.7361981868743896,-3.186096668243408,-2.9935035705566406
1788893114804466700,12.717466796875,3.9667489528656006,-2.913701057434082,-3.213202476501465
1788893114814495200,12.7274951171875,3.8061814308166504,-2.241755962371826,-3.192559242248535
1788893114824512000,12.737511962890625,3.3474581241607666,-1.6979284286499023,-3.2311129570007324
1788893114834528800,12.74752880859375,2.788170337677002,-0.9431524276733398,-3.0221548080444336
1788893114844546000,12.757546142578125,1.9637269973754883,-0.34767818450927734,-2.622990608215332
1788893114854563600,12.7675634765625,0.9934413433074951,0.16823959350585938,-2.0734100341796875
1788893114864582000,12.777581787109375,-0.009881734848022461,0.6250677108764648,-1.5028305053710938
1788893114874600700,12.7876005859375,-0.6772716045379639,1.1568851470947266,-0.9207267761230469
1788893114884620500,12.79762060546875,-1.1289509534835815,1.376396656036377,-0.04536008834838867
1788893114894641200,12.80764111328125,-1.475294589996338,1.6935276985168457,0.9324522018432617
1788893114904662500,12.81766259765625,-1.6044034957885742,2.132211208343506,1.5201101303100586
1788893114914684700,12.8276845703125,-1.4989722967147827,2.5143866539001465,2.195432186126709
1788893114924707600,12.83770751953125,-1.3320809602737427,2.633995532989502,2.874408721923828
1788893114934731000,12.84773095703125,-1.0801689624786377,2.6926608085632324,3.5298891067504883
1788893114944755200,12.857755126953125,-0.7428845167160034,2.733839988708496,3.963629722595215
1788893114954779600,12.867779541015626,-0.4436659812927246,2.652294635772705,4.2082624435424805
1788893114964804400,12.877804443359375,-0.10956215858459473,2.4384331703186035,4.30650520324707
1788893114974829000,12.8878291015625,0.23656797409057617,2.2494254112243652,4.368597030639648
1788893114984853000,12.89785302734375,0.5419412851333618,2.113074779510498,4.35169792175293
1788893114994874400,12.907874267578125,0.8063884973526001,1.812544345855713,4.133114814758301
1788893115004893000,12.917892822265625,1.0040334463119507,1.5043320655822754,3.881458282470703
1788893115014911700,12.927911865234375,1.1864135265350342,1.2540531158447266,3.6597983837127686
1788893115024930800,12.937930908203125,1.351203441619873,0.9178781509399414,3.3633358478546143
1788893115034950100,12.9479501953125,1.3985176086425781,0.4317450523376465,3.1284828186035156
1788893115044970000,12.957969970703125,1.3326478004455566,-0.20401763916015625,2.826536178588867
1788893115054990300,12.967990234375,1.1997816562652588,-0.8457093238830566,2.295584201812744
1788893115065011200,12.97801123046875,0.975145697593689,-1.270289421081543,1.4136362075805664
1788893115075032300,12.9880322265625,0.8749808073043823,-1.4949965476989746,0.2413167953491211
1788893115085054200,12.99805419921875,0.8916527032852173,-1.9249753952026367,-1.116373062133789
1788893115095076400,13.008076416015625,0.9428626298904419,-2.405099868774414,-2.344282627105713
1788893115105098800,13.0180986328125,0.9067057371139526,-2.9131240844726562,-3.109560489654541
1788893115115121700,13.02812158203125,0.7024325132369995,-3.431522846221924,-3.514760971069336
1788893115125144600,13.03814453125,0.407336950302124,-3.8174209594726562,-3.5765066146850586
1788893115135167700,13.048167724609375,0.2506070137023926,-3.785081386566162,-3.742243766784668
1788893115145191200,13.058191162109376,0.27271533012390137,-3.715977668762207,-4.075225830078125
1788893115155220000,13.068219970703124,0.34595561027526855,-3.702136516571045,-4.134432792663574
1788893115165236500,13.078236572265626,0.3492569923400879,-3.6506128311157227,-4.003956317901611
1788893115175253200,13.088253173828125,0.22158145904541016,-3.5071797370910645,-3.858966827392578
1788893115185270300,13.098270263671875,0.12041163444519043,-3.1853408813476562,-3.620840549468994
1788893115195288000,13.1082880859375,-0.0033609867095947266,-2.7526912689208984,-3.098928451538086
1788893115205306000,13.11830615234375,-0.2616236209869385,-2.323853015899658,-2.4546432495117188
1788893115215325200,13.1283251953125,-0.65720534324646,-1.8110485076904297,-1.7302203178405762
1788893115225345000,13.138344970703125,-1.1435763835906982,-1.303889274597168,-0.9492149353027344
1788893115235365400,13.148365478515625,-1.6472234725952148,-0.7664656639099121,-0.2033557891845703
1788893115245387000,13.158386962890624,-2.1386547088623047,-0.22305631637573242,0.5189085006713867
1788893115255409200,13.1684091796875,-2.5613107681274414,0.2838311195373535,1.1891841888427734
1788893115265432000,13.17843212890625,-2.912947654724121,0.7408661842346191,1.763265609741211
1788893115275455500,13.18845556640625,-3.2165277004241943,1.0625553131103516,2.2251181602478027
1788893115285479700,13.198479736328125,-3.418889284133911,1.3314781188964844,2.5721287727355957
1788893115295504100,13.208504150390626,-3.4901130199432373,1.4627456665039062,2.7924909591674805
1788893115305528600,13.218528564453125,-3.452481269836426,1.481471061706543,2.7409324645996094
1788893115315553500,13.228553466796875,-3.212005138397217,1.3019142150878906,2.1953611373901367
1788893115325577500,13.238577392578126,-2.6665329933166504,1.0459966659545898,1.2177820205688477
1788893115335598800,13.248598876953125,-1.9626095294952393,0.719365119934082,-0.09059286117553711
1788893115345617400,13.258617431640625,-1.0116183757781982,0.2883014678955078,-1.5294733047485352
1788893115355636200,13.26863623046875,0.11044549942016602,-0.45538902282714844,-2.7229514122009277
1788893115365655300,13.2786552734375,1.2475900650024414,-1.1372098922729492,-3.5024847984313965
1788893115375674600,13.288674560546875,2.0975613594055176,-1.6238951683044434,-3.676093101501465
1788893115385694500,13.298694580078125,2.4901163578033447,-1.9431777000427246,-3.487168788909912
1788893115395714800,13.30871484375,2.5702524185180664,-2.045320510864258,-3.207763195037842
1788893115405735700,13.318735595703124,2.2554922103881836,-2.095533847808838,-3.048203468322754
1788893115415756800,13.3287568359375,1.704545497894287,-2.074284076690674,-3.2394227981567383
1788893115425778700,13.33877880859375,1.0773167610168457,-1.778531551361084,-3.048612117767334
1788893115435800800,13.34880078125,0.2572145462036133,-1.512648105621338,-2.615654468536377
1788893115445823200,13.3588232421875,-0.616912841796875,-1.2418723106384277,-2.2597784996032715
1788893115455846100,13.36884619140625,-1.401193380355835,-1.0386571884155273,-1.9581718444824219
1788893115465869000,13.378869140625,-2.1000566482543945,-0.8497052192687988,-1.704139232635498
1788893115475892200,13.388892333984375,-2.733785629272461,-0.5257291793823242,-1.3771467208862305
1788893115485915600,13.39891552734375,-3.2043402194976807,-0.0025534629821777344,-0.9011507034301758
1788893115495944400,13.4089443359375,-3.3824026584625244,0.5647149085998535,-0.6461234092712402
1788893115505961000,13.4189609375,-3.6194729804992676,0.43250370025634766,-0.6438632011413574
1788893115515977700,13.428977783203125,-3.928069829940796,0.6411833763122559,-0.5448484420776367
1788893115525995000,13.4389951171875,-4.075169563293457,1.3467073440551758,-0.31012630462646484
1788893115536012500,13.449012451171875,-4.102269649505615,1.639634132385254,0.16407012939453125
1788893115546030800,13.45903076171875,-4.026181697845459,1.759995460510254,0.679811954498291
1788893115556049700,13.469049560546875,-4.002941608428955,1.9040412902832031,1.0245132446289062
1788893115566069500,13.479069580078125,-4.020005226135254,2.0625486373901367,1.2396020889282227
1788893115576090000,13.489090087890625,-3.9638524055480957,2.259458065032959,1.4244842529296875
1788893115586111500,13.499111572265624,-3.8261938095092773,2.4413862228393555,1.5454163551330566
1788893115596133600,13.509133544921875,-3.607962131500244,2.602494716644287,1.4738507270812988
1788893115606156500,13.519156494140624,-3.3341612815856934,2.7074837684631348,1.125190258026123
1788893115616180000,13.529179931640625,-2.8903346061706543,2.7252302169799805,0.7365541458129883
1788893115626204200,13.5392041015625,-2.440945863723755,2.652797222137451,0.30002307891845703
1788893115636228600,13.549228515625,-2.0422563552856445,2.4447083473205566,-0.02249908447265625
1788893115646253300,13.55925341796875,-1.5567126274108887,2.1999993324279785,-0.6597366333007812
1788893115656278000,13.569278076171875,-0.9709863662719727,1.8889827728271484,-1.5664215087890625
1788893115666302000,13.579302001953126,-0.30584287643432617,1.4440312385559082,-2.191549777984619
1788893115676323300,13.5893232421875,0.45633411407470703,0.9198999404907227,-2.6136350631713867
1788893115686342000,13.599341796875,1.1535844802856445,0.5156669616699219,-2.9534878730773926
1788893115696360700,13.609360595703125,1.6690797805786133,0.1724400520324707,-3.093207359313965
1788893115706379800,13.6193798828125,1.9423537254333496,-0.0820779800415039,-3.0851149559020996
1788893115716399000,13.629399169921875,2.0745506286621094,-0.16315460205078125,-3.306727409362793
1788893115726419000,13.6394189453125,2.126763343811035,-0.16122674942016602,-3.941952705383301
1788893115736439300,13.649439208984376,1.9543461799621582,-0.23093271255493164,-4.599081993103027
1788893115746460200,13.659460205078124,1.6339082717895508,-0.4531688690185547,-5.101847171783447
1788893115756481300,13.669481201171875,1.3885836601257324,-0.7360143661499023,-5.419401168823242
1788893115766503200,13.679503173828126,1.2135844230651855,-1.0694446563720703,-5.41881799697876
1788893115776525300,13.689525390625,1.1159982681274414,-1.2811923027038574,-5.108815670013428
1788893115786547700,13.699547607421875,1.0772418975830078,-1.351470947265625,-4.391083717346191
1788893115796570600,13.709570556640625,1.0149874687194824,-1.2168374061584473,-3.399301528930664
1788893115806593500,13.719593505859375,0.9009456634521484,-0.8723044395446777,-2.293092727661133
1788893115816616700,13.72961669921875,0.4939999580383301,-0.46586036682128906,-1.0236015319824219
1788893115826640100,13.73964013671875,-0.10346317291259766,-0.024823665618896484,0.060199737548828125
1788893115836669000,13.7496689453125,-0.6236438751220703,0.3941936492919922,0.8144049644470215
1788893115846685400,13.759685546875,-1.061953067779541,0.786567211151123,1.5160083770751953
1788893115856702200,13.7697021484375,-1.5096180438995361,1.162684440612793,2.2442078590393066
1788893115866719200,13.77971923828125,-1.9936292171478271,1.5137009620666504,2.9942786693573
1788893115876736800,13.78973681640625,-2.2744829654693604,1.7915797233581543,3.67083477973938
1788893115886755000,13.799755126953125,-2.4170942306518555,1.9434585571289062,4.285587787628174
1788893115896774100,13.809774169921875,-2.483353853225708,1.973036289215088,4.628562927246094
1788893115906793700,13.819793701171875,-2.4917845726013184,2.012040138244629,4.815797805786133
1788893115916814300,13.829814453125,-2.3240652084350586,1.9812355041503906,4.761540412902832
1788893115926835700,13.839835693359374,-1.8943026065826416,1.857137680053711,4.078868865966797
1788893115936857900,13.84985791015625,-1.1897380352020264,1.618382453918457,2.8639073371887207
1788893115946880800,13.859880859375,-0.398021936416626,1.1322588920593262,1.404141902923584
1788893115956904400,13.869904541015625,0.38165998458862305,0.3103766441345215,0.14634370803833008
1788893115966928400,13.879928466796875,1.3504962921142578,-0.7985754013061523,-1.0781850814819336
1788893115976952800,13.889952880859376,2.5486834049224854,-1.8314189910888672,-1.8452930450439453
1788893115986977500,13.8999775390625,3.7105112075805664,-2.5918631553649902,-2.0668258666992188
1788893115997002200,13.910002197265625,4.419816970825195,-3.087094783782959,-2.1994943618774414
1788893116007026400,13.9200263671875,4.7555060386657715,-2.9650721549987793,-2.2643837928771973
1788893116017047600,13.930047607421875,4.80320930480957,-2.330923557281494,-2.023810863494873
1788893116027066000,13.940066162109375,4.289295196533203,-1.7667336463928223,-1.956303596496582
1788893116037085000,13.9500849609375,3.5819201469421387,-1.4088821411132812,-2.3785781860351562
1788893116047104000,13.96010400390625,2.8914332389831543,-0.7504167556762695,-2.300534248352051
1788893116057123600,13.97012353515625,1.7459120750427246,-0.5569829940795898,-1.6572680473327637
1788893116067143400,13.980143310546875,0.2257251739501953,-0.3379344940185547,-0.9385809898376465
1788893116077163800,13.990163818359376,-0.9542746543884277,-0.29071855545043945,-0.5994853973388672
1788893116087184400,14.000184326171874,-1.9975693225860596,-0.6178841590881348,-0.8229160308837891
1788893116097205800,14.010205810546875,-3.001368284225464,-0.7617912292480469,-0.8601474761962891
1788893116107227400,14.020227294921876,-3.8674330711364746,-0.7541561126708984,-0.575312614440918
1788893116117249500,14.03024951171875,-4.474152565002441,-0.44210100173950195,-0.20403385162353516
1788893116127272000,14.04027197265625,-4.644102573394775,0.18997669219970703,0.28776121139526367
1788893116137294800,14.050294921875,-4.397875785827637,0.6940116882324219,0.6646232604980469
1788893116147318000,14.060318115234375,-4.081260681152344,0.8165426254272461,1.084414005279541
1788893116157341200,14.070341064453125,-3.8245694637298584,0.7871475219726562,1.5132503509521484
1788893116167364600,14.080364501953126,-3.44708251953125,0.7344427108764648,1.6741766929626465
1788893116177393200,14.09039306640625,-2.8609390258789062,0.7176241874694824,1.4483122825622559
1788893116187410000,14.100409912109376,-2.353236198425293,0.6137514114379883,1.383634090423584
1788893116197426400,14.110426513671875,-2.003901720046997,0.5259170532226562,1.3340821266174316
1788893116207443700,14.120443603515625,-1.6790504455566406,0.5765523910522461,1.0235371589660645
1788893116217461200,14.130461181640625,-1.2091717720031738,0.7057147026062012,0.619537353515625
1788893116227479600,14.1404794921875,-0.8103361129760742,0.7639579772949219,0.3231821060180664
1788893116237498400,14.150498291015625,-0.45322656631469727,0.7195329666137695,0.056826114654541016
1788893116247518200,14.160518310546875,-0.17961454391479492,0.6506519317626953,-0.40946197509765625
1788893116257538800,14.170538818359375,-0.015414237976074219,0.4869527816772461,-1.1781549453735352
1788893116267560200,14.180560302734374,0.2435922622680664,0.1715693473815918,-1.980515956878662
1788893116277582300,14.190582275390625,0.7392215728759766,-0.17519760131835938,-2.543336868286133
1788893116287605200,14.200605224609374,1.2664399147033691,-0.5100803375244141,-2.869194507598877
1788893116297628700,14.210628662109375,1.6905875205993652,-0.6796298027038574,-2.987743854522705
1788893116307652900,14.22065283203125,2.0268239974975586,-0.7725434303283691,-3.0055909156799316
1788893116317677300,14.23067724609375,2.338338851928711,-0.753563404083252,-2.9236059188842773
1788893116327702000,14.240701904296875,2.40169620513916,-0.802818775177002,-2.766335964202881
1788893116337726700,14.250726806640625,2.1674017906188965,-0.812868595123291,-2.5579347610473633
1788893116347750700,14.260750732421876,1.7305078506469727,-0.6533694267272949,-2.283207416534424
1788893116357772000,14.27077197265625,1.1956348419189453,-0.41435766220092773,-1.788137435913086
1788893116367790600,14.28079052734375,0.7304859161376953,-0.17641973495483398,-1.1856098175048828
1788893116377809400,14.290809326171875,0.3121671676635742,0.12726163864135742,-0.6109213829040527
1788893116387828500,14.300828369140625,-0.1751694679260254,0.41876840591430664,-0.06089496612548828
1788893116397847800,14.310847900390625,-0.6629598140716553,0.7543563842773438,0.3992633819580078
1788893116407867600,14.32086767578125,-1.0933210849761963,1.079507827758789,0.7474761009216309
1788893116417888000,14.330887939453126,-1.409989356994629,1.3443059921264648,1.094799518585205
1788893116427908900,14.340908935546874,-1.5521152019500732,1.5952415466308594,1.4749736785888672
1788893116437930000,14.350929931640625,-1.6070501804351807,1.8119158744812012,1.8356266021728516
1788893116447952000,14.360951904296876,-1.5953197479248047,1.9841289520263672,2.1382293701171875
1788893116457973800,14.370973876953125,-1.5099434852600098,2.0440921783447266,2.219757556915283
1788893116467996400,14.380996337890625,-1.2791533470153809,2.037651538848877,2.056056499481201
1788893116478019000,14.39101904296875,-0.923269510269165,1.9755020141601562,1.5237045288085938
1788893116488042200,14.401042236328125,-0.45154690742492676,1.7767844200134277,0.8309087753295898
1788893116498065400,14.4110654296875,0.017980337142944336,1.3612265586853027,0.262148380279541
1788893116508088800,14.4210888671875,0.404329776763916,0.7981595993041992,-0.2684950828552246
1788893116518117600,14.43111767578125,0.6335921287536621,0.2731151580810547,-0.892643928527832
1788893116528134100,14.441134033203125,0.9420273303985596,-0.20489168167114258,-1.5658903121948242
1788893116538151000,14.45115087890625,1.3158068656921387,-0.5440106391906738,-1.995528221130371
1788893116548168000,14.46116796875,1.5974915027618408,-0.8396615982055664,-2.1203408241271973
1788893116558185500,14.471185546875,1.616978406906128,-1.155989170074463,-2.353567600250244
1788893116568203800,14.481203857421875,1.5320930480957031,-1.21370267868042,-2.5943875312805176
1788893116578222800,14.491222900390625,1.4023475646972656,-1.0456066131591797,-2.4820666313171387
1788893116588242400,14.501242431640625,1.2073922157287598,-0.8182997703552246,-2.238072395324707
1788893116598263000,14.511262939453125,1.0290193557739258,-0.6178479194641113,-2.042525291442871
1788893116608284400,14.521284423828124,0.7106904983520508,-0.47145748138427734,-1.8228058815002441
1788893116618306600,14.531306640625,0.24720478057861328,-0.3941817283630371,-1.538492202758789
1788893116628329500,14.54132958984375,-0.3805055618286133,-0.3452796936035156,-1.3127326965332031
1788893116638353200,14.551353271484375,-0.9949564933776855,-0.25566959381103516,-1.036834716796875
1788893116648377000,14.561377197265625,-1.4721839427947998,-0.07045459747314453,-0.693873405456543
1788893116658401500,14.571401611328126,-1.8562679290771484,0.04507255554199219,-0.48221397399902344
1788893116668426200,14.58142626953125,-2.139129877090454,0.2375025749206543,-0.2858157157897949
1788893116678451000,14.591450927734375,-2.3370509147644043,0.500999927520752,-0.12863636016845703
1788893116688475000,14.601474853515626,-2.4517524242401123,0.7582097053527832,0.04169797897338867
1788893116698496300,14.611496337890625,-2.4903533458709717,0.9989209175109863,0.20027637481689453
1788893116708514800,14.621514892578125,-2.3983402252197266,1.1603283882141113,0.2931532859802246
1788893116718533600,14.63153369140625,-2.1875462532043457,1.2555880546569824,0.33437252044677734
1788893116728552700,14.641552734375,-1.9264194965362549,1.2451581954956055,0.26694345474243164
1788893116738572300,14.651572265625,-1.6637959480285645,1.1948423385620117,0.10102558135986328
1788893116748592000,14.661592041015625,-1.301074743270874,1.1078615188598633,-0.13442325592041016
1788893116758612200,14.6716123046875,-0.8801231384277344,0.9679088592529297,-0.4496316909790039
1788893116768633000,14.681633056640624,-0.4196629524230957,0.815880298614502,-0.788322925567627
1788893116778654500,14.691654541015625,0.024164676666259766,0.6170177459716797,-1.2281818389892578
1788893116788676000,14.701676025390626,0.4141998291015625,0.39925146102905273,-1.4795136451721191
1788893116798698200,14.7116982421875,0.7694435119628906,0.23931074142456055,-1.6134743690490723
1788893116808720600,14.721720703125,1.1252012252807617,0.15853357315063477,-1.6202549934387207
1788893116818743600,14.73174365234375,1.3998661041259766,0.09152650833129883,-1.6644091606140137
1788893116828766700,14.7417666015625,1.515190601348877,0.0353846549987793,-1.5832877159118652
1788893116838790000,14.751789794921875,1.4100732803344727,-0.011461734771728516,-1.4192581176757812
1788893116848813000,14.76181298828125,1.0634570121765137,0.07314538955688477,-1.3130478858947754
1788893116858841900,14.771841796875,0.562716007232666,0.22924327850341797,-1.2766919136047363
1788893116868858400,14.7818583984375,0.041237831115722656,0.40506696701049805,-1.3075571060180664
1788893116878875100,14.791875244140625,-0.38236093521118164,0.5538544654846191,-1.1785717010498047
1788893116888892200,14.80189208984375,-0.7711787223815918,0.6709132194519043,-0.9296817779541016
1788893116898909700,14.81190966796875,-1.1568341255187988,0.7651100158691406,-0.7594232559204102
1788893116908927700,14.821927734375,-1.4094281196594238,0.8732566833496094,-0.5509014129638672
1788893116918946800,14.83194677734375,-1.6148812770843506,0.955838680267334,-0.2599620819091797
1788893116928966400,14.84196630859375,-1.745396614074707,0.9929103851318359,0.0843510627746582
1788893116938987000,14.851987060546875,-1.802478551864624,1.0936875343322754,0.4093437194824219
1788893116949008400,14.86200830078125,-1.8016088008880615,1.1521539688110352,0.6570272445678711
1788893116959030500,14.872030517578125,-1.7728536128997803,1.1536035537719727,0.8502106666564941
1788893116969053200,14.88205322265625,-1.6477138996124268,1.1067042350769043,0.9296283721923828
1788893116979076900,14.892076904296875,-1.425694227218628,1.0342960357666016,0.8835844993591309
1788893116989100800,14.902100830078124,-1.120941162109375,0.9300875663757324,0.7486772537231445
1788893116999125200,14.912125244140626,-0.8237946033477783,0.7880725860595703,0.5186991691589355
1788893117009150000,14.92214990234375,-0.47583532333374023,0.6116886138916016,0.25506162643432617
1788893117019174700,14.932174560546875,-0.12852716445922852,0.41863155364990234,-0.023581504821777344
1788893117029199000,14.94219921875,0.21069765090942383,0.1884150505065918,-0.17379522323608398
1788893117039220500,14.952220458984375,0.4576709270477295,0.03940248489379883,-0.28693485260009766
1788893117049239000,14.962239013671875,0.6769382953643799,-0.07262802124023438,-0.3823399543762207
1788893117059257900,14.9722578125,0.858701229095459,-0.10886192321777344,-0.3554086685180664
1788893117069277000,14.98227685546875,0.980156660079956,-0.10055351257324219,-0.19335699081420898
1788893117079296500,14.992296630859375,0.9476206302642822,-0.12103509902954102,0.06366539001464844
1788893117089316400,15.00231640625,0.7475831508636475,-0.1376209259033203,0.34089088439941406
1788893117099336400,15.01233642578125,0.5098650455474854,-0.1123819351196289,0.5203814506530762
1788893117109357300,15.022357421875,0.3268551826477051,-0.06495952606201172,0.7192926406860352
1788893117119378700,15.032378662109375,0.12009954452514648,-0.04977750778198242,0.8079123497009277
1788893117129400300,15.042400390625,-0.11233139038085938,-0.06128406524658203,0.7301325798034668
1788893117139422500,15.05242236328125,-0.30518531799316406,-0.10933351516723633,0.6554203033447266
1788893117149444900,15.06244482421875,-0.3542141914367676,-0.15196752548217773,0.5008211135864258
1788893117159467800,15.0724677734375,-0.3801093101501465,-0.21567916870117188,0.30416250228881836
1788893117169490700,15.08249072265625,-0.4767742156982422,-0.35115814208984375,0.13100862503051758
1788893117179514000,15.09251416015625,-0.5193057060241699,-0.46036720275878906,-0.07842779159545898
1788893117189537300,15.102537353515626,-0.45025205612182617,-0.49843835830688477,-0.292813777923584
1788893117199566000,15.112566162109376,-0.38916587829589844,-0.5298857688903809,-0.35242462158203125
1788893117209582600,15.12258251953125,-0.3689088821411133,-0.5696821212768555,-0.24225902557373047
1788893117219599400,15.132599365234375,-0.3411712646484375,-0.6083168983459473,-0.15329408645629883
1788893117229616400,15.142616455078125,-0.343900203704834,-0.6214103698730469,-0.06647777557373047
1788893117239634000,15.152634033203125,-0.391756534576416,-0.6276135444641113,0.046227455139160156
1788893117249652000,15.16265185546875,-0.46085691452026367,-0.6446857452392578,0.14536142349243164
1788893117259671000,15.172671142578125,-0.5320911407470703,-0.6187419891357422,0.20115137100219727
1788893117269690600,15.182690673828125,-0.567591667175293,-0.5494832992553711,0.17010021209716797
1788893117279711200,15.192711181640625,-0.5344996452331543,-0.5036368370056152,0.1760101318359375
1788893117289732600,15.202732666015624,-0.4621543884277344,-0.4996819496154785,0.2847728729248047
1788893117299754800,15.212754638671875,-0.33774280548095703,-0.4799642562866211,0.36121559143066406
1788893117309777400,15.22277734375,-0.22028589248657227,-0.42068004608154297,0.35663795471191406
1788893117319801000,15.232801025390625,-0.06853771209716797,-0.35587453842163086,0.33740997314453125
1788893117329825000,15.242824951171874,0.12514781951904297,-0.2955441474914551,0.33147239685058594
1788893117339849500,15.252849365234376,0.30605030059814453,-0.2786903381347656,0.37167787551879883
1788893117349874200,15.262874267578125,0.43915891647338867,-0.26235246658325195,0.4475893974304199
1788893117359899000,15.27289892578125,0.5373964309692383,-0.2270064353942871,0.495882511138916
1788893117369923300,15.28292333984375,0.5660943984985352,-0.15822124481201172,0.48717260360717773
1788893117379944700,15.29294482421875,0.5628399848937988,-0.12231206893920898,0.4875650405883789
1788893117389966000,15.302966064453125,0.5328793525695801,-0.061292171478271484,0.5063743591308594
1788893117399984400,15.312984375,0.43489789962768555,-0.00345611572265625,0.48203420639038086
1788893117410003200,15.323003173828125,0.34193944931030273,0.06548070907592773,0.38193655014038086
1788893117420022300,15.333022216796875,0.29306745529174805,0.12088823318481445,0.2168745994567871
1788893117430041900,15.343041748046875,0.2888298034667969,0.13810205459594727,0.13609838485717773
1788893117440061700,15.353061767578126,0.14919710159301758,0.14986896514892578,0.1648273468017578
1788893117450081800,15.363081787109374,-0.03705310821533203,0.1752176284790039,0.2708754539489746
1788893117460102700,15.3731025390625,-0.2826199531555176,0.20646333694458008,0.3546614646911621
1788893117470124000,15.3831240234375,-0.5197279453277588,0.25046348571777344,0.37909460067749023
1788893117480145700,15.393145751953124,-0.7297472953796387,0.29698610305786133,0.36921262741088867
1788893117490167800,15.403167724609375,-0.8472225666046143,0.3552093505859375,0.3493061065673828
1788893117500190200,15.413190185546876,-0.8750479221343994,0.40988588333129883,0.18297195434570312
1788893117510213000,15.423213134765625,-0.7563991546630859,0.41329383850097656,-0.029598712921142578
1788893117520236300,15.433236328125,-0.5291883945465088,0.3421039581298828,-0.20382118225097656
1788893117530259500,15.443259521484375,-0.2162156105041504,0.20574426651000977,-0.34998321533203125
1788893117540282600,15.45328271484375,0.06686878204345703,0.027673721313476562,-0.491851806640625
1788893117550311400,15.4633115234375,0.31514739990234375,-0.15457677841186523,-0.652839183807373
1788893117560328000,15.473327880859374,0.49588632583618164,-0.31310510635375977,-0.7949519157409668
1788893117570344700,15.4833447265625,0.6241497993469238,-0.4805440902709961,-0.8581795692443848
1788893117580361700,15.49336181640625,0.5968194007873535,-0.6026768684387207,-0.8885059356689453
1788893117590379500,15.503379638671875,0.4929485321044922,-0.6774125099182129,-0.8600220680236816
1788893117600397600,15.5133974609375,0.3441329002380371,-0.7302742004394531,-0.7989101409912109
1788893117610416600,15.523416748046875,0.16733026504516602,-0.7488665580749512,-0.7683086395263672
1788893117620436500,15.5334365234375,0.002566814422607422,-0.794558048248291,-0.8366913795471191
1788893117630456800,15.543456787109376,-0.11831808090209961,-0.8459329605102539,-0.9690957069396973
1788893117640478500,15.553478515625,-0.19552278518676758,-0.9173965454101562,-1.170081615447998
1788893117650500600,15.56350048828125,-0.21007537841796875,-1.0005488395690918,-1.2857089042663574
1788893117660523500,15.5735234375,-0.18065786361694336,-1.078610897064209,-1.3951845169067383
1788893117670547000,15.583546875,-0.2067551612854004,-1.1207804679870605,-1.4624099731445312
1788893117680571100,15.593571044921875,-0.3154873847961426,-1.1245083808898926,-1.4370431900024414
1788893117690595600,15.603595703125,-0.5195255279541016,-1.0960302352905273,-1.355356216430664
1788893117700620000,15.6136201171875,-0.7885236740112305,-1.0076303482055664,-1.2538814544677734
1788893117710645000,15.62364501953125,-1.0302727222442627,-0.8783831596374512,-1.1413354873657227
1788893117720669000,15.6336689453125,-1.2490427494049072,-0.765021800994873,-0.9939074516296387
1788893117730690000,15.64368994140625,-1.387709617614746,-0.6996054649353027,-0.8271217346191406
1788893117740708600,15.65370849609375,-1.4667563438415527,-0.6615891456604004,-0.633338451385498
1788893117750727400,15.6637275390625,-1.492241382598877,-0.6165494918823242,-0.4905848503112793
1788893117760746500,15.67374658203125,-1.4519481658935547,-0.6220293045043945,-0.3617420196533203
1788893117770766000,15.68376611328125,-1.338613510131836,-0.6256070137023926,-0.26239490509033203
1788893117780786000,15.693785888671876,-1.1301634311676025,-0.6423964500427246,-0.28371763229370117
1788893117790806300,15.70380615234375,-0.957399845123291,-0.6636085510253906,-0.4163093566894531
1788893117800827000,15.713826904296875,-0.8172364234924316,-0.6950550079345703,-0.622039794921875
1788893117810848300,15.72384814453125,-0.6877517700195312,-0.747230052947998,-0.7866945266723633
1788893117820870000,15.733869873046874,-0.5555377006530762,-0.7914938926696777,-0.9491820335388184
1788893117830892000,15.74389208984375,-0.40778160095214844,-0.861292839050293,-1.101027488708496
1788893117840914700,15.753914794921876,-0.2937593460083008,-0.9550514221191406,-1.115623950958252
1788893117850937300,15.763937255859375,-0.23278379440307617,-1.0458917617797852,-1.0581731796264648
1788893117860960500,15.77396044921875,-0.24462461471557617,-1.1114468574523926,-1.004035472869873
1788893117870983700,15.783983642578125,-0.27672529220581055,-1.153480052947998,-0.9754624366760254
1788893117881007000,15.794007080078124,-0.3166952133178711,-1.1558499336242676,-0.9535408020019531
1788893117891035600,15.80403564453125,-0.4335975646972656,-1.1273975372314453,-1.019099235534668
1788893117901052200,15.81405224609375,-0.6283063888549805,-1.135660171508789,-1.183830738067627
1788893117911068700,15.824068603515625,-0.815122127532959,-1.2201237678527832,-1.3768205642700195
1788893117921085400,15.83408544921875,-0.9763884544372559,-1.316446304321289,-1.5981073379516602
1788893117931103000,15.84410302734375,-1.1513376235961914,-1.4222168922424316,-1.8805341720581055
1788893117941121000,15.85412109375,-1.2990460395812988,-1.512159824371338,-2.0747604370117188
1788893117951139800,15.864139892578125,-1.5435380935668945,-1.7180609703063965,-2.0770821571350098
1788893117961159400,15.874159423828125,-1.7655889987945557,-1.654036045074463,-2.1059980392456055
1788893117971180000,15.884179931640626,-1.9554967880249023,-1.493565559387207,-2.0211100578308105
1788893117981201400,15.894201416015624,-2.1523048877716064,-1.3373427391052246,-1.7652897834777832
1788893117991223600,15.9042236328125,-2.380160331726074,-1.108130931854248,-1.3874359130859375
1788893118001246500,15.91424658203125,-2.625267267227173,-0.8235182762145996,-0.9951925277709961
1788893118011270100,15.924270263671875,-2.79233455657959,-0.5108704566955566,-0.566596508026123
1788893118021294000,15.934294189453125,-2.891340494155884,-0.21645164489746094,-0.14692211151123047
1788893118031318800,15.94431884765625,-2.913428544998169,0.09392786026000977,0.20969533920288086
1788893118041343500,15.954343505859375,-2.8875887393951416,0.37767505645751953,0.5453720092773438
1788893118051368400,15.964368408203125,-2.804422616958618,0.6918201446533203,0.855323314666748
1788893118061393000,15.974392822265624,-2.744457960128784,0.9785361289978027,1.0782527923583984
1788893118071414000,15.9844140625,-2.735081672668457,1.2506060600280762,1.207270622253418
1788893118081432600,15.9944326171875,-2.7455368041992188,1.553586483001709,1.2081427574157715
1788893118091451400,16.004451416015623,-2.7310760021209717,1.860471248626709,1.109377384185791
1788893118101470500,16.014470458984373,-2.680921792984009,2.1727352142333984,1.0632309913635254
1788893118111490000,16.024489990234375,-2.5486931800842285,2.4013710021972656,0.7173724174499512
1788893118121510000,16.034510009765626,-2.218738079071045,2.5085549354553223,-0.011988162994384766
1788893118131530200,16.0445302734375,-1.6373159885406494,2.4128565788269043,-0.6275873184204102
1788893118141550800,16.05455078125,-0.9247791767120361,2.159837245941162,-0.7469558715820312
1788893118151572200,16.064572265625,-0.220961332321167,1.7118315696716309,-0.693328857421875
1788893118161593900,16.07459375,0.5264892578125,1.1532459259033203,-0.6136088371276855
1788893118171616000,16.084615966796875,1.2528438568115234,0.6841974258422852,-0.35247039794921875
1788893118181638400,16.094638427734374,1.82114577293396,0.5100507736206055,0.01725482940673828
1788893118191661300,16.104661376953125,2.199017286300659,0.4124746322631836,0.3846769332885742
1788893118201684500,16.1146845703125,2.3917479515075684,0.37982797622680664,0.6833553314208984
1788893118211707600,16.124707763671875,2.3233821392059326,0.4862961769104004,0.9592480659484863
1788893118221731000,16.13473095703125,2.1252012252807617,0.7046608924865723,1.1239733695983887
1788893118231759600,16.144759521484374,1.7693157196044922,0.9304666519165039,1.2306694984436035
1788893118241776000,16.154776123046876,1.493513822555542,1.163320541381836,1.3226542472839355
1788893118251792400,16.16479248046875,1.30800461769104,1.4614052772521973,1.3368244171142578
1788893118261809400,16.174809326171875,1.347510814666748,1.7131009101867676,0.9156985282897949
1788893118271826700,16.18482666015625,1.6623320579528809,1.7049436569213867,0.27312803268432617
1788893118281844700,16.1948447265625,2.212029457092285,1.499372959136963,-0.1420121192932129
1788893118291863600,16.204863525390625,2.920009136199951,1.13267183303833,-0.5260663032531738
1788893118301883100,16.214883056640623,3.4728126525878906,0.7219605445861816,-0.8053655624389648
1788893118311903700,16.22490380859375,3.8265299797058105,0.3179655075073242,-1.2585368156433105
1788893118321925000,16.234925048828124,3.9742841720581055,0.05304574966430664,-1.5567574501037598
1788893118331947300,16.244947265625,3.912771701812744,-0.04497718811035156,-1.8739676475524902
1788893118341970200,16.25497021484375,3.6527295112609863,-0.036952972412109375,-2.094078540802002
1788893118351993900,16.264993896484373,3.3733468055725098,0.2569704055786133,-2.077850341796875
1788893118362018000,16.27501806640625,2.9196066856384277,0.25862789154052734,-1.7070884704589844
1788893118372042800,16.285042724609376,2.2282657623291016,0.5069875717163086,-1.3303804397583008
1788893118382067500,16.2950673828125,1.5991997718811035,1.025801658630371,-1.0644311904907227
1788893118392092400,16.305092529296875,1.1244797706604004,1.3834238052368164,-0.772364616394043
1788893118402116600,16.31511669921875,0.7323260307312012,1.7077383995056152,-0.3904399871826172
1788893118412138000,16.325137939453125,0.37557506561279297,2.0076818466186523,0.010342597961425781
1788893118422156500,16.335156494140627,0.04537343978881836,2.219665050506592,0.3410453796386719
1788893118432175400,16.34517529296875,-0.15790176391601562,2.446350574493408,0.5279026031494141
1788893118442194400,16.3551943359375,-0.26827383041381836,2.554886817932129,0.7610788345336914
1788893118452213800,16.3652138671875,-0.26664304733276367,2.675461769104004,0.8914849758148193
1788893118462233600,16.375233642578124,-0.05780792236328125,2.7118935585021973,0.9248678684234619
1788893118472254000,16.38525390625,0.2502937316894531,2.633114814758301,0.9911024570465088
1788893118482274800,16.39527490234375,0.5687227249145508,2.5515661239624023,1.013611078262329
1788893118492296000,16.4052958984375,0.8469157218933105,2.4512152671813965,0.962644100189209
1788893118502317800,16.41531787109375,1.1058201789855957,2.3014097213745117,0.7848873138427734
1788893118512340000,16.425340087890625,1.346989631652832,2.0861968994140625,0.5126328468322754
1788893118522362400,16.4353623046875,1.6099061965942383,1.7615880966186523,0.27756357192993164
1788893118532385300,16.44538525390625,1.9010705947875977,1.4180045127868652,0.1728987693786621
1788893118542408200,16.455408203125,2.2322163581848145,1.1365294456481934,0.0911250114440918
1788893118552431600,16.465431640625,2.515354633331299,0.8644723892211914,-0.0028476715087890625
1788893118562454800,16.475454833984376,2.6304945945739746,0.6309528350830078,-0.10521078109741211
1788893118572483600,16.485483642578124,2.5929808616638184,0.39923572540283203,-0.17885828018188477
1788893118582499800,16.495499755859374,2.6616034507751465,0.24257659912109375,-0.11048364639282227
1788893118592516400,16.505516357421875,2.6750874519348145,0.1387500762939453,-0.044429779052734375
1788893118602533000,16.515533203125,2.511631488800049,0.027327537536621094,0.0576324462890625
1788893118612550400,16.52555029296875,2.1835360527038574,-0.013208389282226562,0.14296722412109375
1788893118622568400,16.535568359375,1.7896480560302734,0.028424739837646484,0.15487957000732422
1788893118632587300,16.545587158203126,1.3901500701904297,0.047432899475097656,0.14803791046142578
1788893118642606800,16.55560693359375,1.006558895111084,0.04398393630981445,0.2200636863708496
1788893118652627500,16.56562744140625,0.7397122383117676,0.05561351776123047,0.28133583068847656
1788893118662648800,16.57564892578125,0.4889683723449707,0.10479545593261719,0.3954124450683594
1788893118672671000,16.5856708984375,0.2690849304199219,0.13298892974853516,0.5207304954528809
1788893118682694000,16.59569384765625,0.08437204360961914,0.1292881965637207,0.6153545379638672
1788893118692717600,16.605717529296875,-0.08463048934936523,0.19325637817382812,0.7563114166259766
1788893118702741800,16.61574169921875,-0.1958293914794922,0.2476940155029297,0.847752571105957
1788893118712766500,16.625766357421874,-0.21309900283813477,0.3202199935913086,0.8987774848937988
1788893118722791200,16.635791259765625,-0.16248655319213867,0.328765869140625,0.9469361305236816
1788893118732816100,16.645816162109377,-0.051592350006103516,0.31060123443603516,1.0199360847473145
1788893118742840300,16.65584033203125,0.06904840469360352,0.2935967445373535,0.9972090721130371
1788893118752861400,16.665861328125,0.20658206939697266,0.25340986251831055,0.925506591796875
1788893118762880000,16.6758798828125,0.40654563903808594,0.1992173194885254,0.8373045921325684
1788893118772898800,16.68589892578125,0.5663838386535645,0.1023712158203125,0.731224536895752
1788893118782918000,16.69591796875,0.6558089256286621,0.020572662353515625,0.6201562881469727
1788893118792937200,16.705937255859375,0.6889209747314453,-0.03516960144042969,0.49755001068115234
1788893118802957000,16.71595703125,0.7287406921386719,-0.11614656448364258,0.40563201904296875
1788893118812977400,16.725977294921876,0.7914824485778809,-0.1490650177001953,0.26284074783325195
1788893118822998300,16.735998291015626,0.7843432426452637,-0.1948843002319336,0.055660247802734375
1788893118833019400,16.746019287109377,0.6713957786560059,-0.2577958106994629,-0.2052907943725586
1788893118843041300,16.756041259765624,0.5454034805297852,-0.34221458435058594,-0.3470287322998047
1788893118853063400,16.7660634765625,0.44226837158203125,-0.4238414764404297,-0.4066181182861328
1788893118863085800,16.7760859375,0.27402257919311523,-0.4543595314025879,-0.4351334571838379
1788893118873108700,16.786108642578125,0.03798818588256836,-0.4903135299682617,-0.474916934967041
1788893118883131600,16.796131591796875,-0.16849040985107422,-0.5074872970581055,-0.47704648971557617
1788893118893155000,16.806155029296875,-0.3585062026977539,-0.515131950378418,-0.39298534393310547
1788893118903178200,16.81617822265625,-0.5171070098876953,-0.48463916778564453,-0.3416447639465332
1788893118913207000,16.82620703125,-0.6204648017883301,-0.4636993408203125,-0.31342220306396484
1788893118923223300,16.836223388671876,-0.6451897621154785,-0.42441749572753906,-0.36023426055908203
1788893118933239800,16.84623974609375,-0.5970454216003418,-0.4536142349243164,-0.3623027801513672
1788893118943256600,16.856256591796875,-0.5345282554626465,-0.5322656631469727,-0.36330223083496094
1788893118953273900,16.86627392578125,-0.42548131942749023,-0.6085476875305176,-0.46375513076782227
1788893118963292000,16.8762919921875,-0.25700902938842773,-0.6695804595947266,-0.5866513252258301
1788893118973310700,16.886310791015624,-0.04482126235961914,-0.7362489700317383,-0.6404433250427246
1788893118983330300,16.896330322265626,0.12015867233276367,-0.8097524642944336,-0.6097369194030762
1788893118993351000,16.906350830078125,0.19083404541015625,-0.862114429473877,-0.5030498504638672
1788893119003372300,16.916372314453124,0.20587778091430664,-0.8555316925048828,-0.35339879989624023
1788893119013394400,16.92639453125,0.1606912612915039,-0.7950501441955566,-0.16548538208007812
1788893119023417300,16.936417236328126,0.04633331298828125,-0.6944689750671387,0.06507349014282227
1788893119033441000,16.94644091796875,-0.1356358528137207,-0.5671405792236328,0.29523134231567383
1788893119043465000,16.95646484375,-0.3315882682800293,-0.42163896560668945,0.5341825485229492
1788893119053489700,16.96648974609375,-0.49292469024658203,-0.2954692840576172,0.8247113227844238
1788893119063514400,16.976514404296875,-0.6187252998352051,-0.1639566421508789,1.1188859939575195
1788893119073539300,16.986539306640626,-0.7372984886169434,-0.03651714324951172,1.4024276733398438
1788893119083563500,16.9965634765625,-0.8158721923828125,0.09137535095214844,1.6844639778137207
1788893119093585000,17.0065849609375,-0.8264265060424805,0.2146625518798828,1.9789819717407227
1788893119103606300,17.016606201171875,-0.7983760833740234,0.34696245193481445,2.2191548347473145
1788893119113624800,17.026624755859373,-0.7760720252990723,0.4824833869934082,2.424044609069824
1788893119123643400,17.036643310546875,-0.7608718872070312,0.5637388229370117,2.6834332942962646
1788893119133662500,17.046662353515625,-0.715301513671875,0.6282057762145996,2.9687132835388184
1788893119143681800,17.056681884765624,-0.7172112464904785,0.6898379325866699,3.183612585067749
1788893119153701600,17.06670166015625,-0.6966109275817871,0.7295303344726562,3.279221296310425
1788893119163722000,17.076721923828124,-0.6791830062866211,0.7426881790161133,3.345261812210083
1788893119173742600,17.08674267578125,-0.6668334007263184,0.7434148788452148,3.2710087299346924
1788893119183763700,17.096763671875,-0.6098990440368652,0.7023015022277832,2.9936583042144775
1788893119193785600,17.10678564453125,-0.439420223236084,0.57958984375,2.5567517280578613
1788893119203807700,17.116807861328127,-0.16786909103393555,0.34047460556030273,1.9701504707336426
1788893119213830100,17.126830078125,0.11974954605102539,0.011812210083007812,1.3724579811096191
1788893119223853000,17.13685302734375,0.45976734161376953,-0.37888574600219727,0.9213142395019531
1788893119233876000,17.1468759765625,0.6946783065795898,-0.8553938865661621,0.7022457122802734
1788893119243899100,17.156899169921875,0.8602213859558105,-1.206068515777588,0.43259334564208984
1788893119253922600,17.166922607421874,0.9500021934509277,-1.534639835357666,0.12676000595092773
1788893119263951400,17.176951416015626,0.8807921409606934,-1.8255553245544434,-0.08614349365234375
1788893119273967600,17.186967529296876,0.6655130386352539,-2.0989484786987305,-0.2749748229980469
1788893119283984400,17.196984375,0.5472493171691895,-2.2124152183532715,-0.9455451965332031
1788893119294001200,17.207001220703123,0.7397065162658691,-2.288511276245117,-1.8174853324890137
1788893119304018700,17.217018798828125,0.9876008033752441,-2.43056583404541,-1.9009008407592773
1788893119314036700,17.22703662109375,1.1317353248596191,-2.572700023651123,-1.8145575523376465
1788893119324055600,17.2370556640625,1.2144556045532227,-2.68351411819458,-2.0262374877929688
1788893119334075100,17.2470751953125,1.29679536819458,-2.758162021636963,-2.2027955055236816
1788893119344095700,17.257095703125,1.2791543006896973,-2.7452549934387207,-2.085597038269043
1788893119354116900,17.267116943359376,1.0195913314819336,-2.616677761077881,-1.851226806640625
1788893119364139000,17.277138916015623,0.554680347442627,-2.378096580505371,-1.635157585144043
1788893119374162000,17.287161865234374,0.005473136901855469,-2.0968985557556152,-1.3256864547729492
1788893119384185300,17.297185302734373,-0.546872615814209,-1.8065924644470215,-0.9324069023132324
1788893119394209500,17.30720947265625,-1.0184073448181152,-1.4831585884094238,-0.5575528144836426
1788893119404234000,17.31723388671875,-1.3779735565185547,-1.1320977210998535,-0.1403055191040039
1788893119414258700,17.3272587890625,-1.6752381324768066,-0.778228759765625,0.2657952308654785
1788893119424283400,17.337283447265627,-1.9018676280975342,-0.3748164176940918,0.6269683837890625
1788893119434308000,17.34730810546875,-2.0976762771606445,-0.004254341125488281,0.9474101066589355
1788893119444329200,17.3573291015625,-2.202524423599243,0.33251285552978516,1.1879043579101562
1788893119454347800,17.36734765625,-2.1611745357513428,0.6190810203552246,1.3677358627319336
1788893119464366600,17.37736669921875,-2.0798919200897217,0.8246784210205078,1.5310664176940918
1788893119474385700,17.3873857421875,-1.9452741146087646,0.9811410903930664,1.654773235321045
1788893119484405000,17.397405029296873,-1.8022449016571045,1.086367130279541,1.6295371055603027
1788893119494424800,17.4074248046875,-1.6059041023254395,1.1618695259094238,1.3793621063232422
1788893119504445000,17.41744482421875,-1.2933597564697266,1.2191543579101562,0.8951611518859863
1788893119514465800,17.4274658203125,-0.8554873466491699,1.2028956413269043,0.19593000411987305
1788893119524487000,17.43748681640625,-0.33158016204833984,0.9958000183105469,-0.49420833587646484
1788893119534508500,17.447508544921874,0.20050716400146484,0.6202754974365234,-0.9240665435791016
1788893119544530700,17.45753076171875,0.7781543731689453,0.19611644744873047,-1.293607234954834
1788893119554553000,17.467552978515624,1.3542699813842773,-0.29619693756103516,-1.6242384910583496
1788893119564575700,17.47757568359375,1.787693977355957,-0.8118658065795898,-1.790771484375
1788893119574599000,17.487598876953125,2.2120299339294434,-1.1171364784240723,-1.7797155380249023
1788893119584622000,17.4976220703125,2.447859287261963,-1.2408103942871094,-1.658076286315918
1788893119594645200,17.507645263671876,2.5280299186706543,-1.2535386085510254,-1.4353981018066406
1788893119604674000,17.517674072265624,2.297024726867676,-1.3501973152160645,-1.3386807441711426
1788893119614690600,17.527690673828126,1.8163752555847168,-1.22990083694458,-1.4345617294311523
1788893119624707300,17.537707275390623,1.179671287536621,-0.9299774169921875,-1.5475497245788574
1788893119634724600,17.547724609375,0.4521446228027344,-0.6756305694580078,-1.4365010261535645
1788893119644742100,17.5577421875,-0.26547861099243164,-0.47730445861816406,-1.2962303161621094
1788893119654760200,17.56776025390625,-0.9274649620056152,-0.34684181213378906,-1.2447991371154785
1788893119664779300,17.577779296875,-1.6044268608093262,-0.18220043182373047,-1.1903266906738281
1788893119674798800,17.587798828125,-2.2958033084869385,-0.013873100280761719,-1.1243762969970703
1788893119684819500,17.5978193359375,-2.886828660964966,0.32428598403930664,-0.9443678855895996
1788893119694840800,17.6078408203125,-3.2169716358184814,1.0468330383300781,-0.527310848236084
1788893119704862700,17.61786279296875,-3.398263692855835,0.7612066268920898,-0.5898122787475586
1788893119714885600,17.6278857421875,-3.7547109127044678,0.5914340019226074,-0.3021664619445801
1788893119724909300,17.637909423828123,-3.9608612060546875,1.179290771484375,0.1939854621887207
1788893119734933200,17.647933349609374,-3.8711256980895996,1.50138521194458,0.4646482467651367
1788893119744957700,17.657957763671874,-3.6654467582702637,1.6092309951782227,0.8095788955688477
1788893119754982100,17.667982177734373,-3.3466598987579346,1.6414217948913574,1.1634840965270996
1788893119765006800,17.6780068359375,-2.917548418045044,1.6446948051452637,1.3618779182434082
1788893119775030800,17.68803076171875,-2.481344223022461,1.6031684875488281,1.3414640426635742
1788893119785052200,17.69805224609375,-1.9847805500030518,1.5149717330932617,1.0815067291259766
1788893119795070700,17.70807080078125,-1.4100720882415771,1.2674551010131836,0.599271297454834
1788893119805089300,17.71808935546875,-0.6965084075927734,1.1011052131652832,0.04686594009399414
1788893119815108400,17.7281083984375,0.01188516616821289,0.783531665802002,-0.6384115219116211
1788893119825127700,17.738127685546875,0.6761798858642578,0.23589468002319336,-1.1467247009277344
1788893119835147500,17.7481474609375,1.3712148666381836,-0.33614110946655273,-1.2101755142211914
1788893119845167900,17.75816796875,2.0172972679138184,-0.843970775604248,-1.001147747039795
1788893119855188500,17.7681884765625,2.6091179847717285,-1.2165050506591797,-0.7011113166809082
1788893119865209600,17.778209716796876,2.8815784454345703,-1.4488582611083984,-0.5186123847961426
1788893119875231500,17.7882314453125,2.862698554992676,-1.5067434310913086,-0.3273582458496094
1788893119885253400,17.79825341796875,2.590482234954834,-1.5799617767333984,-0.2259831428527832
1788893119895276000,17.808276123046873,2.154247760772705,-1.5008654594421387,-0.4285001754760742
1788893119905298700,17.818298583984376,1.6858983039855957,-1.2819328308105469,-0.8783445358276367
1788893119915321600,17.828321533203123,1.0891695022583008,-1.2304062843322754,-1.103029727935791
1788893119925344800,17.8383447265625,0.5103859901428223,-1.3318371772766113,-1.0962271690368652
1788893119935368200,17.8483681640625,0.13443470001220703,-1.4631428718566895,-1.2941036224365234
1788893119945396700,17.858396728515626,-0.008810043334960938,-1.5468764305114746,-1.829941749572754
1788893119955413200,17.868413330078123,0.006947517395019531,-1.662984848022461,-2.381082534790039
1788893119965430000,17.878429931640625,0.08344411849975586,-1.7697267532348633,-2.680898666381836
1788893119975447000,17.888447021484374,0.1314091682434082,-2.279921054840088,-3.1753764152526855
1788893119985464600,17.898464599609376,0.043523311614990234,-2.4834542274475098,-3.257376194000244
1788893119995483000,17.90848291015625,-0.0332183837890625,-2.516472816467285,-3.3100953102111816
1788893120005501700,17.918501708984376,-0.024155616760253906,-2.4374184608459473,-3.277498245239258
1788893120015521300,17.928521240234375,-0.004517555236816406,-2.19321346282959,-2.982089042663574
1788893120025542000,17.9385419921875,-0.13973379135131836,-1.8250069618225098,-2.615095615386963
1788893120035563300,17.948563232421876,-0.3672823905944824,-1.3495330810546875,-2.1160831451416016
1788893120045585400,17.95858544921875,-0.7403783798217773,-0.8022541999816895,-1.4978570938110352
1788893120055608300,17.9686083984375,-1.1463427543640137,-0.2855997085571289,-0.9850907325744629
1788893120065631700,17.9786318359375,-1.5303587913513184,0.15446901321411133,-0.5913310050964355
1788893120075655700,17.98865576171875,-1.9334473609924316,0.6567997932434082,-0.13803815841674805
1788893120085680000,17.99868017578125,-2.28320574760437,1.1876864433288574,0.27872323989868164
1788893120095704800,18.008704833984375,-2.5428998470306396,1.6599617004394531,0.6712374687194824
1788893120105729300,18.018729248046874,-2.6332292556762695,2.1200828552246094,1.0991849899291992
1788893120115753200,18.028753173828125,-2.6291558742523193,2.260650157928467,1.3392374515533447
1788893120125774600,18.038774658203124,-2.475816011428833,2.5013175010681152,1.4318406581878662
1788893120135793200,18.048793212890626,-2.03425931930542,2.6053690910339355,1.4649336338043213
1788893120145812000,18.05881201171875,-1.3833212852478027,2.526764392852783,1.4400427341461182
1788893120155830800,18.068830810546874,-0.6412019729614258,2.2860283851623535,1.3021283149719238
1788893120165850000,18.07885009765625,0.15195369720458984,1.9370489120483398,1.1135773658752441
1788893120175870000,18.088869873046875,0.9273319244384766,1.5332493782043457,0.7757816314697266
1788893120185890300,18.098890380859373,1.5722386837005615,1.1611199378967285,0.4679875373840332
1788893120195911000,18.108910888671875,2.1044251918792725,0.7793164253234863,0.2876877784729004
1788893120205932300,18.118932373046874,2.509910821914673,0.4766812324523926,0.1362299919128418
1788893120215954000,18.128953857421877,2.784682273864746,0.2812361717224121,-0.0533604621887207
1788893120225976000,18.13897607421875,2.8326151371002197,0.09858083724975586,-0.17015743255615234
1788893120235998500,18.14899853515625,2.823911666870117,-0.053284645080566406,-0.5492262840270996
1788893120246021000,18.159021240234374,2.827923059463501,-0.14149713516235352,-0.7640137672424316
1788893120256044300,18.169044189453125,2.73281192779541,-0.09435462951660156,-0.33774375915527344
1788893120266067500,18.1790673828125,2.477473258972168,-0.006339550018310547,0.1064457893371582
1788893120276090600,18.189090576171875,2.1298677921295166,0.08919429779052734,0.15210485458374023
1788893120286119400,18.199119384765623,1.817962646484375,0.25675153732299805,0.029447555541992188
1788893120296135700,18.2091357421875,1.4330615997314453,0.4113583564758301,0.06941509246826172
1788893120306152400,18.21915234375,0.9687099456787109,0.5015997886657715,0.19498157501220703
1788893120316169200,18.229169189453124,0.44595861434936523,0.6329617500305176,0.27286291122436523
1788893120326186800,18.239186767578126,-0.07900762557983398,0.676450252532959,0.3785715103149414
1788893120336204800,18.249204833984376,-0.5185909271240234,0.5844893455505371,0.40459299087524414
1788893120346223600,18.2592236328125,-0.868361234664917,0.6053500175476074,0.48138856887817383
1788893120356243200,18.2692431640625,-1.087308645248413,0.6290740966796875,0.5551643371582031
1788893120366263600,18.279263671875,-1.117255687713623,0.5879964828491211,0.638484001159668
1788893120376285000,18.289284912109373,-1.0002505779266357,0.5142960548400879,0.7111907005310059
1788893120386306800,18.299306884765624,-0.8257572650909424,0.4972715377807617,0.7343273162841797
1788893120396329700,18.309329833984375,-0.6263008117675781,0.49671077728271484,0.697603702545166
1788893120406353200,18.319353271484374,-0.44332027435302734,0.5440936088562012,0.6391205787658691
1788893120416377000,18.329377197265625,-0.2083721160888672,0.5707249641418457,0.6014256477355957
1788893120426401500,18.339401611328125,0.04171419143676758,0.5799622535705566,0.5503277778625488
1788893120436426200,18.34942626953125,0.29909324645996094,0.5844364166259766,0.49532127380371094
1788893120446451000,18.359450927734375,0.5474810600280762,0.6109833717346191,0.3418307304382324
1788893120456472800,18.369472900390626,0.7527551651000977,0.6438503265380859,0.3875312805175781
1788893120466495000,18.379494873046873,0.900881290435791,0.6878948211669922,0.5173354148864746
1788893120476522500,18.3895224609375,0.9450063705444336,0.7628583908081055,0.6399803161621094
1788893120486539300,18.399539306640627,0.9105062484741211,0.8175749778747559,0.7592735290527344
1788893120496556300,18.409556396484376,0.7793893814086914,0.8351254463195801,0.9590826034545898
1788893120506573600,18.419573486328126,0.6580209732055664,0.8223633766174316,1.1610016822814941
1788893120516591400,18.42959130859375,0.44713497161865234,0.7953400611877441,1.3016419410705566
1788893120526609700,18.439609619140626,0.20039129257202148,0.7553825378417969,1.4184274673461914
1788893120536628700,18.449628662109376,-0.0620570182800293,0.7177333831787109,1.4203205108642578
1788893120546648300,18.4596484375,-0.3161029815673828,0.6633529663085938,1.3458609580993652
1788893120556669000,18.4696689453125,-0.4807600975036621,0.5871338844299316,1.162069320678711
1788893120566690300,18.479690185546875,-0.5608701705932617,0.47377872467041016,0.9804315567016602
1788893120576712200,18.489712158203126,-0.493560791015625,0.32764577865600586,0.7593908309936523
1788893120586735000,18.499735107421873,-0.39727067947387695,0.14848709106445312,0.5197086334228516
1788893120596758300,18.50975830078125,-0.33882856369018555,0.002345561981201172,0.2149200439453125
1788893120606782000,18.519781982421875,-0.24593019485473633,-0.09285116195678711,-0.038279056549072266
1788893120616806100,18.52980615234375,-0.1466679573059082,-0.22814083099365234,-0.07202005386352539
1788893120626830300,18.539830322265626,-0.07814502716064453,-0.33123064041137695,-0.1873793601989746
1788893120636854800,18.549854736328125,-0.08759546279907227,-0.4690561294555664,-0.3407125473022461
1788893120646879000,18.55987890625,-0.21687030792236328,-0.6171646118164062,-0.29755496978759766
1788893120656900400,18.569900390625,-0.43546342849731445,-0.6932868957519531,-0.14894914627075195
1788893120666918700,18.579918701171874,-0.6938314437866211,-0.7009706497192383,-0.014792919158935547
1788893120676937500,18.5899375,-0.971278190612793,-0.6870307922363281,0.12889528274536133
1788893120686956500,18.59995654296875,-1.24741792678833,-0.6452922821044922,0.32446765899658203
1788893120696976000,18.609975830078124,-1.5212218761444092,-0.5697870254516602,0.513862133026123
1788893120706995700,18.61999560546875,-1.7246308326721191,-0.5126543045043945,0.644925594329834
1788893120717015800,18.630015869140625,-1.8527872562408447,-0.4265875816345215,0.6992707252502441
1788893120727036700,18.64003662109375,-1.8966960906982422,-0.3317751884460449,0.7253332138061523
1788893120737057800,18.650057861328126,-1.761732816696167,-0.28727245330810547,0.8339681625366211
1788893120747079400,18.660079345703124,-1.6210253238677979,-0.322629451751709,0.9485511779785156
1788893120757101600,18.6701015625,-1.4384076595306396,-0.38141441345214844,1.0441741943359375
1788893120767124000,18.6801240234375,-1.2499914169311523,-0.47918033599853516,1.0911240577697754
1788893120777147000,18.69014697265625,-1.1909632682800293,-0.650792121887207,1.137502670288086
1788893120787169800,18.700169677734376,-1.342921495437622,-0.8981423377990723,1.122626781463623
1788893120797193000,18.71019287109375,-1.3982529640197754,-1.227612018585205,1.0410332679748535
1788893120807216400,18.72021630859375,-1.241161823272705,-1.5456180572509766,0.5869803428649902
1788893120817245000,18.730244873046875,-0.9058210849761963,-1.874349594116211,0.009623050689697266
1788893120827261200,18.74026123046875,-0.4907677173614502,-2.262463092803955,-0.5033636093139648
1788893120837277700,18.750277587890626,0.10433101654052734,-2.71781587600708,-1.1454706192016602
1788893120847294500,18.76029443359375,0.964801549911499,-3.1891937255859375,-1.8533616065979004
1788893120857312000,18.77031201171875,1.8203861713409424,-3.3132128715515137,-2.1741209030151367
1788893120867330000,18.780330078125,2.354231834411621,-3.2623419761657715,-1.9397826194763184
1788893120877348600,18.7903486328125,2.4657511711120605,-3.0026659965515137,-1.5250015258789062
1788893120887368200,18.8003681640625,2.286130428314209,-2.592555522918701,-1.2720656394958496
1788893120897388800,18.810388916015626,1.7187857627868652,-2.327414035797119,-1.0020065307617188
1788893120907410000,18.820409912109376,0.9020223617553711,-1.9008841514587402,-0.6714262962341309
1788893120917432000,18.83043212890625,0.0022211074829101562,-1.400238037109375,-0.5207271575927734
1788893120927454700,18.840454833984374,-0.8442490100860596,-0.8767480850219727,-0.456911563873291
1788893120937478400,18.850478515625,-1.3768036365509033,-0.46140050888061523,-0.5747113227844238
1788893120947502300,18.86050244140625,-1.694349765777588,-0.3232607841491699,-0.8794074058532715
1788893120957526800,18.87052685546875,-1.910599708557129,-0.19661569595336914,-1.1040358543395996
1788893120967551500,18.880551513671875,-2.0037343502044678,-0.00579833984375,-1.2061357498168945
1788893120977576200,18.890576171875,-1.7777824401855469,0.10474920272827148,-1.3553743362426758
1788893120987601000,18.900600830078126,-1.3705964088439941,0.10467100143432617,-1.509200096130371
1788893120997622300,18.910622314453125,-0.9464526176452637,0.07906293869018555,-1.629267692565918
1788893121007643400,18.920643310546875,-0.6104106903076172,0.09427356719970703,-1.7770423889160156
1788893121017662000,18.930661865234374,-0.329315185546875,0.16435670852661133,-1.9860801696777344
1788893121027680500,18.940680419921875,-0.06479120254516602,0.33259010314941406,-2.2518978118896484
1788893121037699600,18.950699462890626,0.12728118896484375,0.5413608551025391,-2.582627773284912
1788893121047719000,18.960718994140624,0.21079015731811523,0.8092374801635742,-2.8611907958984375
1788893121057738800,18.97073876953125,0.13899612426757812,0.9930205345153809,-2.853107452392578
1788893121067759000,18.980759033203125,0.018747329711914062,1.2089276313781738,-3.046515464782715
1788893121077779700,18.99077978515625,-0.03987836837768555,1.3993477821350098,-3.139472484588623
1788893121087800800,19.00080078125,-0.07523250579833984,1.502586841583252,-2.9223012924194336
1788893121097822500,19.010822509765624,-0.12552642822265625,1.5773892402648926,-2.6168031692504883
1788893121107844600,19.0208447265625,-0.23897409439086914,1.6395049095153809,-2.2921228408813477
1788893121117867000,19.030866943359374,-0.3108940124511719,1.7187199592590332,-1.926309585571289
1788893121127890000,19.040889892578125,-0.3410801887512207,1.8640294075012207,-1.611569881439209
1788893121137912800,19.050912841796876,-0.3532991409301758,2.0525174140930176,-1.3825364112854004
1788893121147936000,19.06093603515625,-0.37117862701416016,2.2320027351379395,-1.229921817779541
1788893121157959400,19.07095947265625,-0.39487648010253906,2.4070663452148438,-1.1154303550720215
1788893121167988000,19.080988037109375,-0.32426929473876953,2.53420352935791,-1.0482654571533203
1788893121178004200,19.091004150390624,-0.28838109970092773,2.617293357849121,-1.0556821823120117
1788893121188020500,19.1010205078125,-0.31444835662841797,2.6556529998779297,-1.0875115394592285
1788893121198037200,19.111037353515623,-0.4454216957092285,2.657538414001465,-1.1610980033874512
1788893121208054800,19.1210546875,-0.5956234931945801,2.640413761138916,-1.2554020881652832
1788893121218072600,19.131072509765627,-0.7073531150817871,2.6167073249816895,-1.3146209716796875
1788893121228091400,19.14109130859375,-0.7706484794616699,2.546912670135498,-1.2741503715515137
1788893121238111000,19.151111083984375,-0.7752499580383301,2.4444479942321777,-1.241539478302002
1788893121248131300,19.16113134765625,-0.7739777565002441,2.264751434326172,-1.2620415687561035
1788893121258152700,19.171152587890624,-0.7632651329040527,2.0304274559020996,-1.310558795928955
1788893121268174800,19.1811748046875,-0.6499361991882324,1.7732396125793457,-1.4200739860534668
1788893121278197800,19.19119775390625,-0.4294590950012207,1.4911856651306152,-1.5061140060424805
1788893121288221200,19.20122119140625,-0.09278106689453125,1.187915325164795,-1.4237709045410156
1788893121298245400,19.211245361328125,0.2843461036682129,0.964500904083252,-1.1590399742126465
1788893121308269800,19.221269775390624,0.6912841796875,0.8330016136169434,-0.9560370445251465
1788893121318294500,19.23129443359375,1.1194820404052734,0.7332677841186523,-0.7785072326660156
1788893121328319500,19.241319580078127,1.4125490188598633,0.768648624420166,-0.25708675384521484
1788893121338343700,19.25134375,1.5767936706542969,0.8418774604797363,-0.0697026252746582
1788893121348364800,19.26136474609375,1.5873889923095703,0.9306259155273438,-0.013938426971435547
1788893121358383400,19.27138330078125,1.4147748947143555,1.0610523223876953,0.04432106018066406
1788893121368402200,19.281402099609377,1.1424145698547363,1.115229606628418,-0.08162927627563477
1788893121378421000,19.2914208984375,0.9044108390808105,1.05491304397583,-0.25705957412719727
1788893121388440300,19.3014404296875,0.7766885757446289,0.9553871154785156,-0.31303930282592773
1788893121398460200,19.311460205078124,0.6911349296569824,0.8203983306884766,-0.18709802627563477
1788893121408480300,19.321480224609374,0.6955471038818359,0.75897216796875,-0.2508821487426758
1788893121418501000,19.331501220703124,0.6950955390930176,0.7598390579223633,-0.3624892234802246
1788893121428522200,19.341522216796875,0.6179933547973633,0.7972097396850586,-0.43837451934814453
1788893121438544000,19.3515439453125,0.5169429779052734,0.8420186042785645,-0.4113631248474121
1788893121448565800,19.361565673828125,0.38777875900268555,0.9042282104492188,-0.42030763626098633
1788893121458588400,19.37158837890625,0.2737245559692383,0.964747428894043,-0.46027374267578125
1788893121468611000,19.381611083984374,0.19847488403320312,0.9665522575378418,-0.3979825973510742
1788893121478634000,19.391634033203125,0.17088985443115234,0.9152107238769531,-0.30676937103271484
1788893121488657200,19.4016572265625,0.17164134979248047,0.8643355369567871,-0.17373371124267578
1788893121498680600,19.4116806640625,0.10969018936157227,0.8192243576049805,-0.05241537094116211
1788893121508709400,19.42170947265625,0.013851165771484375,0.794579029083252,-0.01016378402709961
1788893121518725600,19.4317255859375,-0.0958547592163086,0.7715854644775391,-0.036884307861328125
1788893121528742100,19.4417421875,-0.1755356788635254,0.706939697265625,-0.1215968132019043
1788893121538759000,19.451759033203125,-0.296112060546875,0.595125675201416,-0.21926498413085938
1788893121548776400,19.4617763671875,-0.3756294250488281,0.4927821159362793,-0.3329305648803711
1788893121558794500,19.47179443359375,-0.4280276298522949,0.37470054626464844,-0.3313913345336914
1788893121568813000,19.48181298828125,-0.48682165145874023,0.29335546493530273,-0.3055720329284668
1788893121578832600,19.49183251953125,-0.40436220169067383,0.21950626373291016,-0.36521100997924805
1788893121588853200,19.501853271484375,-0.2200608253479004,0.16176080703735352,-0.4285764694213867
1788893121598874400,19.511874267578126,0.04092073440551758,0.05741167068481445,-0.35271549224853516
1788893121608896500,19.521896484375,0.28186988830566406,-0.059879302978515625,-0.2012796401977539
1788893121618919400,19.53191943359375,0.4493422508239746,-0.18938827514648438,-0.05276823043823242
1788893121628942800,19.54194287109375,0.5612540245056152,-0.26330995559692383,0.1142110824584961
1788893121638966800,19.551966796875,0.5454516410827637,-0.2852458953857422,0.3260211944580078
1788893121648991000,19.561990966796873,0.40778684616088867,-0.27257490158081055,0.576237678527832
1788893121659015700,19.572015625,0.12178707122802734,-0.19484949111938477,0.8117809295654297
1788893121669040400,19.582040283203124,-0.2148456573486328,-0.06989192962646484,0.9467573165893555
1788893121679065000,19.592065185546875,-0.5093612670898438,0.040926456451416016,0.972710132598877
1788893121689086200,19.602086181640626,-0.746436595916748,0.10402250289916992,0.9103488922119141
1788893121699107600,19.612107666015625,-0.8488655090332031,0.07104969024658203,0.8523941040039062
1788893121709126000,19.6221259765625,-0.8071026802062988,-0.015956878662109375,0.7766809463500977
1788893121719144700,19.632144775390625,-0.6744670867919922,-0.14455652236938477,0.6613483428955078
1788893121729163500,19.64216357421875,-0.4906883239746094,-0.2786564826965332,0.632049560546875
1788893121739182800,19.652182861328125,-0.2680678367614746,-0.39119529724121094,0.5972394943237305
1788893121749202700,19.66220263671875,0.014423847198486328,-0.4677424430847168,0.6115221977233887
1788893121759222800,19.672222900390626,0.2777724266052246,-0.5214571952819824,0.6663503646850586
1788893121769243600,19.68224365234375,0.4825148582458496,-0.555396556854248,0.7489223480224609
1788893121779264800,19.6922646484375,0.5571479797363281,-0.5533108711242676,0.7518963813781738
1788893121789286400,19.702286376953126,0.5314855575561523,-0.5275163650512695,0.7741537094116211
1788893121799308300,19.712308349609376,0.4980807304382324,-0.4195365905761719,0.7869682312011719
1788893121809330700,19.72233056640625,0.3874492645263672,-0.2912325859069824,0.758277416229248
1788893121819353300,19.732353271484374,0.24519109725952148,-0.15285444259643555,0.6910152435302734
1788893121829376500,19.74237646484375,0.06430244445800781,-0.04856395721435547,0.5792183876037598
1788893121839399700,19.752399658203124,-0.1330709457397461,0.0198822021484375,0.47146034240722656
1788893121849422800,19.7624228515625,-0.30304813385009766,0.06064033508300781,0.4387373924255371
1788893121859451400,19.772451416015624,-0.40805673599243164,0.12028884887695312,0.44361162185668945
1788893121869468200,19.78246826171875,-0.4966239929199219,0.14103412628173828,0.4250798225402832
1788893121879485000,19.79248486328125,-0.504239559173584,0.11803674697875977,0.3316183090209961
1788893121889502000,19.802501953125,-0.4051690101623535,0.03754997253417969,0.23915529251098633
1788893121899519500,19.81251953125,-0.21229934692382812,-0.08597183227539062,0.043306827545166016
1788893121909537500,19.82253759765625,0.032114505767822266,-0.24789762496948242,-0.2747683525085449
1788893121919556600,19.832556640625,0.3848581314086914,-0.429046630859375,-0.5415849685668945
1788893121929576200,19.842576171875,0.7951474189758301,-0.6241297721862793,-0.736363410949707
1788893121939596800,19.8525966796875,1.1693344116210938,-0.8061203956604004,-0.8981313705444336
1788893121949618000,19.862617919921874,1.442887783050537,-0.8984932899475098,-0.9986772537231445
1788893121959640000,19.87264013671875,1.5268549919128418,-0.9052700996398926,-0.980720043182373
1788893121969662700,19.882662841796876,1.334010124206543,-0.7819428443908691,-0.9157023429870605
1788893121979686100,19.89268603515625,0.9650764465332031,-0.5508813858032227,-0.8880071640014648
1788893121989709800,19.902709716796874,0.549778938293457,-0.24890613555908203,-0.9809684753417969
1788893121999734000,19.912734130859373,0.11996030807495117,0.00854635238647461,-0.9757175445556641
1788893122009758500,19.922758544921876,-0.31337547302246094,0.22659587860107422,-0.8666882514953613
1788893122019783200,19.932783203125,-0.6871118545532227,0.46296167373657227,-0.6966261863708496
1788893122029807400,19.942807373046875,-0.9819097518920898,0.7221617698669434,-0.4651932716369629
1788893122039828500,19.952828369140626,-1.2111480236053467,0.9752554893493652,-0.10455656051635742
1788893122049847000,19.962846923828124,-1.387826919555664,1.2262592315673828,0.3535456657409668
1788893122059865600,19.972865478515626,-1.5777204036712646,1.498603343963623,0.8909502029418945
1788893122069884700,19.982884765625,-1.7745776176452637,1.782820701599121,1.3358728885650635
1788893122079904000,19.992904052734374,-1.9110300540924072,2.0636916160583496,1.6747853755950928
1788893122089923800,20.002923828125,-2.035310745239258,2.254293441772461,1.9220945835113525
1788893122099944000,20.01294384765625,-2.0959198474884033,2.3101391792297363,2.044727325439453
1788893122109964500,20.022964599609374,-2.066541910171509,2.2339301109313965,2.0526647567749023
1788893122119985700,20.032985595703124,-1.9144277572631836,1.9895076751708984,1.9355571269989014
1788893122130007300,20.04300732421875,-1.5625252723693848,1.5306401252746582,1.8637008666992188
1788893122140029400,20.053029541015626,-1.0112080574035645,0.9022502899169922,1.539067268371582
1788893122150051800,20.0630517578125,-0.3278212547302246,0.18665647506713867,1.0053110122680664
1788893122160074500,20.073074462890624,0.48680806159973145,-0.623558521270752,0.22350025177001953
1788893122170097400,20.083097412109375,1.3631665706634521,-1.686293125152588,-0.48116350173950195
1788893122180120600,20.09312060546875,2.202354907989502,-2.8607029914855957,-1.1458940505981445
1788893122190143700,20.103143798828125,3.0802454948425293,-3.4784998893737793,-1.4205741882324219
1788893122200172500,20.113172607421873,3.537883996963501,-3.664761543273926,-1.4690947532653809
1788893122210189000,20.12318896484375,3.715259313583374,-3.702383041381836,-1.7005462646484375
1788893122220205600,20.13320556640625,3.527935028076172,-3.8663692474365234,-2.2066712379455566
1788893122230222600,20.14322265625,2.9058847427368164,-3.677983283996582,-2.518714427947998
1788893122240240000,20.153240234375,1.9955153465270996,-3.4713711738586426,-2.4606571197509766
1788893122250258200,20.163258056640625,0.8953695297241211,-3.2380661964416504,-2.023247718811035
1788893122260277000,20.173277099609376,-0.15970849990844727,-2.9292445182800293,-1.4240446090698242
1788893122270296600,20.183296630859374,-1.1169350147247314,-2.5227608680725098,-0.7510700225830078
1788893122280317000,20.19331689453125,-1.7918450832366943,-2.488736152648926,-0.19289827346801758
1788893122290338300,20.20333837890625,-2.4104995727539062,-2.417825698852539,0.42589426040649414
1788893122300360200,20.213360107421874,-2.9139537811279297,-1.7811079025268555,1.1420183181762695
1788893122310383000,20.223383056640625,-3.14163875579834,-1.3052878379821777,1.533207893371582
1788893122320406300,20.23340625,-3.2739949226379395,-0.9254603385925293,1.7862424850463867
1788893122330430200,20.24343017578125,-3.189911365509033,-0.7592940330505371,1.8970074653625488
1788893122340454700,20.25345458984375,-2.9892828464508057,-0.6587672233581543,1.9677174091339111
1788893122350479000,20.26347900390625,-2.57167387008667,-0.6098103523254395,1.9517874717712402
1788893122360503800,20.27350390625,-2.095797538757324,-0.6987457275390625,1.9839389324188232
1788893122370528300,20.2835283203125,-1.6674931049346924,-0.8100557327270508,1.9591026306152344
1788893122380549400,20.29354931640625,-1.3146395683288574,-0.9950709342956543,1.978621482849121
1788893122390568000,20.30356787109375,-1.0536551475524902,-1.0401625633239746,2.1237399578094482
1788893122400586500,20.31358642578125,-0.8776340484619141,-1.026320457458496,2.162541151046753
1788893122410605600,20.32360546875,-0.6945524215698242,-1.0871615409851074,2.0690979957580566
1788893122420625000,20.333625,-0.5273427963256836,-1.0450315475463867,1.9318833351135254
1788893122430644500,20.34364453125,-0.30916261672973633,-0.9377822875976562,1.7959370613098145
1788893122440664800,20.353664794921876,-0.030085325241088867,-0.8802652359008789,1.525951862335205
1788893122450685400,20.363685546875,0.2925245761871338,-0.882357120513916,1.2031164169311523
1788893122460706600,20.37370654296875,0.6041936874389648,-0.9154376983642578,1.0136137008666992
1788893122470728200,20.383728271484376,0.8851330280303955,-1.0265092849731445,0.9562435150146484
1788893122480750300,20.393750244140627,1.0407354831695557,-1.089705467224121,1.0342350006103516
1788893122490772700,20.403772705078126,1.1009068489074707,-1.0888690948486328,1.1927294731140137
1788893122500795400,20.41379541015625,0.9586877822875977,-1.170546054840088,1.2920374870300293
1788893122510818300,20.423818359375,0.5434398651123047,-1.169553279876709,1.384315013885498
1788893122520841500,20.433841552734375,0.03289318084716797,-1.0449161529541016,1.1963787078857422
1788893122530864600,20.44386474609375,-0.41574954986572266,-0.8921575546264648,0.8355746269226074
1788893122540893200,20.45389306640625,-0.7173168659210205,-0.797696590423584,0.5819530487060547
1788893122550909700,20.46390966796875,-0.9626600742340088,-0.7900094985961914,0.5052070617675781
1788893122560926200,20.47392626953125,-1.1001732349395752,-0.7880549430847168,0.27379894256591797
1788893122570943000,20.48394287109375,-1.1653926372528076,-0.7455830574035645,-0.007367610931396484
1788893122580960500,20.49396044921875,-1.2000620365142822,-0.6979494094848633,-0.22458505630493164
1788893122590978600,20.503978515625,-1.1986210346221924,-0.651214599609375,-0.3035740852355957
1788893122600997000,20.5139970703125,-1.1264872550964355,-0.6349606513977051,-0.3757147789001465
1788893122611016700,20.5240166015625,-1.0634832382202148,-0.6647300720214844,-0.4615511894226074
1788893122621037300,20.534037353515625,-0.9674737453460693,-0.6888704299926758,-0.5983085632324219
1788893122631058400,20.544058349609376,-0.7123708724975586,-0.6267156600952148,-0.9974322319030762
1788893122641080600,20.55408056640625,-0.3318500518798828,-0.6080179214477539,-1.5323281288146973
1788893122651103200,20.564103271484374,0.15884637832641602,-0.8381991386413574,-1.7579073905944824
1788893122661126700,20.574126708984377,0.6149711608886719,-1.159010410308838,-1.7466740608215332
1788893122671150600,20.584150634765624,0.9116291999816895,-1.3929948806762695,-1.8482112884521484
1788893122681174800,20.5941748046875,1.1278233528137207,-1.439173698425293,-1.735870361328125
1788893122691199500,20.604199462890627,1.2790322303771973,-1.2906289100646973,-1.532020092010498
1788893122701224200,20.61422412109375,1.3175363540649414,-1.0885601043701172,-1.4512310028076172
1788893122711248600,20.62424853515625,1.0879321098327637,-0.7966432571411133,-1.262007236480713
1788893122721270000,20.63427001953125,0.7207255363464355,-0.4304337501525879,-1.0883402824401855
1788893122731288300,20.644288330078126,0.3544344902038574,-0.07328462600708008,-0.9294605255126953
1788893122741307100,20.65430712890625,0.002262592315673828,0.2334437370300293,-0.7360959053039551
1788893122751326000,20.664325927734374,-0.39006471633911133,0.5424041748046875,-0.5533661842346191
1788893122761345300,20.67434521484375,-0.7876310348510742,0.7374820709228516,-0.2685842514038086
1788893122771365000,20.684365234375,-1.1185510158538818,0.9654045104980469,-0.06646871566772461
1788893122781385200,20.69438525390625,-1.3123083114624023,1.2477912902832031,0.044921875
1788893122791406000,20.704406005859376,-1.4217891693115234,1.5491976737976074,0.15340518951416016
1788893122801427200,20.71442724609375,-1.462566614151001,1.7721953392028809,0.1975264549255371
1788893122811448800,20.72444873046875,-1.3749034404754639,1.9578776359558105,0.1965031623840332
1788893122821470700,20.734470703125,-1.0619001388549805,2.0653181076049805,0.21751070022583008
1788893122831493000,20.7444931640625,-0.6185076236724854,2.067781448364258,0.2894415855407715
1788893122841516000,20.75451611328125,-0.12583494186401367,2.034487247467041,0.1491107940673828
1788893122851539000,20.7645390625,0.4052424430847168,1.9768133163452148,-0.19887828826904297
1788893122861562000,20.77456201171875,1.0181708335876465,1.8440394401550293,-0.617802619934082
1788893122871585300,20.784585205078123,1.664792537689209,1.519463062286377,-0.972111701965332
1788893122881613800,20.79461376953125,2.299180507659912,1.0835771560668945,-1.1405205726623535
1788893122891630000,20.804630126953125,2.8696789741516113,0.8106026649475098,-1.0843653678894043
1788893122901646600,20.814646484375,3.309485912322998,0.6072196960449219,-0.9504575729370117
1788893122911663400,20.824663330078124,3.4218313694000244,0.5002541542053223,-0.8171482086181641
1788893122921680600,20.8346806640625,3.327968120574951,0.5266270637512207,-0.6426668167114258
1788893122931698700,20.84469873046875,2.81832218170166,0.5189189910888672,-0.522486686706543
1788893122941717200,20.85471728515625,2.1248254776000977,0.6732883453369141,-0.3354196548461914
1788893122951736800,20.86473681640625,1.402237892150879,0.8502931594848633,-0.16445446014404297
1788893122961757400,20.87475732421875,0.7202901840209961,1.022603988647461,-0.05762672424316406
1788893122971778600,20.884778564453125,0.04134654998779297,1.091092586517334,0.16063547134399414
1788893122981800700,20.89480078125,-0.45955657958984375,1.0468902587890625,0.35404109954833984
1788893122991823400,20.9048232421875,-0.7827379703521729,1.0032062530517578,0.4389934539794922
1788893123001847000,20.914846923828126,-0.9576842784881592,1.0156078338623047,0.5606832504272461
1788893123011871000,20.92487109375,-1.0350394248962402,1.029810905456543,0.7138495445251465
1788893123021895400,20.9348955078125,-0.9276971817016602,1.0489768981933594,0.8446559906005859
1788893123031920000,20.944920166015624,-0.6884543895721436,0.9942831993103027,0.9471297264099121
1788893123041944800,20.95494482421875,-0.36474084854125977,0.8875041007995605,1.0777597427368164
1788893123051969000,20.964968994140627,-0.004311561584472656,0.740333080291748,1.1595544815063477
1788893123061990400,20.974990478515625,0.3721919059753418,0.5545186996459961,1.1821527481079102
1788893123072009000,20.985009033203124,0.7122771739959717,0.40442848205566406,1.2692489624023438
1788893123082027500,20.995027587890625,1.055574655532837,0.27969980239868164,1.3526520729064941
1788893123092046600,21.005046630859376,1.246642827987671,0.1987590789794922,1.364840030670166
1788893123102066000,21.01506591796875,1.374955654144287,0.2534022331237793,1.4330368041992188
1788893123112085500,21.02508544921875,1.4736638069152832,0.3308854103088379,1.5070323944091797
1788893123122105900,21.03510595703125,1.4198670387268066,0.34733009338378906,1.580732822418213
1788893123132126500,21.04512646484375,1.301053524017334,0.3293032646179199,1.671475887298584
1788893123142147600,21.055147705078124,1.147195816040039,0.3080911636352539,1.7010183334350586
1788893123152169200,21.065169189453126,1.0014314651489258,0.2667245864868164,1.7200183868408203
1788893123162191000,21.075191162109373,0.879863977432251,0.20688676834106445,1.7422428131103516
1788893123172213500,21.085213623046876,0.7470552921295166,0.1201944351196289,1.6821870803833008
1788893123182236400,21.095236328125,0.5769002437591553,0.0019249916076660156,1.5032343864440918
1788893123192259300,21.10525927734375,0.46238183975219727,-0.1490473747253418,1.251002311706543
1788893123202282500,21.115282470703125,0.34303760528564453,-0.2864665985107422,0.9664301872253418
1788893123212305700,21.1253056640625,0.2258009910583496,-0.44086694717407227,0.7387003898620605
1788893123222334200,21.135334228515624,0.08840608596801758,-0.599428653717041,0.5177631378173828
1788893123232350500,21.1453505859375,-0.034825801849365234,-0.743380069732666,0.41446542739868164
1788893123242367000,21.155366943359375,-0.12868785858154297,-0.84796142578125,0.40445852279663086
1788893123252383700,21.1653837890625,-0.20296049118041992,-0.8972611427307129,0.3568706512451172
1788893123262401000,21.175401123046875,-0.26285600662231445,-0.9417672157287598,0.27416086196899414
1788893123272419000,21.185419189453125,-0.2747182846069336,-0.9648623466491699,0.22112321853637695
1788893123282437600,21.195437744140627,-0.29933929443359375,-0.9221200942993164,0.053775787353515625
1788893123292457200,21.205457275390625,-0.3155508041381836,-0.8804864883422852,-0.1356363296508789
1788893123302477800,21.215477783203124,-0.4060215950012207,-0.7975873947143555,-0.3585333824157715
1788893123312499000,21.2254990234375,-0.49509143829345703,-0.7373509407043457,-0.8014798164367676
1788893123322521000,21.23552099609375,-0.5143899917602539,-0.7558426856994629,-1.282449722290039
1788893123332544000,21.2455439453125,-0.41783905029296875,-0.7851333618164062,-1.9034533500671387
1788893123342567400,21.2555673828125,-0.15499353408813477,-0.7812614440917969,-2.6026735305786133
1788893123352591400,21.26559130859375,0.32689428329467773,-0.9390387535095215,-3.133704662322998
1788893123362615800,21.27561572265625,0.9145002365112305,-1.1979131698608398,-3.2419228553771973
1788893123372640500,21.285640625,1.4967169761657715,-1.3904895782470703,-3.132481575012207
1788893123382665200,21.295665283203125,1.8968725204467773,-1.5023250579833984,-2.995319366455078
1788893123392689700,21.305689697265624,2.123910427093506,-1.3843746185302734,-2.731997013092041
1788893123402710800,21.315710693359375,2.0389981269836426,-1.1008329391479492,-2.2482309341430664
1788893123412732000,21.32573193359375,1.5479540824890137,-0.791168212890625,-1.722548007965088
1788893123422750500,21.33575048828125,0.9735584259033203,-0.39331674575805664,-1.347156047821045
1788893123432769000,21.34576904296875,0.43671178817749023,0.015266895294189453,-1.0551214218139648
1788893123442787800,21.355787841796875,-0.09451436996459961,0.413820743560791,-0.7307219505310059
1788893123452807200,21.36580712890625,-0.640160322189331,0.7893838882446289,-0.5496301651000977
1788893123462827000,21.375826904296876,-1.102975606918335,1.117231845855713,-0.4043769836425781
1788893123472847000,21.38584716796875,-1.3866651058197021,1.2821555137634277,-0.32235288619995117
1788893123482868000,21.395867919921876,-1.5205495357513428,1.4403839111328125,-0.2111644744873047
1788893123492889000,21.40588916015625,-1.4844176769256592,1.5130367279052734,-0.17106389999389648
1788893123502910700,21.41591064453125,-1.2352862358093262,1.579179286956787,-0.2406935691833496
1788893123512932600,21.4259326171875,-0.8460917472839355,1.6309504508972168,-0.4821329116821289
1788893123522955000,21.435955078125,-0.39890408515930176,1.6801152229309082,-0.8618640899658203
1788893123532977700,21.445977783203126,0.024138689041137695,1.6953034400939941,-1.3461723327636719
1788893123543000800,21.456000732421874,0.47806739807128906,1.6644911766052246,-1.8689188957214355
1788893123553024000,21.46602392578125,0.9079339504241943,1.5568084716796875,-2.3977293968200684
1788893123563047200,21.476047119140624,1.1991662979125977,1.328258991241455,-2.690249443054199
1788893123573075700,21.48607568359375,1.40446138381958,1.3138389587402344,-2.8003153800964355
1788893123583092200,21.49609228515625,1.4461357593536377,1.275132656097412,-2.8092355728149414
1788893123593108700,21.506108642578123,1.2662909030914307,1.270514965057373,-2.650033950805664
1788893123603125500,21.51612548828125,0.914872407913208,1.3320374488830566,-2.309779167175293
1788893123613142800,21.526142822265626,0.44672298431396484,1.535614013671875,-1.991236686706543
1788893123623160800,21.536160888671876,-0.07385015487670898,1.7511372566223145,-1.73321533203125
1788893123633179600,21.5461796875,-0.6268899440765381,1.9329042434692383,-1.5676236152648926
1788893123643199200,21.55619921875,-1.193025827407837,2.067600727081299,-1.395780086517334
1788893123653219600,21.566219482421875,-1.611196517944336,2.2129931449890137,-1.2721729278564453
1788893123663241000,21.576240966796874,-1.883610486984253,2.2676916122436523,-1.0966134071350098
1788893123673262800,21.586262939453125,-2.0894076824188232,2.4125733375549316,-0.9559664726257324
1788893123683285800,21.59628564453125,-2.2184267044067383,2.574735164642334,-0.8950819969177246
1788893123693309200,21.60630908203125,-2.3380370140075684,2.757019519805908,-0.886988639831543
1788893123703333000,21.6163330078125,-2.410938024520874,2.93402099609375,-0.839238166809082
1788893123713357300,21.626357421875,-2.4245502948760986,3.0660996437072754,-0.6797213554382324
1788893123723382000,21.636382080078125,-2.3716742992401123,3.1328606605529785,-0.4710707664489746
1788893123733406700,21.64640673828125,-2.250169038772583,3.1898040771484375,-0.2610626220703125
1788893123743431200,21.65643115234375,-2.0728235244750977,3.1871471405029297,-0.02626514434814453
1788893123753452300,21.666452392578126,-1.8673791885375977,3.138063907623291,0.20734786987304688
1788893123763470800,21.676470947265624,-1.6182444095611572,3.032100200653076,0.25618410110473633
1788893123773489400,21.686489501953126,-1.3531169891357422,2.877638816833496,0.07115793228149414
1788893123783508500,21.696508544921876,-1.0953657627105713,2.6787962913513184,-0.29732418060302734
1788893123793527800,21.70652783203125,-0.7497687339782715,2.4115920066833496,-0.776247501373291
1788893123803547400,21.71654736328125,-0.25487518310546875,2.0673046112060547,-1.3796043395996094
1788893123813567700,21.726567626953123,0.33598804473876953,1.556182861328125,-2.0400891304016113
1788893123823588400,21.73658837890625,0.9400629997253418,1.0425701141357422,-2.4880290031433105
1788893123833609500,21.746609375,1.3964009284973145,0.532811164855957,-2.8538756370544434
1788893123843631000,21.756631103515623,1.6745414733886719,0.10696077346801758,-2.9254446029663086
1788893123853653000,21.766653076171874,1.7799324989318848,-0.32042980194091797,-2.7825822830200195
1788893123863675400,21.77667529296875,1.6087675094604492,-0.6872239112854004,-2.689614772796631
1788893123873698300,21.7866982421875,1.200721263885498,-0.873720645904541,-2.666675090789795
1788893123883721200,21.79672119140625,0.7471694946289062,-0.8727502822875977,-3.109189510345459
1788893123893744400,21.806744384765626,0.24582433700561523,-0.9720840454101562,-3.1962742805480957
1788893123903767600,21.816767578125,-0.1985015869140625,-1.1050810813903809,-3.2626638412475586
1788893123913796000,21.826796142578125,-0.46039772033691406,-1.2104129791259766,-3.4926276206970215
1788893123923812600,21.8368125,-0.5721626281738281,-1.2340788841247559,-3.799898624420166
1788893123933829000,21.8468291015625,-0.614342212677002,-1.3046760559082031,-3.9688363075256348
1788893123943846100,21.85684619140625,-0.5622591972351074,-1.3449029922485352,-4.080560207366943
1788893123953863400,21.866863525390624,-0.4815683364868164,-1.2728910446166992,-4.277498245239258
1788893123963881500,21.876881591796874,-0.3757748603820801,-1.1635422706604004,-4.158311367034912
1788893123973900300,21.886900390625,-0.25225210189819336,-1.0992541313171387,-3.7824654579162598
1788893123983919900,21.896919921875,-0.25823020935058594,-0.9651861190795898,-3.283565044403076
1788893123993940500,21.9069404296875,-0.3986845016479492,-0.7692532539367676,-2.568885326385498
1788893124003961600,21.916961669921875,-0.563690185546875,-0.4938182830810547,-1.8437018394470215
1788893124013983700,21.926983642578126,-0.6967353820800781,-0.22117233276367188,-1.0844388008117676
1788893124024006400,21.93700634765625,-0.7609148025512695,0.05104875564575195,-0.4907207489013672
1788893124034029800,21.94702978515625,-0.7771539688110352,0.3004598617553711,0.020748138427734375
1788893124044053800,21.9570537109375,-0.6512246131896973,0.4995765686035156,0.4479231834411621
1788893124054078000,21.967077880859375,-0.5083928108215332,0.6437907218933105,0.8427653312683105
1788893124064102700,21.9771025390625,-0.47530698776245117,0.7366609573364258,1.2094149589538574
1788893124074127400,21.98712744140625,-0.5071001052856445,0.8665781021118164,1.438009262084961
1788893124084151600,21.997151611328125,-0.5097780227661133,0.9928507804870605,1.7544302940368652
1788893124094173000,22.0071728515625,-0.47109079360961914,1.1621665954589844,2.019591808319092
1788893124104191200,22.017191162109373,-0.37345266342163086,1.3299431800842285,2.248507499694824
1788893124114210000,22.0272099609375,-0.31864166259765625,1.4950780868530273,2.408146858215332
1788893124126758000,22.0397578125,-0.32480382919311523,1.6385293006896973,2.745319366455078
1788893124136768300,22.049768310546874,-0.26515722274780273,1.708653450012207,2.925325632095337
1788893124146779000,22.05977880859375,-0.20833921432495117,1.7366652488708496,2.8968968391418457
1788893124156790500,22.06979052734375,-0.13389921188354492,1.7293424606323242,2.6747984886169434
1788893124166803200,22.07980322265625,0.06697368621826172,1.708144187927246,2.1811957359313965
1788893124182473200,22.09547314453125,0.7830333709716797,1.3595385551452637,0.9883251190185547
1788893124192454000,22.105453857421875,1.2757234573364258,1.063502311706543,0.41768407821655273
1788893124202438700,22.115438720703125,1.7905616760253906,0.6631855964660645,-0.051807403564453125
1788893124212428000,22.125427978515624,2.226226806640625,0.2107539176940918,-0.2405529022216797
1788893124222424000,22.135424072265625,2.509291172027588,-0.20651960372924805,-0.1293935775756836
1788893124232427000,22.145427001953124,2.5315628051757812,-0.4678630828857422,0.11570501327514648
1788893124242437400,22.155437255859376,2.122225761413574,-0.648017406463623,0.2985835075378418
1788893124252455200,22.165455078125,1.3635578155517578,-0.6784591674804688,0.4848332405090332
1788893124262480600,22.175480712890625,0.6433091163635254,-0.5045318603515625,0.3167586326599121
1788893124272513300,22.18551318359375,0.12091064453125,-0.32860374450683594,0.3082742691040039
1788893124282551800,22.1955517578125,-0.3390655517578125,-0.2727174758911133,0.5001797676086426
1788893124292596000,22.205595947265625,-0.7483048439025879,-0.1620039939880371,0.5740370750427246
1788893124302644500,22.21564453125,-1.0778851509094238,-0.10421085357666016,0.4840869903564453
1788893124312695600,22.225695556640623,-1.277514934539795,-0.0629425048828125,0.4019656181335449
1788893124322748700,22.235748779296873,-1.331068992614746,-0.020024776458740234,0.392672061920166
1788893124332801800,22.2458017578125,-1.2307038307189941,0.06323909759521484,0.407865047454834
1788893124342833700,22.255833740234376,-0.9812121391296387,0.1570882797241211,0.3759427070617676
1788893124352854800,22.265854736328127,-0.7042031288146973,0.20395374298095703,0.2674674987792969
1788893124362919400,22.27591943359375,-0.31827211380004883,0.19299745559692383,0.12048721313476562
1788893124372897300,22.285897216796876,0.15665769577026367,0.08644723892211914,0.368316650390625
1788893124382877000,22.295876953125,0.5687961578369141,-0.03743934631347656,0.5918359756469727
1788893124392860000,22.30585986328125,0.8192939758300781,-0.09555816650390625,0.6598105430603027
1788893124402847200,22.31584716796875,1.0157122611999512,-0.11317157745361328,0.6742215156555176
1788893124412840700,22.3258408203125,1.2830333709716797,-0.15585088729858398,0.7634086608886719
1788893124422840600,22.335840576171876,1.5696449279785156,-0.1812753677368164,0.9128518104553223
1788893124432847600,22.34584765625,1.7989578247070312,-0.21534061431884766,1.0438084602355957
1788893124442862300,22.3558623046875,1.993091106414795,-0.3402976989746094,0.922271728515625
1788893124452884500,22.365884521484375,2.026549816131592,-0.4154796600341797,0.8261246681213379
1788893124462913500,22.37591357421875,1.9684171676635742,-0.3587074279785156,0.5705485343933105
1788893124472949500,22.385949462890625,1.8408608436584473,-0.42471790313720703,0.31473541259765625
1788893124482990600,22.395990478515625,1.5840187072753906,-0.4721560478210449,0.2553858757019043
1788893124493036500,22.40603662109375,1.3038716316223145,-0.5005478858947754,0.2494802474975586
1788893124503085600,22.41608544921875,0.9981131553649902,-0.5276331901550293,0.3264336585998535
1788893124513137000,22.426136962890624,0.637962818145752,-0.5649919509887695,0.42397165298461914
1788893124523189000,22.43618896484375,0.42705440521240234,-0.5670595169067383,0.3545074462890625
1788893124533236500,22.446236572265626,0.3674497604370117,-0.6302633285522461,0.33902406692504883
1788893124543257900,22.4562578125,0.38419485092163086,-0.7912912368774414,0.4331655502319336
1788893124553257200,22.46625732421875,0.3952360153198242,-0.9068994522094727,0.5736103057861328
1788893124563258600,22.476258544921876,0.4774150848388672,-0.8999204635620117,0.5845799446105957
1788893124573261800,22.48626171875,0.6176114082336426,-0.7540225982666016,0.5348315238952637
1788893124583268000,22.49626806640625,0.6529884338378906,-0.5746369361877441,0.3640589714050293
1788893124593277700,22.506277587890626,0.6974725723266602,-0.3639345169067383,0.0756378173828125
1788893124603291100,22.516291015625,0.8099336624145508,-0.12654781341552734,-0.2774925231933594
1788893124613308200,22.52630810546875,0.9156990051269531,0.06128120422363281,-0.5955533981323242
1788893124623329000,22.5363291015625,0.9436039924621582,0.2649269104003906,-0.9142665863037109
1788893124633353500,22.546353515625,0.8870406150817871,0.41474103927612305,-1.01408052444458
1788893124643381500,22.556381591796875,0.9303526878356934,0.5667891502380371,-1.3246946334838867
1788893124653412400,22.566412353515624,1.2611894607543945,0.5055708885192871,-1.5116591453552246
1788893124663445800,22.57644580078125,1.4763884544372559,0.2703676223754883,-1.3749747276306152
1788893124673481000,22.58648095703125,1.4933314323425293,-0.11481761932373047,-1.1111083030700684
1788893124683517700,22.596517578125,1.3485631942749023,-0.4720592498779297,-0.9538888931274414
1788893124693555200,22.60655517578125,1.0196666717529297,-0.7274832725524902,-0.8093132972717285
1788893124703636000,22.616635986328124,0.45894432067871094,-0.8387351036071777,-0.5354976654052734
1788893124713618200,22.6266181640625,-0.22050857543945312,-0.7553071975708008,-0.613645076751709
1788893124723601400,22.636601318359375,-0.9012866020202637,-0.5382580757141113,-0.8076105117797852
1788893124733587700,22.646587646484374,-1.513685941696167,-0.411102294921875,-0.8642067909240723
1788893124743578000,22.656578125,-2.013946294784546,-0.2884836196899414,-1.008596420288086
1788893124765590300,22.67859033203125,-2.553698778152466,0.04094886779785156,-1.296506404876709
1788893124775588600,22.688588623046876,-2.6413118839263916,0.10739278793334961,-1.3826732635498047
1788893124785589000,22.698589111328126,-2.7916154861450195,0.20409917831420898,-1.3703365325927734
1788893124795591700,22.708591796875,-2.8047690391540527,0.32953786849975586,-1.297203540802002
1788893124805598000,22.718597900390623,-2.7074451446533203,0.4489922523498535,-1.0401415824890137
1788893124815608000,22.728608154296875,-2.4736874103546143,0.5574979782104492,-0.6112594604492188
1788893124825622000,22.7386220703125,-2.2777798175811768,0.6835460662841797,-0.12261724472045898
1788893124835640000,22.74864013671875,-2.141364812850952,0.8693370819091797,0.3046412467956543
1788893124845662500,22.758662353515625,-2.118637800216675,1.076561450958252,0.6975774765014648
1788893124855688700,22.768688720703125,-2.119189977645874,1.3101038932800293,1.0027880668640137
1788893124865718800,22.77871875,-2.1090970039367676,1.5883960723876953,1.2450671195983887
1788893124875751700,22.788751708984375,-2.101634979248047,1.8622188568115234,1.373918056488037
1788893124885787100,22.798787109375,-2.0919461250305176,2.024902820587158,1.2811594009399414
1788893124895824400,22.808824462890627,-1.897011399269104,2.1075782775878906,0.8913187980651855
1788893124905863000,22.81886279296875,-1.4330682754516602,2.127762794494629,0.07399463653564453
1788893124915901400,22.8289013671875,-0.6625142097473145,1.902869701385498,-0.8965959548950195
1788893124925932300,22.838932373046877,0.15361785888671875,1.2040343284606934,-1.4355950355529785
1788893124935953400,22.848953369140624,0.9418106079101562,0.25314998626708984,-1.8247971534729004
1788893124945980000,22.85897998046875,1.6399314403533936,-0.6265320777893066,-2.002167224884033
1788893124955996000,22.868995849609377,2.104783535003662,-1.158834457397461,-1.991135597229004
1788893124966012000,22.879011962890626,2.3554189205169678,-1.384833812713623,-1.8787479400634766
1788893124976028400,22.8890283203125,2.2507007122039795,-1.5030574798583984,-1.6650896072387695
1788893124986045200,22.899045166015625,1.6129045486450195,-1.7972297668457031,-1.412017822265625
1788893124996063000,22.90906298828125,0.7653748989105225,-1.7605347633361816,-1.3170504570007324
1788893125006081500,22.91908154296875,-0.009364128112792969,-1.6214971542358398,-1.46958589553833
1788893125016100900,22.929100830078124,-0.7276480197906494,-1.7059903144836426,-1.2743568420410156
1788893125026121200,22.939121337890626,-1.361710548400879,-1.6552658081054688,-0.9401712417602539
1788893125036142600,22.949142578125,-1.8514244556427002,-1.4748129844665527,-0.704129695892334
1788893125046164700,22.959164794921875,-2.162160873413086,-1.3012886047363281,-0.700892448425293
1788893125056188000,22.96918798828125,-2.3562064170837402,-1.1388115882873535,-0.7007699012756348
1788893125066211600,22.979211669921874,-2.4462311267852783,-1.0708394050598145,-0.6378498077392578
1788893125076236000,22.989236083984373,-2.454890727996826,-0.715939998626709,-0.16151094436645508
1788893125086260700,22.9992607421875,-2.3063509464263916,-0.4341106414794922,0.18375444412231445
1788893125096285700,23.00928564453125,-2.101787805557251,-0.15526723861694336,0.6005997657775879
1788893125106310700,23.019310546875,-1.9043902158737183,0.1631760597229004,1.1269025802612305
1788893125116335000,23.029335205078127,-1.7636997699737549,0.5213279724121094,1.6749567985534668
1788893125126356200,23.039356201171874,-1.672330379486084,0.8953714370727539,2.2429542541503906
1788893125136374800,23.049374755859375,-1.5792036056518555,1.271181583404541,2.800774574279785
1788893125146393600,23.0593935546875,-1.4812636375427246,1.6248631477355957,3.1944379806518555
1788893125156412400,23.069412353515624,-1.2853362560272217,1.8645095825195312,3.1520426273345947
1788893125166431700,23.079431640625,-1.1326353549957275,1.9885029792785645,2.6086065769195557
1788893125176451600,23.08945166015625,-0.8706645965576172,1.9218144416809082,1.624178409576416
1788893125186471700,23.0994716796875,-0.27116894721984863,1.5504894256591797,0.26204586029052734
1788893125196492500,23.109492431640625,0.5037147998809814,0.8048748970031738,-1.0207042694091797
1788893125206513700,23.119513671875,1.431886911392212,0.062220096588134766,-1.9401812553405762
1788893125216535300,23.129535400390626,2.215205192565918,-0.8574223518371582,-2.3476333618164062
1788893125226557200,23.13955712890625,2.7524406909942627,-1.6331744194030762,-2.3593530654907227
1788893125236579600,23.14957958984375,3.0029120445251465,-2.2143115997314453,-2.059558868408203
1788893125246602200,23.159602294921875,2.852949857711792,-2.8030734062194824,-1.9124279022216797
1788893125256625400,23.16962548828125,1.958336353302002,-3.119372844696045,-1.627762794494629
1788893125266648300,23.1796484375,0.8512930870056152,-3.1859216690063477,-1.5767760276794434
1788893125276671700,23.189671630859376,-0.3221900463104248,-3.3664588928222656,-1.486325740814209
1788893125286700300,23.1997001953125,-1.2516841888427734,-3.323927402496338,-1.6638684272766113
1788893125296716800,23.209716796875,-1.6619257926940918,-2.922447681427002,-1.7247018814086914
1788893125306733600,23.219733642578124,-1.7707037925720215,-3.19083309173584,-2.327615737915039
1788893125316750600,23.22975048828125,-1.8744378089904785,-2.8439741134643555,-2.4178075790405273
1788893125326768000,23.23976806640625,-1.5678093433380127,-2.384983539581299,-2.281092643737793
1788893125336786200,23.2497861328125,-1.1234691143035889,-1.9714832305908203,-2.111330032348633
1788893125346805000,23.259804931640623,-0.6439402103424072,-1.5103206634521484,-1.7682185173034668
1788893125356824800,23.269824951171874,-0.2760658264160156,-1.002852439880371,-1.154015064239502
1788893125366845200,23.27984521484375,-0.16631460189819336,-0.38621044158935547,-0.25015974044799805
1788893125376866600,23.289866455078126,-0.3131394386291504,0.34718942642211914,0.7487497329711914
1788893125386888400,23.299888427734373,-0.6269252300262451,0.971555233001709,1.5250811576843262
1788893125396911400,23.309911376953124,-1.0001344680786133,1.619633674621582,2.3156425952911377
1788893125406934800,23.319934814453124,-1.2692201137542725,2.183938503265381,3.0036346912384033
1788893125416958700,23.329958740234375,-1.5721104145050049,2.609041690826416,3.6547422409057617
1788893125426983200,23.339983154296874,-1.8696050643920898,2.892446994781494,4.214735507965088
1788893125437007600,23.350007568359374,-2.152721881866455,3.0446839332580566,4.586874961853027
1788893125447032300,23.3600322265625,-2.3739755153656006,3.0657129287719727,4.771417617797852
1788893125457056300,23.37005615234375,-2.456193447113037,3.0024118423461914,4.760648250579834
1788893125467077400,23.380077392578126,-2.4056739807128906,2.9051475524902344,4.250548839569092
1788893125477096000,23.390095947265625,-2.029118061065674,2.6982908248901367,2.926651954650879
1788893125487114500,23.400114501953126,-1.2446718215942383,2.251220226287842,1.124889850616455
1788893125497133600,23.410133544921877,-0.226182222366333,1.3478012084960938,-0.5479512214660645
1788893125507153000,23.42015283203125,1.0878493785858154,0.14306926727294922,-1.8993983268737793
1788893125517172700,23.4301728515625,2.455350160598755,-1.071690559387207,-2.6891002655029297
1788893125527192800,23.44019287109375,3.4219789505004883,-1.9071564674377441,-2.8737473487854004
1788893125537213400,23.45021337890625,4.0533552169799805,-2.408851146697998,-2.821047782897949
1788893125547234600,23.460234619140625,4.1845550537109375,-2.6770706176757812,-2.282754898071289
1788893125557256200,23.470256103515624,3.5317442417144775,-2.9382591247558594,-1.8612170219421387
1788893125567278300,23.4802783203125,2.3282084465026855,-2.4585819244384766,-1.880357265472412
1788893125577300700,23.49030078125,1.0628023147583008,-1.8998894691467285,-1.6843199729919434
1788893125587323600,23.50032373046875,-0.040001869201660156,-1.3421778678894043,-1.3731098175048828
1788893125597346600,23.5103466796875,-1.025838851928711,-0.6839785575866699,-0.8845534324645996
1788893125607369700,23.52036962890625,-1.7301344871520996,-0.6346712112426758,-0.877497673034668
1788893125617393000,23.530392822265625,-2.561621904373169,-0.7395420074462891,-0.9833221435546875
1788893125627421700,23.540421630859374,-3.26353120803833,-0.26500368118286133,-0.5888547897338867
1788893125637438000,23.55043798828125,-3.5173778533935547,0.2567863464355469,-0.04860115051269531
1788893125647454500,23.560454345703125,-3.432664632797241,0.580477237701416,0.3783140182495117
1788893125657471500,23.570471435546875,-3.1488099098205566,0.7479968070983887,0.8902368545532227
1788893125667488800,23.58048876953125,-2.6900405883789062,0.8205046653747559,1.3790740966796875
1788893125677506800,23.5905068359375,-2.28049635887146,0.8687663078308105,1.9235808849334717
1788893125687525600,23.600525634765624,-1.836559772491455,1.0079946517944336,2.3819591999053955
1788893125697545200,23.610545166015626,-1.42130446434021,1.185246467590332,2.6768898963928223
1788893125707565600,23.620565673828125,-1.0694024562835693,1.4190354347229004,2.869889974594116
1788893125717587000,23.6305869140625,-0.7845213413238525,1.6898903846740723,2.9392998218536377
1788893125727608800,23.64060888671875,-0.5665843486785889,1.853121280670166,2.8501691818237305
1788893125737631700,23.6506318359375,-0.38306307792663574,1.9454717636108398,2.634899377822876
1788893125747655200,23.6606552734375,-0.18689846992492676,1.970139980316162,2.3790626525878906
1788893125757679000,23.67067919921875,0.08318591117858887,1.8589272499084473,2.0009498596191406
1788893125767703600,23.68070361328125,0.4582359790802002,1.6534194946289062,1.3089685440063477
1788893125777728300,23.690728271484375,0.9652211666107178,1.336930751800537,0.49557924270629883
1788893125787753000,23.7007529296875,1.6162023544311523,0.8176093101501465,-0.23711824417114258
1788893125797777400,23.71077734375,2.0893077850341797,0.20086288452148438,-0.9494085311889648
1788893125807798800,23.720798828125,2.3520190715789795,-0.3355894088745117,-1.7162470817565918
1788893125817817000,23.730817138671874,2.8372247219085693,-0.7420735359191895,-2.436323642730713
1788893125827836000,23.7408359375,3.1294186115264893,-1.5398807525634766,-2.522237777709961
1788893125837854700,23.750854736328126,2.5964183807373047,-2.265021800994873,-2.3542394638061523
1788893125847874000,23.7608740234375,1.9000370502471924,-2.4394917488098145,-2.4944519996643066
1788893125857894000,23.770893798828126,1.368626594543457,-2.418285369873047,-2.5100345611572266
1788893125867914000,23.7809140625,0.8440229892730713,-2.4340744018554688,-2.2023754119873047
1788893125877934800,23.790934814453124,0.3121683597564697,-2.3052163124084473,-2.011612892150879
1788893125887956000,23.8009560546875,-0.18020391464233398,-2.2583227157592773,-1.8287124633789062
1788893125897977600,23.8109775390625,-0.486189603805542,-2.1739745140075684,-1.936028003692627
1788893125907999500,23.82099951171875,-0.41579222679138184,-1.98222017288208,-2.229173183441162
1788893125918022100,23.831022216796875,-0.2481687068939209,-2.019162178039551,-2.424619197845459
1788893125928044800,23.841044921875,-0.06934165954589844,-1.6479778289794922,-2.169489860534668
1788893125938068000,23.85106787109375,0.1690983772277832,-1.5235681533813477,-2.0257468223571777
1788893125948091100,23.861091064453124,0.4666717052459717,-1.3777170181274414,-1.9424386024475098
1788893125958114300,23.8711142578125,0.7160286903381348,-1.1742825508117676,-1.6932640075683594
1788893125968143000,23.88114306640625,0.8065094947814941,-0.8514461517333984,-1.2929720878601074
1788893125978159400,23.891159423828125,0.7231254577636719,-0.5037188529968262,-0.7105011940002441
1788893125988176000,23.90117578125,0.5376179218292236,-0.09067010879516602,-0.04950761795043945
1788893125998192600,23.911192626953124,0.3032035827636719,0.3333120346069336,0.552558422088623
1788893126008210200,23.921210205078125,-0.01593303680419922,0.7857351303100586,1.098024845123291
1788893126018228200,23.931228271484375,-0.3459045886993408,1.2408332824707031,1.6467318534851074
1788893126028246800,23.941246826171874,-0.670914888381958,1.6725678443908691,2.1056549549102783
1788893126038266400,23.951266357421876,-0.9758472442626953,2.010631561279297,2.483571767807007
1788893126048287000,23.961286865234374,-1.2176382541656494,2.2993083000183105,2.7556915283203125
1788893126058308000,23.97130810546875,-1.3955113887786865,2.519110679626465,2.842238426208496
1788893126068330200,23.981330322265624,-1.560103416442871,2.630786895751953,2.770145893096924
1788893126078353200,23.991353271484375,-1.714664340019226,2.595458507537842,2.5083396434783936
1788893126088376600,24.00137646484375,-1.7404255867004395,2.378100872039795,1.9254446029663086
1788893126098400500,24.011400390625,-1.5931988954544067,2.033597469329834,1.0714831352233887
1788893126108424700,24.0214248046875,-1.2684290409088135,1.6362595558166504,0.15270090103149414
1788893126118449400,24.031449462890624,-0.7173771858215332,1.0795717239379883,-0.9529509544372559
1788893126128474000,24.04147412109375,0.11705613136291504,0.44798803329467773,-2.305405616760254
1788893126138498800,24.051498779296875,1.02583646774292,-0.26390981674194336,-3.143637180328369
1788893126148520200,24.061520263671873,1.837857961654663,-1.0016274452209473,-3.4309778213500977
1788893126158541300,24.071541259765624,2.2861685752868652,-1.5619616508483887,-3.540752410888672
1788893126168559900,24.081559814453126,2.3510384559631348,-1.9328436851501465,-3.54835844039917
1788893126178578400,24.091578369140624,2.010232925415039,-2.131150245666504,-3.4940104484558105
1788893126188597500,24.101597412109374,1.3349542617797852,-2.020392417907715,-3.373314380645752
1788893126198616800,24.111616943359376,0.5268740653991699,-1.6761183738708496,-3.321475028991699
1788893126208636400,24.121636474609375,-0.26007986068725586,-1.2986207008361816,-2.9692912101745605
1788893126218656800,24.13165673828125,-1.069643259048462,-0.9439811706542969,-2.435722827911377
1788893126228677400,24.141677490234375,-1.8622276782989502,-0.6406478881835938,-2.0349836349487305
1788893126238698500,24.151698486328126,-2.6005091667175293,-0.32671546936035156,-1.612962245941162
1788893126248720100,24.16172021484375,-3.2297401428222656,0.10247230529785156,-1.1554698944091797
1788893126258742300,24.1717421875,-3.6496236324310303,0.5698966979980469,-0.6934585571289062
1788893126268764700,24.1817646484375,-3.9557085037231445,0.9419608116149902,-0.25383663177490234
1788893126278787300,24.191787353515625,-4.143860816955566,1.295499324798584,0.22606897354125977
1788893126288810500,24.201810546875,-4.225327968597412,1.602571964263916,0.6919984817504883
1788893126298833700,24.211833740234376,-4.211788177490234,1.844231128692627,1.075272560119629
1788893126308856800,24.22185693359375,-4.158079624176025,2.053473472595215,1.4221735000610352
1788893126318885600,24.2318857421875,-4.013430595397949,2.2157154083251953,1.7834434509277344
1788893126328902000,24.24190185546875,-3.7844581604003906,2.33514404296875,2.0619380474090576
1788893126338918700,24.251918701171874,-3.4914135932922363,2.396603584289551,2.2427306175231934
1788893126348935400,24.261935302734376,-3.189277410507202,2.4082231521606445,2.1910245418548584
1788893126358953000,24.271952880859374,-2.790219306945801,2.334700107574463,1.891860008239746
1788893126368971000,24.281970947265624,-2.2649073600769043,2.182644844055176,1.331127643585205
1788893126378989800,24.29198974609375,-1.6570892333984375,1.8855595588684082,0.5435047149658203
1788893126389009400,24.302009521484376,-0.9879055023193359,1.3764305114746094,-0.15913677215576172
1788893126399029800,24.31202978515625,-0.2523989677429199,0.87628173828125,-0.8600640296936035
1788893126409051100,24.322051025390625,0.5401086807250977,0.257657527923584,-1.3797721862792969
1788893126419073000,24.332072998046876,1.300840139389038,-0.3039088249206543,-1.5587854385375977
1788893126429096000,24.342095947265626,1.9498894214630127,-0.9879274368286133,-1.4687509536743164
1788893126439119400,24.352119384765626,2.434192180633545,-1.6512489318847656,-1.1676158905029297
1788893126449143000,24.36214306640625,2.5837292671203613,-2.091655731201172,-0.9290256500244141
1788893126459167500,24.37216748046875,2.421619415283203,-2.364696979522705,-0.8966622352600098
1788893126469192000,24.38219189453125,2.011312484741211,-2.4346184730529785,-1.074300765991211
1788893126479216600,24.392216552734375,1.6226563453674316,-2.352954864501953,-1.6833553314208984
1788893126489238800,24.40223876953125,1.320115089416504,-2.3288769721984863,-2.1370129585266113
1788893126499260700,24.4122607421875,0.952171802520752,-2.453127861022949,-2.431638717651367
1788893126509288200,24.4222880859375,0.6398568153381348,-2.6119422912597656,-2.844122886657715
1788893126519305200,24.43230517578125,0.5318756103515625,-2.8561015129089355,-3.214265823364258
1788893126529322200,24.442322265625,0.5282273292541504,-2.9033617973327637,-3.6132755279541016
1788893126539339500,24.452339599609374,0.5982251167297363,-2.767871856689453,-3.971210479736328
1788893126549357600,24.462357666015624,0.6552829742431641,-2.648545742034912,-4.0228376388549805
1788893126559376000,24.4723759765625,0.5663504600524902,-2.51287841796875,-3.771757125854492
1788893126569395000,24.48239501953125,0.45082759857177734,-2.279752731323242,-3.4526000022888184
1788893126579414800,24.492414794921874,0.44379663467407227,-1.8622312545776367,-3.046114444732666
1788893126589435400,24.502435302734376,0.3863525390625,-1.3445181846618652,-2.4697766304016113
1788893126599456800,24.512456787109375,0.16417264938354492,-0.828366756439209,-1.6987543106079102
1788893126609478700,24.522478759765626,-0.26132869720458984,-0.3003535270690918,-0.8622961044311523
1788893126619501300,24.532501220703125,-0.7734317779541016,0.21831560134887695,-0.13355350494384766
1788893126629524500,24.5425244140625,-1.1798887252807617,0.7437648773193359,0.5345048904418945
1788893126639548200,24.552548095703123,-1.5269651412963867,1.329169750213623,1.1663565635681152
1788893126649572000,24.562572021484375,-1.8711133003234863,1.922133445739746,1.7187461853027344
1788893126659596300,24.57259619140625,-2.1793580055236816,2.497354507446289,2.177163600921631
1788893126669620700,24.582620849609373,-2.343198537826538,2.933773994445801,2.6649255752563477
1788893126679644700,24.592644775390625,-2.3982105255126953,3.1051464080810547,2.903977632522583
1788893126689665800,24.602665771484375,-2.3802337646484375,3.1713290214538574,3.08085036277771
1788893126699684400,24.612684326171873,-2.2029361724853516,3.0432863235473633,3.1033246517181396
1788893126709703200,24.622703125,-1.805138111114502,2.80855655670166,2.9083285331726074
1788893126719722000,24.632721923828125,-1.2656116485595703,2.4766550064086914,2.4774394035339355
1788893126729741300,24.6427412109375,-0.7118523120880127,2.02797269821167,1.8982024192810059
1788893126739761200,24.65276123046875,-0.1350235939025879,1.4622111320495605,1.0950145721435547
1788893126749781500,24.662781494140624,0.4287068843841553,0.8796725273132324,0.10681343078613281
1788893126759802000,24.672802001953126,1.0616891384124756,0.28636932373046875,-0.8425817489624023
1788893126769823500,24.682823486328125,1.8232331275939941,-0.32768917083740234,-1.4226713180541992
1788893126779845000,24.69284521484375,2.5140254497528076,-0.8931236267089844,-1.6540703773498535
1788893126789867300,24.7028671875,3.1139895915985107,-1.1568231582641602,-1.6437582969665527
1788893126799889700,24.7128896484375,3.366419792175293,-1.1837620735168457,-1.4177184104919434
1788893126809912300,24.722912353515625,3.1393909454345703,-1.1241793632507324,-1.1248011589050293
1788893126819935500,24.732935546875,2.449551820755005,-0.9524960517883301,-0.9043765068054199
1788893126829958700,24.742958740234375,1.5859427452087402,-0.6154117584228516,-0.6113767623901367
1788893126839981800,24.75298193359375,0.7076802253723145,-0.3082551956176758,-0.33337831497192383
1788893126850010400,24.76301025390625,-0.22083568572998047,-0.015933990478515625,-0.12453651428222656
1788893126860026600,24.773026611328124,-1.1544795036315918,0.1131906509399414,0.05525779724121094
1788893126870043000,24.78304296875,-1.9900295734405518,0.18290328979492188,0.12569189071655273
1788893126880059600,24.7930595703125,-2.558635711669922,0.3054518699645996,0.20744562149047852
1788893126890077000,24.803076904296876,-3.0057034492492676,0.29648685455322266,0.34096813201904297
1788893126900095000,24.813094970703126,-3.3029849529266357,0.8286328315734863,0.7102141380310059
1788893126910113500,24.823113525390625,-3.406752109527588,0.6321659088134766,0.6226139068603516
1788893126920133000,24.833133056640627,-3.5813279151916504,0.7436079978942871,0.8114023208618164
1788893126930153500,24.843153564453125,-3.493696689605713,1.033125877380371,1.1266345977783203
1788893126940174800,24.8531748046875,-3.306647300720215,1.0862679481506348,1.4907989501953125
1788893126950197000,24.863197021484375,-3.1107208728790283,1.1120209693908691,1.6818022727966309
1788893126960220000,24.873219970703126,-2.7178778648376465,1.1650052070617676,1.6043291091918945
1788893126970243600,24.88324365234375,-2.2696685791015625,1.1473474502563477,1.4831461906433105
1788893126980267500,24.893267578125,-1.8612425327301025,1.020918369293213,1.075758457183838
1788893126990292200,24.903292236328124,-1.404479742050171,0.7952170372009277,0.32003021240234375
1788893127000317000,24.91331689453125,-0.7835543155670166,0.42254161834716797,-0.3493051528930664
1788893127010342000,24.923341796875,-0.010406970977783203,0.0150909423828125,-0.8620619773864746
1788893127020366000,24.933365966796874,0.8255100250244141,-0.37120962142944336,-1.2899608612060547
1788893127030387500,24.943387451171876,1.519193172454834,-0.8378534317016602,-1.6021313667297363
1788893127040408600,24.95340869140625,1.9862704277038574,-1.036733627319336,-1.7868733406066895
1788893127050427100,24.96342724609375,2.4092178344726562,-1.0790863037109375,-1.957451343536377
1788893127060445700,24.97344580078125,2.7254538536071777,-1.0251741409301758,-2.0414981842041016
1788893127070464800,24.98346484375,2.71903657913208,-0.8321070671081543,-1.9863243103027344
1788893127080484000,24.993484130859375,2.193967819213867,-0.6014509201049805,-1.7858738899230957
1788893127090504000,25.00350390625,1.3569464683532715,-0.46331119537353516,-1.7276611328125
1788893127100524300,25.013524169921876,0.4383854866027832,-0.27335500717163086,-1.5686488151550293
1788893127110545000,25.023544921875,-0.39934873580932617,-0.11493253707885742,-1.2165813446044922
1788893127120566000,25.03356591796875,-0.9494092464447021,-0.0272369384765625,-1.1186771392822266
1788893127130588000,25.043587890625,-1.343085765838623,0.1844019889831543,-0.9172601699829102
1788893127140609800,25.05360986328125,-1.716733455657959,0.4143199920654297,-0.696403980255127
1788893127150632400,25.063632568359374,-2.0136020183563232,0.6043977737426758,-0.5991635322570801
1788893127160655000,25.073655029296877,-2.160007953643799,0.772529125213623,-0.43972158432006836
1788893127170678000,25.083677978515624,-2.1248679161071777,0.8848667144775391,-0.15254688262939453
1788893127180701200,25.093701171875,-1.967149019241333,0.9452204704284668,0.17596864700317383
1788893127190724600,25.103724609375,-1.7651255130767822,0.9906144142150879,0.4786806106567383
1788893127200753200,25.113753173828126,-1.5393695831298828,1.0301570892333984,0.8408412933349609
1788893127210769400,25.123769287109376,-1.319821834564209,1.1366605758666992,1.1694512367248535
1788893127220785700,25.13378564453125,-1.1790125370025635,1.2674274444580078,1.3439679145812988
1788893127230802400,25.143802490234375,-1.0654957294464111,1.3702616691589355,1.2726693153381348
1788893127240819700,25.15381982421875,-0.913672685623169,1.5268645286560059,1.250988483428955
1788893127250837500,25.16383740234375,-0.7872354984283447,1.5843753814697266,1.1774373054504395
1788893127260856300,25.173856201171876,-0.7076823711395264,1.6044340133666992,0.9032397270202637
1788893127270876000,25.1838759765625,-0.4952073097229004,1.5278167724609375,0.4343094825744629
1788893127280896300,25.193896240234373,-0.27054929733276367,1.31425142288208,0.23094940185546875
1788893127290917600,25.203917724609376,-0.10113024711608887,1.0156707763671875,0.24988985061645508
1788893127300939800,25.213939697265626,-0.05163145065307617,0.6941757202148438,0.24558591842651367
1788893127310962700,25.223962646484374,-0.025665998458862305,0.4410438537597656,0.2202606201171875
1788893127320986000,25.233986083984377,-0.0633544921875,0.16248512268066406,0.2670478820800781
1788893127331010300,25.24401025390625,-0.2471630573272705,-0.10556507110595703,0.3641672134399414
1788893127341034800,25.25403466796875,-0.5204901695251465,-0.34085655212402344,0.42751312255859375
1788893127351059700,25.264059814453127,-0.7596921920776367,-0.506523609161377,0.25374412536621094
1788893127361084400,25.27408447265625,-0.9221618175506592,-0.714317798614502,-0.09673595428466797
1788893127371108900,25.28410888671875,-1.0214283466339111,-0.9999027252197266,-0.5579180717468262
1788893127381130000,25.2941298828125,-1.1417765617370605,-1.3092164993286133,-1.0724468231201172
1788893127391148500,25.3041484375,-1.256819725036621,-1.6325597763061523,-1.5964159965515137
1788893127401167400,25.31416748046875,-1.2734301090240479,-1.9240307807922363,-2.21860408782959
1788893127411186200,25.324186279296875,-1.1276960372924805,-2.201071262359619,-2.931518077850342
1788893127421205500,25.33420556640625,-0.9410445690155029,-2.490633487701416,-3.5502328872680664
1788893127431225300,25.344225341796875,-0.8719482421875,-2.7851500511169434,-3.871030330657959
1788893127441245400,25.354245361328125,-0.9247112274169922,-3.0414938926696777,-3.9680957794189453
1788893127451266300,25.364266357421876,-1.12135648727417,-3.216057777404785,-3.9047913551330566
1788893127461287400,25.374287353515626,-1.4604923725128174,-3.2883920669555664,-3.7350611686706543
1788893127471309000,25.38430908203125,-1.8659400939941406,-3.2200770378112793,-3.391606330871582
1788893127481331000,25.3943310546875,-2.234718084335327,-3.1026763916015625,-3.209010601043701
1788893127491353300,25.404353271484375,-2.508500099182129,-2.957535743713379,-3.067373275756836
1788893127501376300,25.414376220703126,-2.684161424636841,-2.7006759643554688,-2.930609703063965
1788893127511399200,25.424399169921877,-2.716261148452759,-2.4450125694274902,-2.763094902038574
1788893127521422300,25.43442236328125,-2.6650218963623047,-2.1718835830688477,-2.6860780715942383
1788893127531445800,25.44444580078125,-2.586027145385742,-1.8883366584777832,-2.5762248039245605
1788893127541474300,25.454474365234375,-2.5050621032714844,-1.5686450004577637,-2.404918670654297
1788893127551490800,25.46449072265625,-2.3841347694396973,-1.235151767730713,-2.2616000175476074
1788893127561507300,25.47450732421875,-2.289793014526367,-0.8912253379821777,-2.1679162979125977
1788893127571524400,25.4845244140625,-2.1648895740509033,-0.5545716285705566,-2.0073294639587402
1788893127581541600,25.494541748046874,-2.053257703781128,-0.21898937225341797,-1.8119144439697266
1788893127591560000,25.504559814453124,-2.0024845600128174,0.13761663436889648,-1.52327299118042
1788893127601578800,25.514578857421874,-2.017122268676758,0.4902353286743164,-1.1601667404174805
1788893127611598300,25.524598388671876,-2.04986572265625,0.7907342910766602,-0.8187990188598633
1788893127621618700,25.53461865234375,-2.0352156162261963,1.0676302909851074,-0.43339109420776367
1788893127631639800,25.544639892578125,-1.9803121089935303,1.3210172653198242,-0.08714008331298828
1788893127641662000,25.554661865234376,-1.9061610698699951,1.531740665435791,0.23302841186523438
1788893127651684600,25.5646845703125,-1.8480803966522217,1.7525067329406738,0.49714088439941406
1788893127661708000,25.5747080078125,-1.7602229118347168,1.9354023933410645,0.6277437210083008
1788893127671732000,25.58473193359375,-1.6259121894836426,2.0845093727111816,0.5862565040588379
1788893127681756200,25.594756103515625,-1.4232292175292969,2.199479579925537,0.36782073974609375
1788893127691780900,25.60478076171875,-1.1149992942810059,2.1516003608703613,0.03941917419433594
1788893127701805600,25.6148056640625,-0.7957634925842285,1.936953067779541,-0.38852977752685547
1788893127711827500,25.624827392578126,-0.5209157466888428,1.561316967010498,-1.0296931266784668
1788893127721849600,25.634849609375,-0.1839308738708496,1.041524887084961,-1.9275317192077637
1788893127731877000,25.644877197265625,0.11120176315307617,0.3740267753601074,-2.8427181243896484
1788893127741894000,25.654893798828127,0.2632153034210205,-0.2971930503845215,-3.6088671684265137
1788893127751911000,25.664910888671876,0.3230266571044922,-0.8800482749938965,-4.123256206512451
1788893127761928200,25.67492822265625,0.4265327453613281,-1.2903833389282227,-4.2832207679748535
1788893127771946000,25.684946044921876,0.44841456413269043,-1.3167500495910645,-4.1613030433654785
1788893127781964500,25.694964599609374,0.28770947456359863,-1.1512985229492188,-3.933645248413086
1788893127791983600,25.704983642578124,0.10566496849060059,-0.7903504371643066,-3.6853909492492676
1788893127802003200,25.715003173828126,0.06683993339538574,-0.30707550048828125,-3.3298110961914062
1788893127812023800,25.72502392578125,0.16394376754760742,0.15310096740722656,-2.8944034576416016
1788893127822045200,25.735045166015624,0.23923611640930176,0.545313835144043,-2.3931446075439453
1788893127832067000,25.745067138671875,0.28379344940185547,0.857938289642334,-1.9412212371826172
1788893127842089700,25.75508984375,0.36741530895233154,1.1123046875,-1.4525928497314453
1788893127852113000,25.76511279296875,0.5743507146835327,1.3545193672180176,-0.7602133750915527
1788893127862136600,25.775136474609376,0.8517917394638062,1.6079111099243164,-0.12738847732543945
1788893127872160800,25.785160888671875,1.0618956089019775,1.838794231414795,0.4987826347351074
1788893127882185000,25.79518505859375,1.1550328731536865,2.0434226989746094,1.1036972999572754
1788893127892209400,25.80520947265625,1.3307111263275146,2.2897419929504395,1.4914259910583496
1788893127902233300,25.8152333984375,1.572012186050415,2.495504856109619,1.7596368789672852
1788893127912254500,25.82525439453125,1.8426744937896729,2.5747785568237305,2.1292166709899902
1788893127922275800,25.83527587890625,2.1366019248962402,2.6817269325256348,2.4136600494384766
1788893127932294100,25.845294189453124,2.414496421813965,2.754188060760498,2.54239559173584
1788893127942313000,25.85531298828125,2.675955295562744,2.752908706665039,2.555797576904297
1788893127952332000,25.86533203125,2.8548617362976074,2.6195411682128906,2.5752406120300293
1788893127962351000,25.87535107421875,2.91331148147583,2.5058979988098145,2.4828500747680664
1788893127972371000,25.885370849609377,2.8973886966705322,2.3477163314819336,2.209200382232666
1788893127982391300,25.895391357421875,2.901764154434204,2.1105284690856934,1.6646947860717773
1788893127992412000,25.905411865234374,3.089613437652588,1.7941203117370605,0.7396864891052246
1788893128002433000,25.91543310546875,3.4554250240325928,1.2940144538879395,-0.4426999092102051
1788893128012454700,25.92545458984375,3.8790760040283203,0.5177822113037109,-1.4523053169250488
1788893128022476500,25.9354765625,4.352719306945801,-0.47040510177612305,-2.145779609680176
1788893128032499200,25.945499267578125,4.723001956939697,-1.3619384765625,-2.3566856384277344
1788893128042521900,25.95552197265625,4.691716194152832,-1.87260103225708,-2.1179676055908203
1788893128052544800,25.965544677734375,4.3388776779174805,-2.0926990509033203,-1.7458949089050293
1788893128062568000,25.97556787109375,3.5712058544158936,-2.2822813987731934,-1.1839022636413574
1788893128072591400,25.98559130859375,2.6625869274139404,-2.1310606002807617,-0.686164379119873
1788893128082620000,25.995619873046873,1.776883840560913,-1.8487191200256348,-0.15583181381225586
1788893128092636400,26.005636474609375,1.0613198280334473,-1.678365707397461,0.40206336975097656
1788893128102653000,26.01565283203125,0.5471229553222656,-1.576767921447754,0.8583822250366211
1788893128112669700,26.025669677734374,0.12440204620361328,-1.353363037109375,1.3080663681030273
1788893128122687200,26.035687255859376,-0.13775634765625,-1.0796308517456055,1.800187110900879
1788893128132705300,26.045705322265626,-0.27684760093688965,-0.9652500152587891,2.1696085929870605
1788893128142723800,26.055723876953124,-0.4556407928466797,-0.6164355278015137,2.7251992225646973
1788893128152743400,26.065743408203126,-0.6449875831604004,-0.34517908096313477,3.143109083175659
1788893128162764000,26.075763916015624,-0.8648829460144043,-0.20119142532348633,3.3968114852905273
1788893128172785200,26.08578515625,-1.0727992057800293,-0.17575693130493164,3.578542947769165
1788893128182807300,26.095807373046874,-1.251936912536621,-0.14457225799560547,3.6668448448181152
1788893128192830200,26.105830322265625,-1.4532814025878906,-0.11136102676391602,3.651991844177246
1788893128202853600,26.115853515625,-1.736637830734253,-0.17418670654296875,3.467228412628174
1788893128212877600,26.125877685546875,-2.0364348888397217,-0.07718801498413086,2.9527173042297363
1788893128222901800,26.13590185546875,-2.149230718612671,-0.44972705841064453,1.8691215515136719
1788893128232926500,26.145926513671874,-2.3129498958587646,-0.8075466156005859,0.4448533058166504
1788893128242951200,26.155951171875,-1.9881324768066406,-0.5510721206665039,-0.5897717475891113
1788893128252975900,26.165975830078125,-1.2557616233825684,-0.7979331016540527,-1.5640873908996582
1788893128273015600,26.186015625,0.7986431121826172,-1.9312009811401367,-2.778012752532959
1788893128283034000,26.1960341796875,1.4302563667297363,-2.571291923522949,-2.2639050483703613
1788893128293053200,26.20605322265625,1.9804434776306152,-2.8539862632751465,-1.7397165298461914
1788893128303072500,26.216072509765624,2.3753747940063477,-2.859715461730957,-1.179356575012207
1788893128313092000,26.226092041015626,2.6128463745117188,-2.652723789215088,-0.6541585922241211
1788893128323112400,26.236112548828125,2.1685428619384766,-2.2535862922668457,-0.012575626373291016
1788893128333133000,26.246133056640623,1.0951108932495117,-1.7752113342285156,0.34685802459716797
1788893128343154200,26.256154296875,0.035040855407714844,-1.175095558166504,0.2501358985900879
1788893128353175800,26.26617578125,-0.6170663833618164,-0.6784915924072266,0.25972795486450195
1788893128363198000,26.276197998046875,-0.9593868255615234,-0.32674551010131836,0.37972450256347656
1788893128373220400,26.286220458984374,-1.142749309539795,0.02371358871459961,0.45702314376831055
1788893128383243000,26.296242919921873,-1.1851344108581543,0.37175846099853516,0.45794200897216797
1788893128393266200,26.30626611328125,-1.1567997932434082,0.7106494903564453,0.4839444160461426
1788893128403289300,26.316289306640623,-1.061922550201416,0.9867539405822754,0.539696216583252
1788893128413312500,26.3263125,-0.718055248260498,1.1566081047058105,0.6448431015014648
1788893128423341300,26.33634130859375,-0.24840307235717773,1.3058547973632812,0.7151274681091309
1788893128433357600,26.346357666015624,0.1851348876953125,1.4432950019836426,0.7910594940185547
1788893128443374000,26.3563740234375,0.5088586807250977,1.5894975662231445,1.051499366760254
1788893128453390800,26.366390869140623,0.663785457611084,1.8003730773925781,1.262558937072754
1788893128463408000,26.376408203125,0.7195906639099121,2.0133934020996094,1.2708091735839844
1788893128473426200,26.38642626953125,0.7974257469177246,2.166870594024658,1.0748820304870605
1788893128483444700,26.39644482421875,1.0211501121520996,2.2474074363708496,0.8154330253601074
1788893128493464300,26.40646435546875,1.4660601615905762,2.250579357147217,0.5666441917419434
1788893128503484700,26.416484619140626,1.88761305809021,2.1382803916931152,0.23615503311157227
1788893128513505800,26.426505859375,2.196514129638672,1.948526382446289,-0.0660390853881836
1788893128523528000,26.43652783203125,2.494750499725342,1.7964210510253906,-0.27895307540893555
1788893128533550800,26.44655078125,2.789660692214966,1.6348237991333008,-0.17948627471923828
1788893128543574300,26.45657421875,2.988571882247925,1.355700969696045,0.23643064498901367
1788893128553598200,26.46659814453125,2.929962635040283,1.2111225128173828,0.7955451011657715
1788893128563622700,26.47662255859375,2.5273423194885254,1.1729907989501953,1.276604175567627
1788893128573647400,26.4866474609375,1.9221620559692383,1.193221092224121,1.569042682647705
1788893128583672000,26.496672119140626,1.158759593963623,1.3099403381347656,1.8343300819396973
1788893128593696800,26.50669677734375,0.4542872905731201,1.4889459609985352,1.8692102432250977
1788893128603718100,26.51671826171875,-0.039305686950683594,1.5653533935546875,1.6288323402404785
1788893128613736400,26.526736328125,-0.33736753463745117,1.4238362312316895,1.0811471939086914
1788893128623755300,26.53675537109375,-0.42712998390197754,1.0567693710327148,0.3201308250427246
1788893128633774000,26.546774169921875,-0.19223642349243164,0.617734432220459,-0.4695777893066406
1788893128643793400,26.55679345703125,0.36759042739868164,0.1452479362487793,-0.9612588882446289
1788893128653813200,26.566813232421875,1.0084919929504395,-0.5035872459411621,-1.3216543197631836
1788893128663833300,26.576833251953126,1.4621529579162598,-1.1548528671264648,-1.58723783493042
1788893128673854200,26.586854248046876,1.7589740753173828,-1.6815457344055176,-1.9425358772277832
1788893128683875300,26.596875244140627,1.8196377754211426,-2.1087894439697266,-2.0088276863098145
1788893128693897000,26.60689697265625,1.6363306045532227,-2.326507091522217,-2.1024646759033203
1788893128703918800,26.6169189453125,1.238004207611084,-2.4043655395507812,-2.0656113624572754
1788893128713941200,26.626941162109375,0.7513370513916016,-2.315053939819336,-1.9834966659545898
1788893128723964200,26.636964111328126,0.18201541900634766,-2.266101360321045,-1.8882365226745605
1788893128733987000,26.646987060546873,-0.3459186553955078,-2.116313934326172,-1.754404067993164
1788893128744010200,26.65701025390625,-0.7989964485168457,-1.92047119140625,-1.5942978858947754
1788893128754033400,26.667033447265624,-1.2112197875976562,-1.8056130409240723,-1.3432555198669434
1788893128764062000,26.67706201171875,-1.6316335201263428,-1.7224316596984863,-0.9702248573303223
1788893128774078700,26.68707861328125,-2.0013303756713867,-1.6795940399169922,-0.47431278228759766
1788893128784095500,26.697095458984375,-2.176065683364868,-1.4426202774047852,0.14975786209106445
1788893128794112500,26.707112548828125,-2.295154571533203,-1.8825602531433105,0.5344500541687012
1788893128804130000,26.717130126953126,-2.6553993225097656,-2.023747444152832,1.195436954498291
1788893128814148000,26.727148193359376,-2.7055606842041016,-1.8930926322937012,1.7154598236083984
1788893128824167200,26.737167236328126,-2.485792636871338,-1.85015869140625,2.180655002593994
1788893128834186800,26.747186767578125,-2.3168764114379883,-1.818009376525879,2.5674848556518555
1788893128844207400,26.757207275390623,-2.154567003250122,-1.7442169189453125,2.7585363388061523
1788893128854228500,26.767228515625,-2.026639223098755,-1.5970497131347656,2.6570959091186523
1788893128864250600,26.777250732421876,-1.8086631298065186,-1.4889869689941406,2.334394931793213
1788893128874273300,26.787273193359376,-1.499290943145752,-1.399752140045166,1.8924098014831543
1788893128884296700,26.797296630859375,-1.24467134475708,-1.4431343078613281,1.586498737335205
1788893128894320400,26.8073203125,-0.7991924285888672,-1.435042381286621,1.1639108657836914
1788893128904344600,26.817344482421873,-0.36640000343322754,-1.5747613906860352,0.7556581497192383
1788893128914369000,26.827369140625,-0.0352783203125,-1.754636287689209,0.5822849273681641
1788893128924393700,26.837393798828124,0.26419663429260254,-1.9933080673217773,0.608945369720459
1788893128934418000,26.84741796875,0.5021607875823975,-2.1933202743530273,0.7044992446899414
1788893128944439000,26.85743896484375,0.6392524242401123,-2.338033676147461,0.7518987655639648
1788893128954457600,26.86745751953125,0.6390731334686279,-2.4717965126037598,0.8330655097961426
1788893128964476400,26.877476318359374,0.5456678867340088,-2.493907928466797,0.7461485862731934
1788893128974495200,26.8874951171875,0.506394624710083,-2.4664368629455566,0.5874228477478027
1788893128984514600,26.8975146484375,0.4998288154602051,-2.43355655670166,0.3264765739440918
1788893128994534400,26.907534423828125,0.42540931701660156,-2.3747267723083496,0.054843902587890625
1788893129004554500,26.917554443359375,0.3411722183227539,-2.3615970611572266,-0.0870966911315918
1788893129014575400,26.927575439453125,0.25792360305786133,-2.3186655044555664,-0.36876535415649414
1788893129024596500,26.937596435546876,0.0999760627746582,-2.2440381050109863,-0.6228237152099609
1788893129034618000,26.9476181640625,-0.17580318450927734,-2.097984790802002,-0.720395565032959
1788893129044640000,26.957639892578126,-0.4835538864135742,-1.930490493774414,-0.6813740730285645
1788893129054662400,26.967662353515625,-0.8042092323303223,-1.7143464088439941,-0.630434513092041
1788893129064685300,26.977685302734375,-1.1583497524261475,-1.470144271850586,-0.5443534851074219
1788893129074708200,26.987708251953126,-1.5625224113464355,-1.1606392860412598,-0.4579319953918457
1788893129084731400,26.9977314453125,-1.9484598636627197,-0.9008598327636719,-0.39768075942993164
1788893129094754800,27.0077548828125,-2.2721283435821533,-0.6668901443481445,-0.299619197845459
1788893129104783400,27.017783447265625,-2.533379554748535,-0.4194326400756836,-0.19245672225952148
1788893129114799600,27.027799560546875,-2.6712188720703125,-0.24848270416259766,-0.0008068084716796875
1788893129124816100,27.037816162109376,-2.687161922454834,-0.10551691055297852,0.24039220809936523
1788893129134833000,27.0478330078125,-2.6011695861816406,0.00012874603271484375,0.3727846145629883
1788893129144850400,27.057850341796875,-2.4197657108306885,0.058786869049072266,0.4814291000366211
1788893129154868200,27.0678681640625,-2.1218156814575195,0.09870433807373047,0.6601400375366211
1788893129164887000,27.077886962890624,-1.7438371181488037,0.14862966537475586,0.7486052513122559
1788893129174906600,27.08790673828125,-1.3750224113464355,0.25101709365844727,0.7019734382629395
1788893129184927000,27.097927001953124,-1.0323541164398193,0.31943178176879883,0.6381263732910156
1788893129194948400,27.1079482421875,-0.6900086402893066,0.373105525970459,0.4736776351928711
1788893129204970500,27.117970458984374,-0.3511776924133301,0.3733401298522949,0.29311037063598633
1788893129214993200,27.1279931640625,-0.10447978973388672,0.2904691696166992,0.16748809814453125
1788893129225016600,27.1380166015625,0.10417938232421875,0.1667795181274414,0.12883853912353516
1788893129235040800,27.148040771484375,0.3049044609069824,0.07365751266479492,0.022434711456298828
1788893129245065200,27.158065185546874,0.4790358543395996,-0.09012126922607422,-0.20111417770385742
1788893129255090000,27.16808984375,0.6663751602172852,-0.2917671203613281,-0.3898143768310547
1788893129265114600,27.178114501953125,0.7694439888000488,-0.488431453704834,-0.5638618469238281
1788893129275139000,27.18813916015625,0.7366781234741211,-0.7131838798522949,-0.6660346984863281
1788893129285160400,27.198160400390623,0.5232377052307129,-0.8846211433410645,-0.7765278816223145
1788893129295178800,27.2081787109375,0.2523941993713379,-0.9458637237548828,-0.878901481628418
1788893129305197600,27.218197509765623,-0.042586326599121094,-0.8924093246459961,-0.9610114097595215
1788893129315216400,27.22821630859375,-0.3363823890686035,-0.7566776275634766,-0.929354190826416
1788893129325235700,27.238235595703124,-0.6410660743713379,-0.5747299194335938,-0.8912434577941895
1788893129335255600,27.248255615234374,-0.9402790069580078,-0.35008764266967773,-0.7948684692382812
1788893129345275600,27.258275634765624,-1.2919342517852783,-0.17718982696533203,-0.48973560333251953
1788893129355296500,27.268296630859375,-1.5775675773620605,-0.02039813995361328,-0.3475184440612793
1788893129365317600,27.278317626953125,-1.789308786392212,0.13516998291015625,-0.24106931686401367
1788893129375339300,27.28833935546875,-1.9797368049621582,0.25461721420288086,-0.17326974868774414
1788893129385361400,27.298361328125,-2.163843870162964,0.34109973907470703,-0.037811279296875
1788893129395383800,27.3083837890625,-2.2668650150299072,0.42571163177490234,0.13717317581176758
1788893129405406500,27.318406494140625,-2.304664134979248,0.5297346115112305,0.24255847930908203
1788893129415429600,27.3284296875,-2.2990646362304688,0.6403446197509766,0.3217449188232422
1788893129425452800,27.338452880859375,-2.2208423614501953,0.7505068778991699,0.6068515777587891
1788893129435476000,27.34847607421875,-2.0000498294830322,0.9078459739685059,0.9185881614685059
1788893129445504800,27.3585048828125,-1.7543823719024658,1.0831317901611328,1.087193489074707
1788893129455521000,27.36852099609375,-1.5338959693908691,1.08674955368042,1.2143845558166504
1788893129465537500,27.37853759765625,-0.9932034015655518,1.0699987411499023,0.9129815101623535
1788893129475554300,27.38855419921875,-0.2447352409362793,0.9064717292785645,0.6984930038452148
1788893129485571800,27.39857177734375,0.5047049522399902,0.6088128089904785,0.6277647018432617
1788893129495590000,27.40858984375,1.2401692867279053,0.3340339660644531,0.4612412452697754
1788893129505608400,27.4186083984375,1.8809747695922852,-0.048655033111572266,0.2863931655883789
1788893129515628000,27.4286279296875,2.417473316192627,-0.5219216346740723,0.1616063117980957
1788893129525648600,27.438648681640625,2.7996881008148193,-0.9061169624328613,0.0555572509765625
1788893129535669800,27.448669677734376,3.0802717208862305,-1.1516485214233398,-0.047548770904541016
1788893129545692000,27.45869189453125,3.123114585876465,-1.396782398223877,-0.2572493553161621
1788893129555714800,27.46871484375,2.8274598121643066,-1.6195068359375,-0.7857089042663574
1788893129565738200,27.47873828125,2.4324941635131836,-1.7328815460205078,-1.1122651100158691
1788893129575762200,27.48876220703125,2.0726613998413086,-1.740410327911377,-1.276153564453125
1788893129585786600,27.49878662109375,1.7389039993286133,-1.6598005294799805,-1.4450984001159668
1788893129595811300,27.508811279296875,1.4315037727355957,-1.5327825546264648,-1.546999454498291
1788893129605836000,27.5188359375,1.107560157775879,-1.3618311882019043,-1.538785457611084
1788893129615860500,27.528860595703126,0.7275896072387695,-1.1486520767211914,-1.464475154876709
1788893129625881900,27.5388818359375,0.3423752784729004,-0.8698139190673828,-1.364220142364502
1788893129635903000,27.548903076171875,-0.05031394958496094,-0.5829534530639648,-1.1826658248901367
1788893129645921500,27.558921630859373,-0.45397520065307617,-0.3021373748779297,-0.9756608009338379
1788893129655940000,27.568940185546875,-0.8344297409057617,-0.026038646697998047,-0.7381548881530762
1788893129665959200,27.578959228515625,-1.1861310005187988,0.21831464767456055,-0.41762351989746094
1788893129675978500,27.588978515625,-1.522270679473877,0.4565415382385254,-0.07611703872680664
1788893129685998300,27.598998291015626,-1.8032877445220947,0.7186307907104492,0.2773442268371582
1788893129696018700,27.609018798828124,-2.056741237640381,0.995490550994873,0.6150736808776855
1788893129706039300,27.619039306640627,-2.28645920753479,1.2541584968566895,0.9329547882080078
1788893129716060700,27.629060791015625,-2.4961633682250977,1.470961570739746,1.18402099609375
1788893129726082300,27.639082275390624,-2.642381429672241,1.6799588203430176,1.401522159576416
1788893129736104200,27.649104248046875,-2.654444456100464,1.9096689224243164,1.5604639053344727
1788893129746126800,27.659126953125,-2.448230266571045,2.0159764289855957,1.7120885848999023
1788893129756149500,27.6691494140625,-2.178481101989746,2.0221033096313477,1.726208209991455
1788893129766172400,27.67917236328125,-1.872466802597046,1.969552993774414,1.5007672309875488
1788893129776195600,27.689195556640627,-1.4258804321289062,1.907646656036377,1.0675554275512695
1788893129786219000,27.699218994140626,-0.8427591323852539,1.6564836502075195,0.6713657379150391
1788893129796247600,27.70924755859375,-0.10961008071899414,1.2198152542114258,0.22990083694458008
1788893129806263800,27.719263916015624,0.7611279487609863,0.7745466232299805,-0.3324575424194336
1788893129816280300,27.7292802734375,1.8000049591064453,0.2105112075805664,-0.6322312355041504
1788893129826297000,27.739297119140623,2.7014708518981934,-0.29398202896118164,-0.5057668685913086
1788893129836314400,27.749314453125,3.3432698249816895,-0.673769474029541,-0.44695091247558594
1788893129846332200,27.759332275390626,3.7078256607055664,-1.0217628479003906,-0.49699926376342773
1788893129856351000,27.76935107421875,3.817882537841797,-1.2110357284545898,-0.4522113800048828
1788893129866370600,27.77937060546875,3.518795967102051,-1.3853998184204102,-0.2351675033569336
1788893129876391200,27.78939111328125,2.761352062225342,-1.448974609375,-0.12220954895019531
1788893129886412300,27.799412353515624,1.7898693084716797,-1.3432416915893555,-0.14442873001098633
1788893129896434400,27.809434326171875,0.9460263252258301,-1.1732187271118164,0.029352188110351562
1788893129906457300,27.819457275390626,0.2794027328491211,-1.0387773513793945,0.3425626754760742
1788893129916481000,27.82948095703125,-0.3181495666503906,-1.0362348556518555,0.5439004898071289
1788893129926505000,27.8395048828125,-0.8475289344787598,-1.0628418922424316,0.5968155860900879
1788893129936529400,27.849529296875,-1.297455072402954,-0.9875140190124512,0.6591973304748535
1788893129946554000,27.85955419921875,-1.6130290031433105,-0.8411722183227539,0.7642827033996582
1788893129956579000,27.8695791015625,-1.8191769123077393,-0.6544809341430664,0.9461369514465332
1788893129966603500,27.879603515625,-1.8595423698425293,-0.409853458404541,1.085644245147705
1788893129976624600,27.889624755859376,-1.8913922309875488,-0.4106712341308594,1.2710223197937012
1788893129986645800,27.899645751953123,-1.8572373390197754,-0.09862375259399414,1.4553356170654297
1788893129996664300,27.909664306640625,-1.7534468173980713,0.06570863723754883,1.6483707427978516
1788893130006683100,27.91968310546875,-1.6191470623016357,0.17878484725952148,1.930415153503418
1788893130016702000,27.929701904296873,-1.4933772087097168,0.29936838150024414,2.151731491088867
1788893130026721500,27.939721435546875,-1.4957959651947021,0.44298648834228516,2.2732105255126953
1788893130036741000,27.9497412109375,-1.5251576900482178,0.5916438102722168,2.2373480796813965
1788893130046761500,27.959761474609376,-1.5043790340423584,0.7081127166748047,2.001206398010254
1788893130056782300,27.9697822265625,-1.3980228900909424,0.7058954238891602,1.5670652389526367
1788893130066803500,27.979803466796874,-1.2687783241271973,0.6207766532897949,0.9991440773010254
1788893130076825000,27.9898251953125,-0.8845188617706299,0.5026555061340332,0.36542367935180664
1788893130086847200,27.99984716796875,-0.2626795768737793,0.30564165115356445,-0.39072656631469727
1788893130096869600,28.00986962890625,0.3352012634277344,-0.15380573272705078,-0.8824472427368164
1788893130106892300,28.019892333984377,0.8095889091491699,-0.6800851821899414,-1.222184181213379
1788893130116915500,28.02991552734375,1.265286922454834,-1.1729159355163574,-1.48514986038208
1788893130126938600,28.039938720703127,1.7923669815063477,-1.5511627197265625,-1.6271982192993164
1788893130136961800,28.0499619140625,2.2772679328918457,-1.799074649810791,-1.5374984741210938
1788893130146990300,28.059990234375,2.6349358558654785,-1.9947705268859863,-1.3190951347351074
1788893130157006800,28.0700068359375,2.6840062141418457,-2.053722858428955,-1.0677647590637207
1788893130167023400,28.0800234375,2.3227810859680176,-2.03041934967041,-0.8530936241149902
1788893130177040100,28.0900400390625,1.619490146636963,-1.964818000793457,-0.6549258232116699
1788893130187057700,28.1000576171875,0.9644026756286621,-1.872635841369629,-0.6123709678649902
1788893130197075700,28.11007568359375,0.4505448341369629,-1.8009319305419922,-0.6952023506164551
1788893130207094300,28.12009423828125,-0.11644458770751953,-1.7116599082946777,-0.7678570747375488
1788893130217113900,28.13011376953125,-0.582664966583252,-1.6993317604064941,-1.0690717697143555
1788893130227134500,28.140134521484374,-0.7210159301757812,-1.769951343536377,-1.5460586547851562
1788893130237155600,28.150155517578124,-0.5817689895629883,-1.9256296157836914,-1.8446273803710938
1788893130247177700,28.160177734375,-0.2944025993347168,-2.1052913665771484,-2.0025548934936523
1788893130257200400,28.170200439453126,-0.02559041976928711,-2.2146615982055664,-2.214560031890869
1788893130267224000,28.18022412109375,0.15836811065673828,-2.3270626068115234,-2.4695634841918945
1788893130277248000,28.190248046875,0.28270721435546875,-2.391051769256592,-2.6033830642700195
1788893130287272400,28.2002724609375,0.3492851257324219,-2.364060878753662,-2.5430073738098145
1788893130297297200,28.210297119140623,0.18921518325805664,-2.2649550437927246,-2.391779899597168
1788893130307321900,28.22032177734375,-0.22837114334106445,-2.1016921997070312,-2.211343288421631
1788893130317346600,28.2303466796875,-0.6489071846008301,-1.8429269790649414,-2.021949291229248
1788893130327367700,28.24036767578125,-1.034348487854004,-1.6877927780151367,-1.6767215728759766
1788893130337386200,28.25038623046875,-1.3855981826782227,-1.5010952949523926,-1.3924493789672852
1788893130347405000,28.260405029296876,-1.750776767730713,-1.2389607429504395,-1.193819522857666
1788893130357424000,28.270424072265627,-2.049527883529663,-1.0263967514038086,-0.9807376861572266
1788893130367443500,28.280443359375,-2.3020710945129395,-0.840388298034668,-0.7296366691589355
1788893130377463300,28.29046337890625,-2.4658334255218506,-0.6249008178710938,-0.420987606048584
1788893130387483400,28.3004833984375,-2.60286808013916,-0.38622331619262695,-0.10640811920166016
1788893130397504300,28.310504150390624,-2.7189111709594727,-0.135772705078125,0.21450376510620117
1788893130407525400,28.320525390625,-2.8288352489471436,0.13985776901245117,0.522735595703125
1788893130417547000,28.330547119140626,-2.9518651962280273,0.4399094581604004,0.832951545715332
1788893130427569200,28.340569091796876,-3.0743112564086914,0.7449517250061035,1.1255555152893066
1788893130437591600,28.350591552734375,-3.225476026535034,1.011427402496338,1.39082670211792
1788893130447614500,28.360614501953126,-3.37239408493042,1.2531805038452148,1.6956267356872559
1788893130457637400,28.370637451171874,-3.481379747390747,1.4750595092773438,2.0112929344177246
1788893130467660500,28.38066064453125,-3.594912052154541,1.6719965934753418,2.247683525085449
1788893130477683700,28.39068359375,-3.697824478149414,1.838296890258789,2.434981346130371
1788893130487712500,28.40071240234375,-3.737449884414673,2.0060205459594727,2.5028653144836426
1788893130497728800,28.410728759765625,-3.6666667461395264,2.186507225036621,2.3916234970092773
1788893130507745300,28.420745361328127,-3.494669198989868,2.3430862426757812,2.0809597969055176
1788893130517762000,28.430761962890625,-3.1734418869018555,2.435152053833008,1.5306997299194336
1788893130527779300,28.440779296875,-2.724067211151123,2.3697457313537598,0.4379453659057617
1788893130537797400,28.45079736328125,-2.007720470428467,1.995028018951416,-0.7381348609924316
1788893130547816200,28.460816162109374,-1.1448137760162354,1.2278380393981934,-1.4021573066711426
1788893130557835800,28.470835693359376,-0.08916759490966797,0.28343677520751953,-2.096039295196533
1788893130567856400,28.4808564453125,1.019218921661377,-0.5936670303344727,-2.7711377143859863
1788893130577877500,28.49087744140625,2.023893356323242,-1.4392509460449219,-2.899534225463867
1788893130587899600,28.500899658203124,2.6536707878112793,-2.047520160675049,-2.5566563606262207
1788893130597922600,28.510922607421875,2.713287353515625,-2.406330108642578,-2.0994787216186523
1788893130607946000,28.520946044921875,2.373480796813965,-2.1540026664733887,-2.1642379760742188
1788893130617970200,28.53097021484375,1.6643953323364258,-2.0911855697631836,-1.7944774627685547
1788893130627994600,28.54099462890625,0.9508366584777832,-1.8314166069030762,-1.9648056030273438
1788893130638019000,28.55101904296875,0.3434009552001953,-1.7746529579162598,-2.369654655456543
1788893130648044000,28.5610439453125,0.02869129180908203,-1.7005295753479004,-2.807018756866455
1788893130658068500,28.571068359375,-0.09050273895263672,-1.7930073738098145,-3.2332000732421875
1788893130668089900,28.58108984375,-0.19374370574951172,-2.042022705078125,-3.594114303588867
1788893130678111000,28.591111083984377,-0.21640634536743164,-2.3389129638671875,-4.062832355499268
1788893130688129500,28.601129638671875,-0.16197490692138672,-2.8394155502319336,-4.711423397064209
1788893130698148000,28.611148193359377,-0.011647224426269531,-2.7069168090820312,-4.66076135635376
1788893130708167200,28.621167236328127,0.23503828048706055,-2.4742860794067383,-4.096266746520996
1788893130718186500,28.6311865234375,0.3117547035217285,-2.194790840148926,-3.398531913757324
1788893130728206300,28.641206298828124,0.12077951431274414,-1.7957372665405273,-2.279177188873291
1788893130738226700,28.651226806640626,-0.2995748519897461,-1.2698206901550293,-1.1903443336486816
1788893130748247300,28.661247314453124,-1.0061397552490234,-0.5611748695373535,0.061310768127441406
1788893130758268400,28.671268310546875,-1.728405475616455,0.21481895446777344,1.0439138412475586
1788893130768290300,28.681290283203126,-2.298614978790283,0.9666304588317871,1.8307549953460693
1788893130778312200,28.691312255859376,-2.6931161880493164,1.6441130638122559,2.529073715209961
1788893130788334600,28.70133447265625,-2.9801297187805176,2.172541618347168,3.0730485916137695
1788893130798357500,28.711357421875,-3.1531126499176025,2.552337646484375,3.3723666667938232
1788893130808380400,28.72138037109375,-3.1583681106567383,2.7771120071411133,3.548431634902954
1788893130818403600,28.731403564453124,-2.9988813400268555,2.820169448852539,3.633695602416992
1788893130828427000,28.741427001953124,-2.654914617538452,2.7833027839660645,3.4215304851531982
1788893130838455600,28.75145556640625,-2.0424511432647705,2.666128158569336,2.782310962677002
1788893130848472000,28.76147216796875,-1.1626949310302734,2.3193182945251465,1.9486818313598633
1788893130858488600,28.771488525390627,-0.008289337158203125,1.861039161682129,0.6523923873901367
1788893130868505600,28.781505615234376,1.0686898231506348,1.2984919548034668,-0.6168532371520996
1788893130878523000,28.79152294921875,2.214419364929199,0.5081162452697754,-1.4864778518676758
1788893130888541200,28.801541259765624,3.218350887298584,-0.4007711410522461,-1.7746095657348633
1788893130898560000,28.81156005859375,3.9328231811523438,-1.0631322860717773,-1.4262404441833496
1788893130908579600,28.82157958984375,4.526634693145752,-1.0657267570495605,-1.0544428825378418
1788893130918600000,28.831599853515623,4.7786664962768555,-0.908625602722168,-0.7690491676330566
1788893130928621000,28.84162109375,4.5003814697265625,-0.8940877914428711,-0.4633150100708008
1788893130938643200,28.851643310546876,3.3456053733825684,-0.9496889114379883,-0.30971431732177734
1788893130948666000,28.861666015625,1.897639274597168,-0.4491238594055176,-0.5332770347595215
1788893130958689500,28.871689453125,0.5872292518615723,-0.08727121353149414,-0.3166818618774414
1788893130968713500,28.88171337890625,-0.6021308898925781,0.08730459213256836,0.09014654159545898
1788893130978737700,28.891737548828125,-1.5428242683410645,0.5977296829223633,0.6134295463562012
1788893130988762400,28.901762451171876,-2.1929516792297363,0.25695323944091797,0.2814140319824219
1788893130998787000,28.911787109375,-3.094334602355957,-0.004372596740722656,-0.016388416290283203
1788893131008811800,28.921811767578124,-3.9260218143463135,0.09124231338500977,-0.0914912223815918
1788893131018833200,28.931833251953126,-4.503561019897461,0.6855640411376953,0.34810495376586914
1788893131028851700,28.941851806640624,-4.485145092010498,1.0452451705932617,0.7144622802734375
1788893131038870300,28.951870361328126,-4.17066764831543,1.1573185920715332,1.062354564666748
1788893131048889300,28.961889404296876,-3.6497457027435303,1.1219143867492676,1.2843670845031738
1788893131058908700,28.97190869140625,-3.031803846359253,0.9322085380554199,1.4837656021118164
1788893131068928500,28.981928466796877,-2.491384744644165,0.6883525848388672,1.6293811798095703
1788893131078948900,28.991948974609375,-1.9161181449890137,0.4226961135864258,1.5425729751586914
1788893131088969500,29.001969482421874,-1.2631897926330566,0.10853338241577148,1.364264965057373
1788893131098990800,29.011990966796876,-0.648076057434082,-0.15174388885498047,1.1916584968566895
1788893131109012500,29.022012451171875,-0.12303447723388672,-0.3175992965698242,0.9791908264160156
1788893131119034600,29.03203466796875,0.24616765975952148,-0.48212242126464844,0.7681884765625
1788893131129057000,29.04205712890625,0.5088706016540527,-0.641939640045166,0.6856460571289062
1788893131139079700,29.05207958984375,0.7491374015808105,-0.7643322944641113,0.6680116653442383
1788893131149102800,29.062102783203127,0.9465398788452148,-0.8878955841064453,0.690455436706543
1788893131159126000,29.0721259765625,1.076270580291748,-1.0311055183410645,0.7227411270141602
1788893131169149200,29.082149169921873,1.0281963348388672,-1.2110910415649414,0.8150386810302734
1788893131179178000,29.092177978515625,0.8416285514831543,-1.4108390808105469,0.9603419303894043
1788893131189194200,29.1021943359375,0.5528903007507324,-1.5311732292175293,1.0043249130249023
1788893131199210500,29.11221044921875,0.27507686614990234,-1.550832748413086,0.8137450218200684
1788893131209227300,29.122227294921874,0.030681610107421875,-1.5263819694519043,0.4198875427246094
1788893131219244500,29.13224462890625,-0.08577156066894531,-1.524890422821045,-0.058350563049316406
1788893131229262600,29.1422626953125,-0.10939359664916992,-1.6428742408752441,-0.4633626937866211
1788893131239281400,29.152281494140624,-0.04395723342895508,-1.7918972969055176,-0.9201998710632324
1788893131249301000,29.162301025390626,0.13270044326782227,-1.9843006134033203,-1.384279727935791
1788893131259321300,29.1723212890625,0.5150270462036133,-2.17459774017334,-1.8203411102294922
1788893131269342700,29.1823427734375,0.9756159782409668,-2.3315587043762207,-2.233870506286621
1788893131279364900,29.19236474609375,1.4119257926940918,-2.4607667922973633,-2.4546260833740234
1788893131289387800,29.2023876953125,1.6987652778625488,-2.553813934326172,-2.5979347229003906
1788893131299411500,29.212411376953124,1.788919448852539,-2.6008658409118652,-2.482888698577881
1788893131309435600,29.222435546875,1.680208683013916,-2.524252414703369,-2.204721450805664
1788893131319460000,29.232460205078127,1.262296199798584,-2.3124818801879883,-1.7758326530456543
1788893131329484800,29.24248486328125,0.5449514389038086,-1.9287505149841309,-1.3240361213684082
1788893131339509800,29.252509765625,-0.2626528739929199,-1.4081883430480957,-0.9683761596679688
1788893131349534000,29.262533935546877,-0.9480085372924805,-1.0010409355163574,-0.47499752044677734
1788893131359555000,29.27255517578125,-1.6097731590270996,-0.5753531455993652,0.017206192016601562
1788893131369573600,29.28257373046875,-2.218273639678955,-0.12929296493530273,0.3454256057739258
1788893131379592400,29.292592529296876,-2.678400993347168,0.2941775321960449,0.5717761516571045
1788893131389611300,29.302611328125,-2.9769153594970703,0.6701064109802246,0.7493157386779785
1788893131399630800,29.312630859375,-3.096008062362671,0.9161262512207031,0.8925559520721436
1788893131409650400,29.322650390625,-3.0711114406585693,1.0446391105651855,0.9970471858978271
1788893131419670800,29.3326708984375,-2.952714204788208,1.0291519165039062,1.0198204517364502
1788893131429691600,29.342691650390623,-2.666572093963623,0.9724326133728027,0.8993613719940186
1788893131439712800,29.352712646484374,-2.3437094688415527,0.8948254585266113,0.7195191383361816
1788893131449734400,29.362734375,-2.0093321800231934,0.8170976638793945,0.3395957946777344
1788893131459756500,29.372756591796875,-1.6468043327331543,0.6795783042907715,-0.21628713607788086
1788893131469779000,29.382779052734374,-1.1071133613586426,0.5611686706542969,-1.02598237991333
1788893131479801600,29.392801513671873,-0.35352087020874023,0.41486072540283203,-1.8095130920410156
1788893131489824800,29.40282470703125,0.46805429458618164,0.13733959197998047,-2.294853687286377
1788893131499848000,29.412847900390624,1.2570276260375977,-0.39528369903564453,-2.3983139991760254
1788893131509871000,29.42287109375,1.904871940612793,-1.0151214599609375,-2.398019313812256
1788893131519900000,29.43289990234375,2.276366710662842,-1.4924774169921875,-2.1495494842529297
1788893131529916200,29.442916259765624,2.3065123558044434,-1.7683920860290527,-1.6558494567871094
1788893131539932700,29.4529326171875,2.1191530227661133,-1.696922779083252,-0.966303825378418
1788893131549949700,29.46294970703125,1.4444479942321777,-1.8910870552062988,-0.6906042098999023
1788893131559967000,29.472967041015625,0.29326725006103516,-1.5818805694580078,-0.8778018951416016
1788893131569985000,29.482985107421875,-0.8731451034545898,-1.358656406402588,-0.9452557563781738
1788893131580003800,29.49300390625,-1.8390183448791504,-1.1410245895385742,-0.7649974822998047
1788893131590023400,29.5030234375,-2.771299362182617,-0.8577837944030762,-0.7250475883483887
1788893131600043800,29.513043701171874,-3.5322420597076416,-0.5154204368591309,-0.8161273002624512
1788893131610065200,29.523065185546876,-4.148764610290527,-0.1658153533935547,-0.871147632598877
1788893131620087000,29.533087158203124,-4.610028266906738,0.2398209571838379,-0.7916288375854492
1788893131630110000,29.54310986328125,-4.9246745109558105,0.5873661041259766,-0.6756715774536133
1788893131640133400,29.55313330078125,-5.101500511169434,0.9103498458862305,-0.5113024711608887
1788893131650157300,29.5631572265625,-5.115535736083984,1.1228890419006348,-0.3538203239440918
1788893131660181800,29.573181640625,-4.952844619750977,1.2246298789978027,-0.1987771987915039
1788893131670206500,29.58320654296875,-4.600211143493652,1.2386202812194824,0.004698276519775391
1788893131680231400,29.5932314453125,-4.226163864135742,1.1966595649719238,0.16885805130004883
1788893131690256000,29.603255859375,-3.8453211784362793,1.1734309196472168,0.22591400146484375
1788893131700277200,29.61327734375,-3.476961851119995,1.195692539215088,0.0410919189453125
1788893131710295800,29.6232958984375,-2.95949387550354,1.194173812866211,-0.353546142578125
1788893131720314600,29.633314697265625,-2.2701125144958496,1.0756173133850098,-0.8347434997558594
1788893131730333400,29.64333349609375,-1.5591273307800293,0.7372236251831055,-1.3808503150939941
1788893131740353000,29.65335302734375,-0.8748373985290527,0.2289266586303711,-1.9397811889648438
1788893131750372600,29.66337255859375,-0.21199941635131836,-0.4427194595336914,-2.2564144134521484
1788893131760393000,29.67339306640625,0.4878826141357422,-1.0495848655700684,-2.6817150115966797
1788893131770413600,29.68341357421875,1.1842780113220215,-1.5845026969909668,-2.854933738708496
1788893131780435000,29.69343505859375,1.6929383277893066,-2.0487074851989746,-2.841822624206543
1788893131790456600,29.70345654296875,2.0980911254882812,-2.2029309272766113,-2.923267364501953
1788893131800478700,29.713478759765625,2.43768310546875,-2.114053249359131,-2.9145116806030273
1788893131810501000,29.723501220703124,2.6774702072143555,-1.8436479568481445,-2.6332778930664062
1788893131820523800,29.733523681640627,2.6418728828430176,-1.5613198280334473,-2.1053366661071777
1788893131830547000,29.743546875,2.48045015335083,-1.3179168701171875,-2.1253528594970703
1788893131840570000,29.753570068359377,2.383378028869629,-1.0430002212524414,-2.4473352432250977
1788893131850593300,29.76359326171875,2.2206506729125977,-0.9848394393920898,-2.4213924407958984
1788893131860621800,29.773621826171876,2.039926528930664,-0.9988560676574707,-2.7131471633911133
1788893131870638000,29.78363818359375,1.8930459022521973,-1.1428980827331543,-2.820420265197754
1788893131880654600,29.793654541015623,1.8049988746643066,-1.1927385330200195,-2.5565919876098633
1788893131890671400,29.80367138671875,1.6805849075317383,-1.0135645866394043,-2.011514663696289
1788893131900688600,29.813688720703126,1.496340274810791,-0.6558542251586914,-1.4586353302001953
1788893131910706700,29.823706787109376,1.1593213081359863,-0.1904621124267578,-0.789832592010498
1788893131920725200,29.833725341796875,0.5750188827514648,0.27991724014282227,0.043546199798583984
1788893131930744800,29.843744873046877,-0.07824182510375977,0.7061562538146973,0.6850910186767578
1788893131940765400,29.853765380859375,-0.6196084022521973,1.0857820510864258,1.1945381164550781
1788893131950786800,29.863786865234374,-1.1607084274291992,1.3300738334655762,1.8029069900512695
1788893131960809000,29.87380908203125,-1.7814226150512695,1.5032634735107422,2.3948354721069336
1788893131970832000,29.883831787109376,-2.3634989261627197,1.5831513404846191,2.9340908527374268
1788893131980855300,29.893855224609375,-2.7714569568634033,1.6607279777526855,3.3507871627807617
1788893131990879500,29.90387939453125,-2.979208469390869,1.7109136581420898,3.6913018226623535
1788893132000904000,29.913904052734374,-3.064084529876709,1.6948246955871582,3.9978463649749756
1788893132010928600,29.9239287109375,-3.0557503700256348,1.6600136756896973,4.0682268142700195
1788893132020953600,29.93395361328125,-2.829261064529419,1.5093331336975098,3.6566803455352783
1788893132030977800,29.943977783203124,-2.216566801071167,1.2195243835449219,2.623058319091797
1788893132040999200,29.953999267578126,-1.260622501373291,0.8328604698181152,1.3806819915771484
1788893132051020300,29.964020263671873,-0.12716341018676758,0.1945199966430664,-0.0014996528625488281
1788893132061038800,29.974038818359375,1.003767728805542,-0.8011641502380371,-1.0387158393859863
1788893132071057400,29.984057373046873,2.1147477626800537,-1.7509374618530273,-2.010533332824707
1788893132081076500,29.994076416015623,3.4093551635742188,-2.466034412384033,-2.5544509887695312
1788893132091095800,30.004095703125,4.392868518829346,-2.8755006790161133,-2.5890002250671387
1788893132101115600,30.01411572265625,4.629083156585693,-2.9324989318847656,-2.193237781524658
1788893132111135700,30.0241357421875,4.550129413604736,-2.367133617401123,-1.7440862655639648
1788893132121156600,30.034156494140625,4.102555751800537,-1.9867982864379883,-1.4392895698547363
1788893132131177700,30.044177734375,2.8362274169921875,-1.6283783912658691,-1.0010051727294922
1788893132141199400,30.054199462890626,1.3447527885437012,-1.0465312004089355,-0.7363195419311523
1788893132151220000,30.064219970703125,-0.06612825393676758,-0.688807487487793,-0.3526277542114258
1788893132161242600,30.07424267578125,-1.2920286655426025,-0.37566041946411133,0.13814306259155273
1788893132171265300,30.084265380859375,-2.277179479598999,-0.07317304611206055,0.6392593383789062
1788893132181288200,30.0942880859375,-2.9311015605926514,0.17096519470214844,0.8320975303649902
1788893132191311400,30.104311279296876,-3.521061897277832,0.038787841796875,0.6592392921447754
1788893132201334800,30.114334716796876,-4.054290294647217,0.3431248664855957,0.9550061225891113
1788893132211363300,30.12436328125,-4.188704490661621,0.9180541038513184,1.4425654411315918
1788893132221379600,30.134379638671874,-3.8982019424438477,0.9536290168762207,1.7642621994018555
1788893132231396000,30.14439599609375,-3.441830635070801,0.9010710716247559,2.067415237426758
1788893132241412900,30.154412841796876,-2.999891519546509,0.8186459541320801,2.338043689727783
1788893132251430100,30.16443017578125,-2.632068634033203,0.7700505256652832,2.5956602096557617
1788893132261448000,30.174447998046876,-2.2090213298797607,0.7961745262145996,2.4131736755371094
1788893132271466800,30.184466796875,-1.6709249019622803,0.8929343223571777,1.7662835121154785
1788893132281486300,30.194486328125,-0.9936015605926514,0.9026947021484375,0.9316086769104004
1788893132291507000,30.2045068359375,-0.2536005973815918,0.8322091102600098,0.3226656913757324
1788893132301528000,30.214528076171874,0.4555788040161133,0.622950553894043,-0.0490570068359375
1788893132311550200,30.22455029296875,1.005502700805664,0.1555771827697754,-0.2763395309448242
1788893132321573000,30.234572998046875,1.4288997650146484,-0.26159143447875977,-0.27538013458251953
1788893132331596800,30.2445966796875,1.790067195892334,-0.5164742469787598,-0.30070924758911133
1788893132341620700,30.254620849609374,1.953683853149414,-0.6121234893798828,-0.19495725631713867
1788893132351645200,30.264645263671873,1.938410758972168,-0.8739604949951172,0.03944730758666992
1788893132361670000,30.274669921875,1.6039576530456543,-1.0862231254577637,0.18196821212768555
1788893132371694800,30.28469482421875,1.079005241394043,-1.1150598526000977,0.17139673233032227
1788893132381719000,30.294718994140624,0.523475170135498,-1.1284780502319336,0.061051368713378906
1788893132391740400,30.304740478515626,0.008897781372070312,-1.1777763366699219,-0.1420588493347168
1788893132401761500,30.314761474609377,-0.3520369529724121,-1.2570714950561523,-0.2549452781677246
1788893132411780000,30.324780029296875,-0.6382365226745605,-1.4868836402893066,-0.26530885696411133
1788893132421798700,30.334798583984377,-0.9192183017730713,-1.6491217613220215,-0.20814132690429688
1788893132431817700,30.344817626953127,-1.1796913146972656,-1.856015682220459,-0.32923030853271484
1788893132441837000,30.354837158203125,-1.2181200981140137,-1.9394426345825195,-0.6176772117614746
1788893132451857000,30.36485693359375,-1.061936616897583,-1.7936005592346191,-0.9045863151550293
1788893132461877000,30.374876953125,-0.8136386871337891,-1.632702350616455,-1.1640362739562988
1788893132471897600,30.384897705078124,-0.6811094284057617,-1.559281826019287,-1.2666072845458984
1788893132481918700,30.394918701171875,-0.5581879615783691,-1.603330135345459,-1.3047418594360352
1788893132491940400,30.4049404296875,-0.40308666229248047,-1.608100414276123,-1.2830729484558105
1788893132501962500,30.41496240234375,-0.2110891342163086,-1.5127592086791992,-1.1623811721801758
1788893132511985000,30.42498486328125,-0.047473907470703125,-1.3228745460510254,-0.9268903732299805
1788893132522007800,30.4350078125,-0.05240201950073242,-1.0433049201965332,-0.5080914497375488
1788893132532030700,30.44503076171875,-0.2924036979675293,-0.7201504707336426,0.013705730438232422
1788893132542054000,30.455053955078125,-0.6398372650146484,-0.4124574661254883,0.40296411514282227
1788893132552077300,30.465077392578124,-0.8843824863433838,-0.15082073211669922,0.7859401702880859
1788893132562105900,30.47510595703125,-1.0543837547302246,0.044257164001464844,1.2743573188781738
1788893132572122400,30.485122314453125,-1.2270338535308838,0.17183685302734375,1.677729606628418
1788893132582139000,30.495138916015627,-1.3481922149658203,0.22526168823242188,1.9438796043395996
1788893132592156000,30.505156005859376,-1.282637119293213,0.19181585311889648,2.041240692138672
1788893132602173200,30.515173095703126,-1.0398280620574951,0.09563302993774414,1.8578524589538574
1788893132612191200,30.525191162109376,-0.6463980674743652,-0.1257643699645996,1.3526759147644043
1788893132622210000,30.5352099609375,-0.04865264892578125,-0.40227174758911133,0.633659839630127
1788893132632229600,30.545229736328125,0.6608364582061768,-0.7548832893371582,0.10123872756958008
1788893132642250200,30.555250244140623,1.2913942337036133,-1.1701593399047852,-0.30824899673461914
1788893132652271400,30.565271240234374,1.7421643733978271,-1.5527534484863281,-0.6859898567199707
1788893132672316200,30.585316162109375,2.3124847412109375,-2.030372142791748,-1.368734359741211
1788893132682339600,30.595339599609375,2.501870632171631,-2.069227695465088,-1.5595808029174805
1788893132692363500,30.605363525390626,2.4732542037963867,-2.083056926727295,-1.7911205291748047
1788893132702387700,30.6153876953125,2.1588940620422363,-2.097789764404297,-2.166170597076416
1788893132712412400,30.625412353515625,1.7116460800170898,-2.038424015045166,-2.347670078277588
1788893132722437000,30.63543701171875,1.2790703773498535,-1.9723429679870605,-2.35837984085083
1788893132732459000,30.645458984375,0.8837838172912598,-1.8434762954711914,-2.1961421966552734
1788893132742481200,30.655481201171874,0.3522210121154785,-1.7105793952941895,-1.8584508895874023
1788893132752508400,30.66550830078125,-0.29810476303100586,-1.4925055503845215,-1.553976058959961
1788893132762525400,30.675525390625,-0.9347395896911621,-1.1943683624267578,-1.3179807662963867
1788893132772542500,30.68554248046875,-1.5351738929748535,-0.8208389282226562,-1.1135458946228027
1788893132782559700,30.695559814453127,-2.1155383586883545,-0.3810615539550781,-0.9420514106750488
1788893132792577500,30.70557763671875,-2.6676442623138428,-0.04091835021972656,-0.7808995246887207
1788893132802595800,30.715595947265626,-3.151273250579834,0.3160724639892578,-0.6755952835083008
1788893132812615000,30.725614990234376,-3.540621519088745,0.7155580520629883,-0.647641658782959
1788893132822635000,30.735635009765623,-3.867338180541992,1.0732617378234863,-0.5942707061767578
1788893132832655600,30.745655517578125,-4.211609840393066,1.3578333854675293,-0.5050559043884277
1788893132842676700,30.7556767578125,-4.48258638381958,1.585921287536621,-0.3476424217224121
1788893132852699000,30.765698974609375,-4.614019393920898,1.8454599380493164,-0.1669139862060547
1788893132862721500,30.775721435546874,-4.544562816619873,2.075333595275879,-0.07400894165039062
1788893132872744700,30.78574462890625,-4.309496879577637,2.203678607940674,0.01608753204345703
1788893132882768400,30.795768310546876,-3.9454379081726074,2.238039970397949,0.05475044250488281
1788893132892792300,30.805792236328124,-3.5703089237213135,2.2141427993774414,0.03187990188598633
1788893132902816800,30.815816650390627,-3.2197065353393555,2.186530590057373,-0.03737354278564453
1788893132912841000,30.825841064453126,-2.9396960735321045,2.108983039855957,-0.0431971549987793
1788893132922865000,30.835864990234374,-2.647714614868164,2.0516109466552734,-0.13648271560668945
1788893132932886300,30.84588623046875,-2.2558352947235107,2.051311492919922,-0.5052762031555176
1788893132942907400,30.855907470703126,-1.8303823471069336,1.96160888671875,-0.8489246368408203
1788893132952926000,30.865926025390625,-1.4959030151367188,1.7995028495788574,-1.0987958908081055
1788893132962944800,30.87594482421875,-1.1896328926086426,1.497518539428711,-1.3688526153564453
1788893132972963600,30.885963623046877,-0.790618896484375,1.160801887512207,-1.7195839881896973
1788893132982983000,30.89598291015625,-0.32634830474853516,0.8796734809875488,-2.0345001220703125
1788893132993002800,30.906002685546873,0.08681392669677734,0.6258983612060547,-2.2637829780578613
1788893133003022800,30.91602294921875,0.4635353088378906,0.36763715744018555,-2.4242630004882812
1788893133013043500,30.92604345703125,0.7121210098266602,0.13649940490722656,-2.4396848678588867
1788893133023064800,30.93606494140625,0.7348804473876953,-0.05946063995361328,-2.340346336364746
1788893133033086200,30.946086181640624,0.49498748779296875,-0.21609830856323242,-2.4014015197753906
1788893133043108400,30.9561083984375,0.21828556060791016,-0.2308182716369629,-3.1247854232788086
1788893133053130800,30.966130859375,0.07491302490234375,-0.24582910537719727,-3.928615093231201
1788893133063153700,30.976153564453124,0.19023370742797852,-0.3986835479736328,-4.658565998077393
1788893133073176600,30.986176513671875,0.2961559295654297,-0.7520174980163574,-4.96935510635376
1788893133083199700,30.99619970703125,0.37107133865356445,-1.1690411567687988,-5.091588973999023
1788893133093223000,31.006222900390625,0.478790283203125,-1.4599957466125488,-5.0374579429626465
1788893133103251700,31.016251708984374,0.8149714469909668,-1.655491828918457,-4.676624298095703
1788893133113268200,31.026268310546875,1.1245942115783691,-1.6844849586486816,-4.033659934997559
1788893133123284700,31.03628466796875,1.2353386878967285,-1.6177396774291992,-2.9763340950012207
1788893133133301800,31.0463017578125,1.034146785736084,-1.3709020614624023,-1.6981401443481445
1788893133143319000,31.056319091796876,0.3841738700866699,-0.8732109069824219,-0.5656919479370117
1788893133153337000,31.066337158203126,-0.505490779876709,-0.3312087059020996,0.3519754409790039
1788893133163356000,31.07635595703125,-1.2559328079223633,0.16800546646118164,1.179955005645752
1788893133173375500,31.08637548828125,-1.7474336624145508,0.607396125793457,1.81962251663208
1788893133183395800,31.096395751953125,-2.1116204261779785,0.9446578025817871,2.242387294769287
1788893133193417200,31.106417236328124,-2.233391046524048,1.1172733306884766,2.43328857421875
1788893133203439400,31.116439453125,-2.0181567668914795,1.1421632766723633,2.545876979827881
1788893133213462000,31.1264619140625,-1.5059165954589844,1.0593328475952148,2.538454532623291
1788893133223485400,31.1364853515625,-0.7798810005187988,0.9033727645874023,2.4852797985076904
1788893133233509400,31.14650927734375,0.011012554168701172,0.7226591110229492,2.2286376953125
1788893133243533600,31.156533447265623,0.898892879486084,0.5643057823181152,1.6746320724487305
1788893133253558300,31.166558349609375,1.8338098526000977,0.5516715049743652,1.0882234573364258
1788893133263583000,31.1765830078125,2.6798977851867676,0.37358522415161133,0.41408777236938477
1788893133273604900,31.18660498046875,3.595975875854492,0.1347055435180664,-0.18341636657714844
1788893133283627000,31.196626953125,4.202130317687988,-0.29741621017456055,-0.3929567337036133
1788893133293654300,31.206654296875,4.54872989654541,-0.25905561447143555,-0.2769780158996582
1788893133303671300,31.21667138671875,4.811506271362305,-0.19054508209228516,-0.03243589401245117
1788893133313688300,31.226688232421875,4.809098243713379,-0.300504207611084,0.3244633674621582
1788893133323705900,31.236705810546876,4.450865268707275,-0.5133724212646484,0.6630978584289551
1788893133333723600,31.2467236328125,3.5537667274475098,-0.6233887672424316,1.0061378479003906
1788893133343742000,31.256741943359376,2.458155632019043,-0.35729408264160156,1.0711307525634766
1788893133353761000,31.266760986328126,1.444105625152588,-0.13166093826293945,1.312246322631836
1788893133373801500,31.286801513671875,-0.21297836303710938,0.23003339767456055,1.672607421875
1788893133383822600,31.296822509765626,-0.9056897163391113,0.21468830108642578,1.5487279891967773
1788893133393844700,31.3068447265625,-1.4299309253692627,0.3378458023071289,1.37261962890625
1788893133403867100,31.3168671875,-1.7313182353973389,0.45122432708740234,1.2091712951660156
1788893133423914000,31.3369140625,-1.7833311557769775,0.3744039535522461,0.9103198051452637
1788893133433938200,31.346938232421873,-1.5330243110656738,0.22935771942138672,0.8432149887084961
1788893133443962400,31.35696240234375,-1.1143207550048828,0.04517650604248047,0.6777596473693848
1788893133453986600,31.366986572265624,-0.7099032402038574,-0.18664312362670898,0.7039070129394531
1788893133464010800,31.3770107421875,-0.47956371307373047,-0.42507266998291016,1.035895824432373
1788893133474032000,31.3870322265625,-0.40529680252075195,-0.546165943145752,1.203740119934082
1788893133484053200,31.39705322265625,-0.46069860458374023,-0.5690889358520508,1.3294100761413574
1788893133494071800,31.40707177734375,-0.6619052886962891,-0.5113797187805176,1.5287814140319824
1788893133504090400,31.41709033203125,-0.8519082069396973,-0.41300153732299805,1.7739191055297852
1788893133514109400,31.427109375,-1.0592985153198242,-0.29508256912231445,2.0096473693847656
1788893133524128800,31.437128662109377,-1.2171134948730469,-0.18924474716186523,2.1483819484710693
1788893133534148400,31.4471484375,-1.2728919982910156,-0.09482765197753906,2.18505597114563
1788893133544168700,31.457168701171874,-1.226668357849121,-0.04057931900024414,2.1631720066070557
1788893133554189300,31.467189208984376,-1.0693879127502441,-0.06569766998291016,2.0883610248565674
1788893133564210400,31.47721044921875,-0.8738017082214355,-0.1714487075805664,2.0138421058654785
1788893133574232300,31.487232421875,-0.6703362464904785,-0.3406248092651367,1.9257102012634277
1788893133584254200,31.497254150390624,-0.5474090576171875,-0.575108528137207,1.6995792388916016
1788893133594276900,31.50727685546875,-0.4464888572692871,-0.8092589378356934,1.3768014907836914
1788893133604299500,31.517299560546874,-0.298797607421875,-1.0445661544799805,0.9182248115539551
1788893133614322400,31.527322509765625,-0.039464473724365234,-1.2259845733642578,0.348513126373291
1788893133624345600,31.537345703125,0.19722509384155273,-1.4231929779052734,-0.1244363784790039
1788893133634369000,31.547369140625,0.4658832550048828,-1.6002492904663086,-0.74530029296875
1788893133644397600,31.5573974609375,0.6661820411682129,-1.9270601272583008,-1.2248473167419434
1788893133654414000,31.5674140625,0.8372607231140137,-2.2854533195495605,-1.484640121459961
1788893133664430600,31.5774306640625,1.2549443244934082,-2.5084595680236816,-2.1185131072998047
1788893133674447400,31.587447265625,1.7614054679870605,-2.6532092094421387,-2.5718750953674316
1788893133684465000,31.59746484375,1.8817124366760254,-2.888967990875244,-2.210346221923828
1788893133694483000,31.60748291015625,1.544196605682373,-3.0762524604797363,-1.7831711769104004
1788893133704501500,31.61750146484375,1.1339974403381348,-3.0146594047546387,-1.613377571105957
1788893133714521000,31.62752099609375,0.781285285949707,-2.748628616333008,-1.5406718254089355
1788893133724541700,31.637541748046875,0.4926633834838867,-2.3370394706726074,-1.370384693145752
1788893133734562800,31.647562744140625,0.023968219757080078,-1.9585037231445312,-1.0103330612182617
1788893133744585000,31.6575849609375,-0.6254806518554688,-1.663665771484375,-0.5922846794128418
1788893133754607600,31.667607666015623,-1.3197364807128906,-1.485030174255371,-0.28208494186401367
1788893133764631300,31.67763134765625,-1.719691276550293,-1.2413101196289062,-0.250917911529541
1788893133774655200,31.6876552734375,-1.7801718711853027,-0.9722657203674316,-0.4462146759033203
1788893133784679700,31.6976796875,-1.6015715599060059,-0.8576464653015137,-0.7208447456359863
1788893133794704400,31.707704345703124,-1.3660011291503906,-0.9572281837463379,-0.9050416946411133
1788893133804729000,31.71772900390625,-0.9643292427062988,-1.13087797164917,-1.0869946479797363
1788893133814753500,31.72775341796875,-0.4399895668029785,-1.3110160827636719,-1.1240687370300293
1788893133824775000,31.73777490234375,0.05486249923706055,-1.4857878684997559,-1.1850252151489258
1788893133834793500,31.74779345703125,0.45042896270751953,-1.5814456939697266,-1.4133129119873047
1788893133844812000,31.75781201171875,0.7639970779418945,-1.6040458679199219,-1.5658550262451172
1788893133854831000,31.7678310546875,0.9569721221923828,-1.649418830871582,-1.5239996910095215
1788893133864850400,31.777850341796874,0.9337821006774902,-1.629744052886963,-1.4579153060913086
1788893133874870300,31.787870361328125,0.7433476448059082,-1.5093073844909668,-1.4035191535949707
1788893133884890400,31.797890380859375,0.520805835723877,-1.3328123092651367,-1.3687481880187988
1788893133894911200,31.8079111328125,0.39585399627685547,-1.1782546043395996,-1.3622164726257324
1788893133904932400,31.817932373046876,0.341977596282959,-1.0528349876403809,-1.3229279518127441
1788893133914954000,31.8279541015625,0.2085590362548828,-0.9270410537719727,-1.2840723991394043
1788893133924976000,31.83797607421875,0.051314353942871094,-0.8292036056518555,-1.2393674850463867
1788893133934998500,31.84799853515625,-0.15986013412475586,-0.6539158821105957,-1.2392120361328125
1788893133945021400,31.858021484375,-0.4587669372558594,-0.4445381164550781,-1.221700668334961
1788893133955044400,31.86804443359375,-0.8505940437316895,-0.20622777938842773,-1.1671981811523438
1788893133965067500,31.878067626953126,-1.379018783569336,0.10329484939575195,-1.1743955612182617
1788893133975090700,31.888090576171876,-1.9888181686401367,0.47392892837524414,-1.252516269683838
1788893133985119500,31.898119384765625,-2.529923915863037,0.8917727470397949,-1.278505802154541
1788893133995135700,31.9081357421875,-2.9243011474609375,1.400111198425293,-1.2149667739868164
1788893134005152300,31.91815234375,-3.3144872188568115,1.9277262687683105,-1.188279151916504
1788893134015169000,31.9281689453125,-3.652585506439209,2.4848880767822266,-1.1546688079833984
1788893134025186300,31.938186279296875,-3.856804132461548,2.9297423362731934,-1.08546781539917
1788893134035204400,31.948204345703125,-3.9604015350341797,3.373040199279785,-0.975471019744873
1788893134045223200,31.95822314453125,-3.992244243621826,3.69551420211792,-0.9587035179138184
1788893134055242800,31.96824267578125,-3.9686522483825684,3.87180233001709,-0.9928395748138428
1788893134065263000,31.97826318359375,-3.787442684173584,3.9521069526672363,-0.9978134632110596
1788893134075284500,31.988284423828127,-3.457049608230591,3.8945531845092773,-0.9925789833068848
1788893134085306400,31.998306396484374,-3.086071491241455,3.7286934852600098,-1.0615508556365967
1788893134095329300,32.008329345703125,-2.7541182041168213,3.5269298553466797,-1.1066498756408691
1788893134105352700,32.01835278320313,-2.521409749984741,3.176527976989746,-1.132465124130249
1788893134115377000,32.028376953125,-2.094365119934082,2.8906426429748535,-1.244936227798462
1788893134125401000,32.038401123046874,-1.6350297927856445,2.6370368003845215,-1.4057371616363525
1788893134135425800,32.04842578125,-1.2234954833984375,2.3513846397399902,-1.5066945552825928
1788893134145450800,32.05845068359375,-0.9371929168701172,2.062929153442383,-1.4123055934906006
1788893134155475500,32.068475341796876,-0.7337117195129395,1.8023033142089844,-1.295440673828125
1788893134165496600,32.07849658203125,-0.5418767929077148,1.5911197662353516,-1.2095661163330078
1788893134175518000,32.08851806640625,-0.3335757255554199,1.4806575775146484,-1.1852941513061523
1788893134185536300,32.09853637695313,-0.003719329833984375,1.483710765838623,-1.1750068664550781
1788893134195555000,32.10855517578125,0.4024848937988281,1.5078840255737305,-1.1509175300598145
1788893134205574100,32.11857421875,0.8859281539916992,1.4602046012878418,-1.3525738716125488
1788893134215593500,32.12859350585938,1.4654488563537598,1.3508076667785645,-1.9553561210632324
1788893134225613300,32.13861328125,2.118420124053955,1.0973758697509766,-2.5247459411621094
1788893134235633400,32.14863330078125,2.5425710678100586,0.5511908531188965,-2.779222011566162
1788893134245654300,32.158654296875,2.7223644256591797,-0.09732437133789062,-3.011314868927002
1788893134255675400,32.16867529296875,2.8307957649230957,-0.6830806732177734,-3.027118682861328
1788893134265697000,32.178697021484375,2.9551315307617188,-1.1021795272827148,-3.140373706817627
1788893134275719200,32.18871923828125,3.1650376319885254,-1.2663578987121582,-2.9920129776000977
1788893134285741600,32.19874145507813,3.2543396949768066,-1.186063289642334,-2.258347511291504
1788893134295764200,32.20876416015625,3.1431827545166016,-0.8787932395935059,-1.534970760345459
1788893134305787400,32.21878735351562,2.803656578063965,-0.6458086967468262,-0.9032192230224609
1788893134315810600,32.228810546875,2.2352585792541504,-0.46185779571533203,-0.3511648178100586
1788893134325833700,32.23883374023438,1.4790740013122559,-0.18398284912109375,0.4099907875061035
1788893134335862500,32.24886254882812,0.6545395851135254,0.12444114685058594,0.9978384971618652
1788893134345878800,32.258878662109375,-0.14484357833862305,0.3897881507873535,1.4697933197021484
1788893134355895300,32.26889526367187,-0.8891310691833496,0.585716724395752,2.0260634422302246
1788893134365912000,32.278912109375,-1.4870610237121582,0.7911791801452637,2.397540330886841
1788893134375929300,32.28892944335937,-1.8776395320892334,0.9543519020080566,2.63615083694458
1788893134385947400,32.298947509765625,-2.0430736541748047,1.056445598602295,2.7988967895507812
1788893134395966200,32.30896630859375,-1.9954609870910645,1.0731964111328125,2.7368364334106445
1788893134405985800,32.31898583984375,-1.7005703449249268,1.0132107734680176,2.3007001876831055
1788893134416006100,32.329006103515624,-1.130922794342041,0.7971634864807129,1.5137639045715332
1788893134426027300,32.33902734375,-0.29396820068359375,0.43425655364990234,0.5770788192749023
1788893134436049400,32.34904931640625,0.7196669578552246,0.0051975250244140625,-0.3771848678588867
1788893134446072300,32.359072265625,1.7757768630981445,-0.6095905303955078,-1.1324377059936523
1788893134456095700,32.369095703125,2.7010955810546875,-1.034773349761963,-1.6252827644348145
1788893134466119700,32.37911962890625,3.442193031311035,-1.442899227142334,-1.8104262351989746
1788893134476144000,32.38914404296875,3.854743480682373,-1.7515802383422852,-1.6551122665405273
1788893134486168800,32.3991689453125,3.8393406867980957,-1.8341431617736816,-1.3657879829406738
1788893134496193500,32.409193603515625,3.41799259185791,-1.8977274894714355,-1.0662884712219238
1788893134506218200,32.41921826171875,2.468484878540039,-1.6652626991271973,-0.9007701873779297
1788893134516239600,32.42923950195313,1.3395342826843262,-1.3252687454223633,-0.9265475273132324
1788893134526260700,32.4392607421875,0.23838376998901367,-1.152029037475586,-0.7286219596862793
1788893134536279300,32.449279296875,-0.7279629707336426,-0.9322090148925781,-0.5503225326538086
1788893134546297900,32.4592978515625,-1.6598219871520996,-0.7935748100280762,-0.5241389274597168
1788893134556317000,32.46931689453125,-2.4922914505004883,-0.6453404426574707,-0.5297484397888184
1788893134566336300,32.479336181640626,-3.1856958866119385,-0.36293458938598633,-0.5157618522644043
1788893134576356000,32.48935620117187,-3.6340787410736084,-0.07937097549438477,-0.4083895683288574
1788893134586376400,32.49937646484375,-3.913609027862549,0.17329168319702148,-0.24498939514160156
1788893134596397000,32.50939697265625,-4.010281562805176,0.6642484664916992,0.05964851379394531
1788893134606418200,32.51941821289063,-3.9074649810791016,0.23161840438842773,-0.026879310607910156
1788893134616440000,32.529440185546875,-3.9417402744293213,-0.034345149993896484,0.20648717880249023
1788893134626462000,32.5394619140625,-3.522630453109741,0.21959877014160156,0.3159294128417969
1788893134636484600,32.54948461914063,-2.9118354320526123,0.17234373092651367,0.6919398307800293
1788893134646507300,32.55950732421875,-2.250004291534424,0.1089773178100586,0.9220876693725586
1788893134656530200,32.5695302734375,-1.7057008743286133,0.012251853942871094,0.9447717666625977
1788893134666553300,32.57955322265625,-1.2710022926330566,0.05214071273803711,0.8929357528686523
1788893134676576800,32.58957666015625,-0.8389983177185059,0.08782815933227539,0.7880759239196777
1788893134686605300,32.59960522460938,-0.4038381576538086,0.06454944610595703,0.7664365768432617
1788893134696621600,32.60962158203125,0.03167009353637695,0.01969289779663086,0.7635726928710938
1788893134706638000,32.61963818359375,0.42720556259155273,-0.004956722259521484,0.7738037109375
1788893134716654800,32.62965478515625,0.693817138671875,-0.06339168548583984,0.8100557327270508
1788893134726672100,32.63967211914063,0.8763742446899414,-0.12276792526245117,0.9038653373718262
1788893134736690000,32.64968994140625,1.0497565269470215,-0.1540384292602539,0.9678888320922852
1788893134746708700,32.65970874023437,1.194526195526123,-0.1660308837890625,1.0783038139343262
1788893134756728300,32.669728271484374,1.2109856605529785,-0.14298057556152344,1.1726484298706055
1788893134766749000,32.6797490234375,1.205291748046875,-0.0930166244506836,1.179091453552246
1788893134776770000,32.68977001953125,1.1735105514526367,-0.0003790855407714844,1.02589750289917
1788893134786792400,32.69979248046875,1.1846394538879395,0.06889867782592773,0.8387484550476074
1788893134796815400,32.7098154296875,1.1603493690490723,0.0005645751953125,0.6581673622131348
1788893134806838800,32.7198388671875,1.1159958839416504,-0.18262958526611328,0.15192413330078125
1788893134816863000,32.729863037109375,1.445969581604004,-0.34070539474487305,-0.8828010559082031
1788893134826887400,32.739887451171874,2.2676849365234375,-0.548553466796875,-1.8584842681884766
1788893134836912000,32.749912109375,3.192063808441162,-0.9797115325927734,-2.4480743408203125
1788893134846936800,32.759936767578125,3.7485098838806152,-1.5434975624084473,-2.648512363433838
1788893134856961300,32.769961181640625,4.070062637329102,-1.8001117706298828,-2.581233501434326
1788893134866982400,32.779982421875,4.234426021575928,-1.816281795501709,-2.352334976196289
1788893134877001000,32.7900009765625,4.09726095199585,-1.7389450073242188,-2.014068126678467
1788893134887019500,32.80001953125,3.3947019577026367,-1.4357080459594727,-1.4690489768981934
1788893134897038600,32.81003857421875,2.2971320152282715,-1.021716594696045,-0.9800319671630859
1788893134907058000,32.820057861328124,1.2435522079467773,-0.5561709403991699,-0.38953590393066406
1788893134917077800,32.83007788085938,0.3423781394958496,-0.23212289810180664,0.13034725189208984
1788893134927098000,32.84009814453125,-0.3319568634033203,0.1001291275024414,0.3137378692626953
1788893134937118700,32.85011865234375,-0.8129615783691406,0.39247989654541016,0.2434391975402832
1788893134947139800,32.860139892578125,-1.0755352973937988,0.6977996826171875,0.19924592971801758
1788893134957161700,32.87016162109375,-0.8685603141784668,0.9158840179443359,-0.019948959350585938
1788893134967183600,32.88018359375,-0.21432924270629883,0.862861156463623,-0.2210836410522461
1788893134977206300,32.890206298828126,0.5759902000427246,0.7132344245910645,-0.3145308494567871
1788893134987229000,32.90022900390625,1.244645118713379,0.5071225166320801,-0.631077766418457
1788893134997251800,32.910251953125,1.8551931381225586,0.3375363349914551,-1.1378097534179688
1788893135007275000,32.92027490234375,2.427204132080078,0.31124162673950195,-1.5978894233703613
1788893135017298400,32.93029833984375,2.685225009918213,0.3399052619934082,-1.8324151039123535
1788893135027327000,32.940326904296874,2.6611595153808594,0.34056854248046875,-2.2546539306640625
1788893135037343200,32.95034326171875,2.2749834060668945,0.48805713653564453,-2.518843650817871
1788893135047359500,32.960359375,1.6096057891845703,0.7546029090881348,-2.588191032409668
1788893135057376300,32.97037622070312,0.965519905090332,1.02305269241333,-2.662818431854248
1788893135067393500,32.9803935546875,0.29799318313598633,1.2575125694274902,-2.59844970703125
1788893135077411300,32.990411376953126,-0.39963531494140625,1.3989181518554688,-2.4238009452819824
1788893135087430100,33.00043017578125,-1.139510154724121,1.455686092376709,-2.1734323501586914
1788893135097449700,33.01044970703125,-1.7289938926696777,1.5786066055297852,-1.9912934303283691
1788893135107470000,33.020469970703125,-2.205467700958252,1.7216925621032715,-1.8773293495178223
1788893135117491500,33.03049145507813,-2.630474328994751,1.8714356422424316,-1.8020434379577637
1788893135127513600,33.040513671875,-2.983947277069092,2.071690082550049,-1.8408403396606445
1788893135137536500,33.05053662109375,-3.284090995788574,2.3226170539855957,-1.9106712341308594
1788893135147560000,33.06055981445313,-3.462705612182617,2.5195374488830566,-2.0432329177856445
1788893135157584100,33.07058422851563,-3.5815093517303467,2.671782970428467,-2.2176809310913086
1788893135167608600,33.08060864257813,-3.5886499881744385,2.792847156524658,-2.380852222442627
1788893135177633500,33.09063354492187,-3.4904134273529053,2.914440631866455,-2.4558610916137695
1788893135187658200,33.100658203125,-3.2637171745300293,3.0114498138427734,-2.4519691467285156
1788893135197682700,33.1106826171875,-2.9099199771881104,3.0674004554748535,-2.4830164909362793
1788893135207704000,33.1207041015625,-2.4645602703094482,3.0519189834594727,-2.4300317764282227
1788893135217722400,33.13072241210938,-1.929497241973877,2.977797031402588,-2.2602367401123047
1788893135227741200,33.1407412109375,-1.4406895637512207,2.8815226554870605,-2.141733169555664
1788893135237760000,33.15076000976563,-1.0671806335449219,2.7761640548706055,-2.152388095855713
1788893135247779300,33.160779296875,-0.7354645729064941,2.6697497367858887,-2.2987771034240723
1788893135257799200,33.17079907226562,-0.39193105697631836,2.5177478790283203,-2.3250999450683594
1788893135267819500,33.18081958007812,-0.05348014831542969,2.3813982009887695,-2.2283291816711426
1788893135277840100,33.19084008789063,0.10551929473876953,2.2795004844665527,-2.087183952331543
1788893135287861200,33.200861328125,0.23218154907226562,2.3268051147460938,-2.1658225059509277
1788893135297883000,33.2108828125,0.3220486640930176,2.3600668907165527,-2.2141880989074707
1788893135307905000,33.22090502929687,0.3130321502685547,2.3408560752868652,-2.1507515907287598
1788893135317927400,33.23092749023437,0.2965536117553711,2.2789463996887207,-2.223789691925049
1788893135327950300,33.24095043945312,0.22933292388916016,2.1689624786376953,-2.3130526542663574
1788893135337973200,33.25097314453125,0.23464488983154297,2.044196605682373,-2.3523921966552734
1788893135347996400,33.260996337890624,0.3648414611816406,1.9042201042175293,-2.370269298553467
1788893135358019800,33.27101977539063,0.5439510345458984,1.7305293083190918,-2.390857696533203
1788893135368048400,33.28104833984375,0.6436281204223633,1.5097417831420898,-2.395669937133789
1788893135378064600,33.291064697265625,0.6213603019714355,1.2918987274169922,-2.205538272857666
1788893135388081200,33.3010810546875,0.5597653388977051,1.160916805267334,-1.9518742561340332
1788893135398098000,33.31109790039063,0.38448143005371094,1.12398099899292,-1.7122201919555664
1788893135408115200,33.321115234375,0.13585567474365234,1.1309256553649902,-1.573366641998291
1788893135418133200,33.33113330078125,-0.08073091506958008,1.1161093711853027,-1.531191349029541
1788893135428152000,33.341152099609374,-0.17045116424560547,1.0367956161499023,-1.528533935546875
1788893135438171600,33.351171630859376,-0.0864710807800293,0.8683595657348633,-1.536092758178711
1788893135448192000,33.36119189453125,0.0789022445678711,0.652834415435791,-1.515345573425293
1788893135458213400,33.37121337890625,0.30168724060058594,0.42284297943115234,-1.4319958686828613
1788893135468235500,33.381235595703124,0.42855119705200195,0.17754077911376953,-1.137674331665039
1788893135478258200,33.39125805664062,0.5029058456420898,0.07120752334594727,-1.0637617111206055
1788893135488281900,33.40128173828125,0.5255551338195801,-0.024811267852783203,-0.8896493911743164
1788893135498305800,33.411305908203126,0.4682884216308594,-0.11221694946289062,-0.5459704399108887
1788893135508330500,33.42133056640625,0.39830636978149414,-0.1347036361694336,-0.37001466751098633
1788893135518355200,33.431355224609376,0.3157162666320801,-0.13694334030151367,-0.2822103500366211
1788893135528380000,33.4413798828125,0.29315185546875,-0.1401047706604004,-0.25464868545532227
1788893135538404400,33.451404296875,0.3311023712158203,-0.1434917449951172,-0.41592979431152344
1788893135548425500,33.46142553710938,0.43901491165161133,-0.19620275497436523,-0.6403369903564453
1788893135558446800,33.47144677734375,0.5746207237243652,-0.2913646697998047,-0.8868212699890137
1788893135568465200,33.481465087890626,0.6909456253051758,-0.4132676124572754,-1.051889419555664
1788893135578484000,33.49148388671875,0.7455134391784668,-0.5314879417419434,-1.17618989944458
1788893135588503000,33.5015029296875,0.7432775497436523,-0.6584596633911133,-1.2434196472167969
1788893135598522400,33.5115224609375,0.6571617126464844,-0.7247376441955566,-1.1887125968933105
1788893135608542200,33.52154223632812,0.445833683013916,-0.7316775321960449,-1.043520450592041
1788893135618562300,33.53156225585938,0.13062047958374023,-0.6748442649841309,-0.853797435760498
1788893135628583200,33.54158325195313,-0.2723526954650879,-0.5773200988769531,-0.5662136077880859
1788893135638604300,33.55160424804688,-0.6327672004699707,-0.4324526786804199,-0.2624373435974121
1788893135648626000,33.5616259765625,-0.9261412620544434,-0.3294358253479004,0.018849849700927734
1788893135658648000,33.57164794921875,-1.1812925338745117,-0.2758760452270508,0.314664363861084
1788893135668670500,33.58167041015625,-1.288801670074463,-0.2513852119445801,0.5999612808227539
1788893135678693000,33.59169311523438,-1.2739295959472656,-0.2512235641479492,0.873906135559082
1788893135688716300,33.60171630859375,-1.247457504272461,-0.29464244842529297,1.136064052581787
1788893135698739500,33.611739501953124,-1.229654312133789,-0.31525659561157227,1.3571295738220215
1788893135708762600,33.6217626953125,-1.230764389038086,-0.3087301254272461,1.5654101371765137
1788893135718791400,33.63179150390625,-1.241051197052002,-0.2892470359802246,1.7608094215393066
1788893135728807400,33.64180737304687,-1.2604212760925293,-0.2710251808166504,1.8906574249267578
1788893135738824000,33.65182397460938,-1.3028054237365723,-0.23027992248535156,1.9506168365478516
1788893135748840700,33.6618408203125,-1.3020682334899902,-0.17732667922973633,1.9691882133483887
1788893135758857700,33.671857666015626,-1.2351922988891602,-0.16110610961914062,1.970411777496338
1788893135768875800,33.68187573242187,-1.1321663856506348,-0.19727420806884766,1.9542756080627441
1788893135778894300,33.69189428710938,-0.9802989959716797,-0.25852251052856445,1.963538646697998
1788893135788914000,33.70191381835937,-0.8386507034301758,-0.31733036041259766,1.9594554901123047
1788893135798934300,33.71193432617188,-0.6661319732666016,-0.3739185333251953,1.9167780876159668
1788893135808955600,33.72195556640625,-0.38375186920166016,-0.39977121353149414,1.7289695739746094
1788893135818977800,33.73197778320313,-0.09417581558227539,-0.46733808517456055,1.5434699058532715
1788893135829000700,33.74200073242187,0.21478271484375,-0.5709052085876465,1.3485417366027832
1788893135839024400,33.7520244140625,0.5602598190307617,-0.67596435546875,1.0369973182678223
1788893135849048600,33.762048583984374,0.9376430511474609,-0.7965292930603027,0.7429599761962891
1788893135859073000,33.77207299804687,1.1939468383789062,-0.9081153869628906,0.48505449295043945
1788893135869097700,33.78209765625,1.4218297004699707,-1.0195960998535156,0.2161388397216797
1788893135879122700,33.792122802734376,1.699601173400879,-1.1115918159484863,-0.04348325729370117
1788893135889147100,33.802147216796875,2.0220718383789062,-1.1265678405761719,-0.4042487144470215
1788893135899168300,33.812168212890626,2.3508315086364746,-1.0782923698425293,-0.7425527572631836
1788893135909189400,33.822189453125,2.6533279418945312,-1.065931797027588,-1.0589666366577148
1788893135919208000,33.8322080078125,2.7921032905578613,-1.1031627655029297,-1.2435808181762695
1788893135929226800,33.842226806640625,2.78212308883667,-1.113581657409668,-1.096104621887207
1788893135939245600,33.85224560546875,2.6154494285583496,-1.121854305267334,-1.0076851844787598
1788893135949265000,33.862264892578125,2.151397705078125,-1.0824604034423828,-1.008009433746338
1788893135959284700,33.87228466796875,1.5990619659423828,-0.8143043518066406,-0.831273078918457
1788893135969304800,33.882304931640626,1.0722451210021973,-0.4117751121520996,-0.3707766532897949
1788893135979325700,33.89232568359375,0.6083288192749023,0.032038211822509766,0.08772897720336914
1788893135989346800,33.90234692382813,0.1905832290649414,0.43724536895751953,0.4931201934814453
1788893135999368400,33.91236840820312,-0.08969736099243164,0.7949743270874023,0.8553919792175293
1788893136009390600,33.922390625,-0.29427480697631836,1.1243538856506348,1.1277437210083008
1788893136019413000,33.9324130859375,-0.4137754440307617,1.414261817932129,1.3071866035461426
1788893136029435600,33.942435546875,-0.5640349388122559,1.7148938179016113,1.40958833694458
1788893136039458800,33.95245874023438,-0.6974687576293945,1.994633674621582,1.4997367858886719
1788893136049482000,33.96248193359375,-0.8868021965026855,2.2127528190612793,1.5408234596252441
1788893136059505200,33.97250512695312,-1.033792495727539,2.3054232597351074,1.5229558944702148
1788893136069534000,33.982533935546876,-1.1319055557250977,2.1754021644592285,1.6124496459960938
1788893136079550200,33.99255029296875,-1.2104525566101074,1.9414806365966797,1.403799057006836
1788893136089566700,34.00256665039063,-1.2742271423339844,1.6883044242858887,0.7806510925292969
1788893136099583700,34.012583740234376,-1.1943163871765137,1.2803282737731934,0.1959843635559082
1788893136109601000,34.02260107421875,-0.8973379135131836,0.7877016067504883,-0.3500251770019531
1788893136119619000,34.032619140625,-0.39870119094848633,0.21421146392822266,-0.9708805084228516
1788893136129638000,34.04263793945312,0.24656200408935547,-0.4325394630432129,-1.5664153099060059
1788893136139657500,34.052657470703124,0.8977370262145996,-0.991302490234375,-1.8857355117797852
1788893136149677800,34.062677734375,1.3318877220153809,-1.2747230529785156,-2.0796051025390625
1788893136159699200,34.07269921875,1.481266975402832,-1.4432964324951172,-2.230936050415039
1788893136169721000,34.08272119140625,1.2569198608398438,-1.3440093994140625,-2.0873031616210938
1788893136179744000,34.09274389648437,0.8417778015136719,-1.1655774116516113,-1.885671615600586
1788893136189767400,34.102767333984374,0.17333507537841797,-1.0151963233947754,-1.4466910362243652
1788893136199791400,34.11279125976562,-0.592827320098877,-0.8517646789550781,-1.1605486869812012
1788893136209815800,34.12281591796875,-1.3723077774047852,-0.7242832183837891,-1.0536079406738281
1788893136219840300,34.13284033203125,-2.1082472801208496,-0.8216114044189453,-0.9351367950439453
1788893136229865200,34.142865234375,-2.6014580726623535,-0.8848171234130859,-0.7724466323852539
1788893136239889700,34.1528896484375,-2.9404218196868896,-0.8780622482299805,-0.651176929473877
1788893136249911000,34.1629111328125,-3.1515088081359863,-0.8959007263183594,-0.5464301109313965
1788893136259932200,34.17293212890625,-3.2948458194732666,-0.8659029006958008,-0.44807004928588867
1788893136269950700,34.18295068359375,-3.3343636989593506,-0.8062524795532227,-0.36017704010009766
1788893136279969300,34.19296923828125,-3.286245107650757,-0.758392333984375,-0.19144487380981445
1788893136289988400,34.20298828125,-3.161912679672241,-0.7102265357971191,0.0719308853149414
1788893136300007700,34.21300756835937,-3.001943349838257,-0.6539602279663086,0.35678863525390625
1788893136310027500,34.22302758789063,-2.765932083129883,-0.5807561874389648,0.6224689483642578
1788893136320047900,34.2330478515625,-2.5037081241607666,-0.48099803924560547,0.8810949325561523
1788893136330068500,34.243068359375,-2.222001552581787,-0.42151832580566406,1.0111684799194336
1788893136340089900,34.25308984375,-1.956789493560791,-0.3885517120361328,1.0493340492248535
1788893136350111500,34.26311157226562,-1.644545078277588,-0.4393157958984375,0.983161449432373
1788893136360133600,34.273133544921876,-1.2504119873046875,-0.49192190170288086,0.8384737968444824
1788893136370156000,34.283156005859375,-0.8349900245666504,-0.6191296577453613,0.6903877258300781
1788893136380178700,34.2931787109375,-0.5430092811584473,-0.6595592498779297,0.5772533416748047
1788893136390201900,34.30320190429688,-0.2503070831298828,-0.6853866577148438,0.40372562408447266
1788893136400225000,34.31322509765625,0.024003982543945312,-0.7917766571044922,0.026534080505371094
1788893136410248200,34.323248291015624,0.17300653457641602,-1.0112528800964355,-0.46521711349487305
1788893136420276700,34.33327685546875,0.397705078125,-1.2194442749023438,-0.7033662796020508
1788893136430293000,34.34329296875,0.5153508186340332,-1.349198341369629,-0.747744083404541
1788893136440309200,34.353309326171875,0.4091610908508301,-1.3569183349609375,-0.9175939559936523
1788893136450326000,34.36332592773437,0.28278207778930664,-1.3796281814575195,-1.173764705657959
1788893136460343000,34.37334301757812,0.30518436431884766,-1.396761417388916,-1.453639030456543
1788893136470360800,34.38336083984375,0.41463708877563477,-1.4654340744018555,-1.6755990982055664
1788893136480379600,34.393379638671874,0.4172520637512207,-1.5377154350280762,-1.6850557327270508
1788893136490399000,34.40339892578125,0.4118332862854004,-1.5648565292358398,-1.6762819290161133
1788893136500419300,34.41341943359375,0.40535449981689453,-1.5943679809570312,-1.7047200202941895
1788893136510440700,34.423440673828125,0.40389013290405273,-1.5878820419311523,-1.706864833831787
1788893136520462800,34.433462890625,0.41304540634155273,-1.5356945991516113,-1.619847297668457
1788893136530485800,34.44348583984375,0.3520984649658203,-1.4707789421081543,-1.54872465133667
1788893136540509200,34.45350927734375,0.2732992172241211,-1.3788366317749023,-1.4937667846679688
1788893136550533400,34.463533447265625,0.21951723098754883,-1.327061653137207,-1.3974480628967285
1788893136560557800,34.473557861328125,0.1668233871459961,-1.2970428466796875,-1.211350917816162
1788893136570582500,34.48358251953125,0.05505990982055664,-1.3752055168151855,-0.9809341430664062
1788893136580607500,34.493607421875,-0.10915613174438477,-1.5103254318237305,-0.9324522018432617
1788893136590629600,34.503629638671875,-0.20384788513183594,-1.5366473197937012,-1.0714259147644043
1788893136600652000,34.513652099609374,-0.03978586196899414,-1.4315190315246582,-1.4270658493041992
1788893136610679600,34.52367944335938,0.08263826370239258,-1.4979796409606934,-1.7098817825317383
1788893136620696000,34.533696044921875,0.14839553833007812,-1.6982455253601074,-1.7484931945800781
1788893136630712600,34.54371264648437,0.5135941505432129,-1.8268413543701172,-1.9374713897705078
1788893136640729600,34.5537294921875,1.0841021537780762,-1.9229755401611328,-2.0301475524902344
1788893136650747100,34.5637470703125,1.5462064743041992,-1.9048261642456055,-1.6671037673950195
1788893136660765200,34.57376513671875,1.6857943534851074,-1.7416038513183594,-0.9558777809143066
1788893136670784300,34.5837841796875,1.2601323127746582,-1.6026005744934082,-0.2288517951965332
1788893136680803800,34.59380395507812,0.2849717140197754,-1.2011637687683105,0.5061120986938477
1788893136690824200,34.60382421875,-0.8176364898681641,-0.7049517631530762,1.1027216911315918
1788893136700845600,34.61384545898437,-1.8187508583068848,-0.14759159088134766,1.7434730529785156
1788893136710867700,34.62386767578125,-2.64320969581604,0.3629002571105957,1.995419979095459
1788893136720890400,34.63389038085938,-3.316649913787842,0.7329311370849609,2.180861711502075
1788893136730913800,34.64391381835937,-3.715916633605957,0.9496450424194336,2.4072537422180176
1788893136740937700,34.65393774414063,-3.844093084335327,1.0023860931396484,2.63372540473938
1788893136750962200,34.66396215820313,-3.726118326187134,0.9065217971801758,2.828508138656616
1788893136760986600,34.673986572265626,-3.302668333053589,0.6914072036743164,2.9637856483459473
1788893136771011300,34.68401123046875,-2.589647054672241,0.48650693893432617,2.8944857120513916
1788893136781035500,34.694035400390625,-1.7534160614013672,0.41107606887817383,2.603097438812256
1788893136791056600,34.704056640625,-0.9837455749511719,0.34555912017822266,2.239624500274658
1788893136801078000,34.714078125,-0.37484121322631836,0.21967601776123047,1.694809913635254
1788893136811096300,34.724096435546876,0.13674020767211914,0.04010725021362305,1.0553302764892578
1788893136821115100,34.734115234375,0.6067013740539551,-0.1100621223449707,0.3473396301269531
1788893136831134200,34.74413427734375,0.9375157356262207,-0.2966480255126953,-0.32633447647094727
1788893136841153300,34.7541533203125,1.0421462059020996,-0.5886778831481934,-0.7636027336120605
1788893136851173000,34.76417309570313,0.9678168296813965,-0.8430657386779785,-1.017636775970459
1788893136861193500,34.774193359375,0.8193416595458984,-0.991480827331543,-1.1289620399475098
1788893136871214000,34.784214111328126,0.5936183929443359,-1.0689682960510254,-1.071336269378662
1788893136881235200,34.794235107421876,0.26550912857055664,-1.1040081977844238,-0.9047274589538574
1788893136891256800,34.8042568359375,-0.11265087127685547,-1.12030029296875,-0.7119488716125488
1788893136901278700,34.81427880859375,-0.5217056274414062,-1.1326446533203125,-0.5028495788574219
1788893136911301400,34.82430126953125,-0.8947205543518066,-1.1420869827270508,-0.257749080657959
1788893136921324000,34.834323974609376,-1.2975077629089355,-1.097653865814209,-0.007790565490722656
1788893136931347000,34.84434692382813,-1.6826343536376953,-1.0447888374328613,0.13916683197021484
1788893136941370000,34.8543701171875,-2.0510737895965576,-0.9249711036682129,0.23870611190795898
1788893136951393500,34.8643935546875,-2.3041834831237793,-0.8045907020568848,0.30803537368774414
1788893136961422000,34.874422119140625,-2.4358415603637695,-0.7655477523803711,0.33538055419921875
1788893136971438600,34.8844384765625,-2.5417168140411377,-0.7615385055541992,0.3943171501159668
1788893136981454800,34.894454833984376,-2.5845634937286377,-0.770453929901123,0.490384578704834
1788893136991471900,34.904471923828126,-2.6241295337677,-0.7176427841186523,0.5798816680908203
1788893137001489200,34.9144892578125,-2.610060453414917,-0.6337480545043945,0.7147717475891113
1788893137011507200,34.92450708007812,-2.6302132606506348,-0.5248746871948242,0.8369030952453613
1788893137021525800,34.93452587890625,-2.6008195877075195,-0.40145444869995117,0.9112882614135742
1788893137031545300,34.94454541015625,-2.505425214767456,-0.27396488189697266,0.9554781913757324
1788893137041565700,34.95456567382813,-2.379987955093384,-0.18691301345825195,0.9686594009399414
1788893137051587000,34.96458715820312,-2.198554277420044,-0.14618730545043945,0.9161996841430664
1788893137061609000,34.97460888671875,-1.8969244956970215,-0.12413740158081055,0.8305416107177734
1788893137071632000,34.9846318359375,-1.5310883522033691,-0.1358485221862793,0.7481174468994141
1788893137081655300,34.9946552734375,-1.1617708206176758,-0.24362897872924805,0.5949773788452148
1788893137091679500,35.00467944335937,-0.8060193061828613,-0.4378328323364258,0.5604047775268555
1788893137101704000,35.01470385742188,-0.47403955459594727,-0.5978889465332031,0.5712051391601562
1788893137111728400,35.02472827148438,-0.26570701599121094,-0.7908844947814941,0.5512790679931641
1788893137121753300,35.03475341796875,-0.25996923446655273,-0.9908175468444824,0.6151332855224609
1788893137131777800,35.04477783203125,-0.4066643714904785,-1.0988059043884277,0.5748744010925293
1788893137141799200,35.054799072265624,-0.7273402214050293,-1.1121511459350586,0.40108156204223633
1788893137151820300,35.0648203125,-1.051849365234375,-1.095768928527832,0.09418487548828125
1788893137161838800,35.0748388671875,-1.3616981506347656,-1.1351113319396973,-0.27570295333862305
1788893137171857400,35.084857421875,-1.5335283279418945,-1.302365779876709,-0.7569475173950195
1788893137181876500,35.09487646484375,-1.3401165008544922,-1.5431137084960938,-1.5676898956298828
1788893137191895800,35.10489575195312,-0.7440919876098633,-1.6797289848327637,-2.397336006164551
1788893137201915400,35.114915283203125,0.007820606231689453,-1.844714641571045,-2.9440484046936035
1788893137211935700,35.12493579101562,0.6508355140686035,-2.012566089630127,-3.3984169960021973
1788893137221956400,35.13495629882812,1.1553149223327637,-2.2431135177612305,-3.7932281494140625
1788893137231977500,35.1449775390625,1.6472840309143066,-2.3369178771972656,-3.887453556060791
1788893137241999000,35.1549990234375,1.9814949035644531,-2.251969814300537,-3.5594053268432617
1788893137252021200,35.165021240234374,1.8294134140014648,-2.2263731956481934,-3.1069040298461914
1788893137262043600,35.17504370117187,0.9608306884765625,-2.0082836151123047,-2.358567714691162
1788893137272066300,35.18506640625,-0.24045372009277344,-1.611372470855713,-1.6258583068847656
1788893137282089200,35.19508911132812,-1.302952766418457,-1.078423023223877,-0.9965291023254395
1788893137292112400,35.2051123046875,-2.3005576133728027,-0.6309404373168945,-0.3028106689453125
1788893137302135600,35.21513549804688,-3.23604154586792,-0.16914939880371094,0.4110112190246582
1788893137312164400,35.22516430664062,-3.927912473678589,0.2142643928527832,0.9131793975830078
1788893137322180900,35.23518090820313,-4.344529151916504,0.5673623085021973,1.111764907836914
1788893137332197400,35.245197265625,-4.511868000030518,0.8756351470947266,1.2444796562194824
1788893137342214400,35.25521435546875,-4.348747253417969,1.0717568397521973,1.2737269401550293
1788893137352232000,35.26523193359375,-3.72885799407959,1.0208725929260254,1.1033720970153809
1788893137362250000,35.27525,-2.7222814559936523,0.8254809379577637,0.6679525375366211
1788893137372268800,35.28526879882813,-1.6583623886108398,0.5187597274780273,-0.025179386138916016
1788893137382288400,35.29528833007812,-0.4734196662902832,0.18166685104370117,-1.138923168182373
1788893137392308700,35.30530883789063,0.8695683479309082,-0.22444915771484375,-2.1026382446289062
1788893137402329900,35.31532983398437,2.2125816345214844,-0.8668980598449707,-2.528992176055908
1788893137412352000,35.32535205078125,3.0994820594787598,-1.4013471603393555,-2.7524337768554688
1788893137422374700,35.33537475585938,3.268228054046631,-1.9718875885009766,-2.798676013946533
1788893137432398000,35.34539819335937,3.1092348098754883,-1.9667768478393555,-2.959949493408203
1788893137442422000,35.35542211914063,2.4302992820739746,-2.299640655517578,-2.9869327545166016
1788893137452446500,35.36544653320313,1.2067127227783203,-2.1048455238342285,-3.078402042388916
1788893137462471000,35.375470947265626,0.08735799789428711,-1.6259407997131348,-3.3281607627868652
1788893137472495600,35.38549560546875,-0.8051681518554688,-1.1985116004943848,-3.5168190002441406
1788893137482520000,35.39552001953125,-1.5384316444396973,-0.9083342552185059,-3.1807870864868164
1788893137492541200,35.40554125976563,-2.1527047157287598,-0.5923314094543457,-2.7997732162475586
1788893137502559700,35.415559814453125,-2.513157367706299,-0.2534670829772949,-2.3545174598693848
1788893137512578300,35.425578369140624,-2.6951746940612793,-0.12548398971557617,-1.6427483558654785
1788893137522597400,35.435597412109374,-2.8013553619384766,-0.016239643096923828,-1.0058550834655762
1788893137532616700,35.44561669921875,-2.8963685035705566,0.1080942153930664,-0.5409493446350098
1788893137542636300,35.45563623046875,-3.045701265335083,0.23339128494262695,-0.21202754974365234
1788893137552656600,35.46565673828125,-3.2869622707366943,0.3364138603210449,0.04410123825073242
1788893137562677200,35.47567724609375,-3.5290865898132324,0.4656500816345215,0.19914770126342773
1788893137572698400,35.485698486328126,-3.7202165126800537,0.6066322326660156,0.15273714065551758
1788893137582720000,35.49571997070313,-3.8849167823791504,0.7440152168273926,0.044252872467041016
1788893137592742100,35.5057421875,-3.9946045875549316,0.8524198532104492,-0.2012467384338379
1788893137602764500,35.5157646484375,-4.00631046295166,0.9101338386535645,-0.5237178802490234
1788893137612787200,35.525787109375,-4.01528787612915,0.8132834434509277,-0.852379322052002
1788893137622810000,35.53581005859375,-3.94425630569458,0.6736559867858887,-1.173898696899414
1788893137632833300,35.54583325195313,-3.7641971111297607,0.6033272743225098,-1.256235122680664
1788893137642856400,35.5558564453125,-3.5337374210357666,0.5042328834533691,-1.0948443412780762
1788893137652885200,35.56588525390625,-3.2774810791015625,0.38631343841552734,-0.8829665184020996
1788893137662901500,35.57590161132813,-3.005592107772827,0.25975608825683594,-0.8280305862426758
1788893137672918000,35.58591796875,-2.7995693683624268,0.11220836639404297,-0.5264921188354492
1788893137682935000,35.59593505859375,-2.641836166381836,0.014271736145019531,-0.10901784896850586
1788893137692952600,35.60595263671875,-2.5198497772216797,-0.026038169860839844,0.11287117004394531
1788893137702970600,35.615970703125,-2.3756933212280273,-0.049757957458496094,0.07095623016357422
1788893137712989400,35.62598950195313,-2.123541831970215,-0.09341573715209961,-0.03986644744873047
1788893137723009000,35.63600903320312,-1.7344255447387695,-0.1282205581665039,-0.15644073486328125
1788893137733029400,35.646029296875,-1.2501702308654785,-0.14569091796875,-0.5098352432250977
1788893137743050500,35.65605053710937,-0.6884555816650391,-0.22503423690795898,-1.0279951095581055
1788893137753072600,35.66607275390625,-0.10769271850585938,-0.3984212875366211,-1.6170506477355957
1788893137763095300,35.67609521484375,0.42472219467163086,-0.6556787490844727,-2.273116111755371
1788893137773118700,35.68611865234375,0.8722324371337891,-0.8522481918334961,-2.8333792686462402
1788893137783142700,35.696142578125,1.229161262512207,-0.9957351684570312,-3.1487040519714355
1788893137793167000,35.7061669921875,1.4050545692443848,-1.158731460571289,-3.4482593536376953
1788893137803191600,35.71619165039063,1.630958080291748,-1.1840357780456543,-4.016784191131592
1788893137813216300,35.72621630859375,1.844825267791748,-1.2283096313476562,-4.271708965301514
1788893137823240700,35.73624072265625,1.9854893684387207,-1.3652167320251465,-4.387285232543945
1788893137833261800,35.74626171875,1.9002041816711426,-1.6401762962341309,-4.251155853271484
1788893137843280400,35.7562802734375,1.7211484909057617,-1.854405403137207,-3.949331760406494
1788893137853299000,35.766298828125,1.7152037620544434,-1.7956905364990234,-3.499204635620117
1788893137863318000,35.776318115234375,1.6027283668518066,-1.5774850845336914,-2.5947775840759277
1788893137873337300,35.78633740234375,1.2076282501220703,-1.169642448425293,-1.831404685974121
1788893137883357000,35.79635693359375,0.6082792282104492,-0.6901183128356934,-0.9282193183898926
1788893137893377300,35.806377197265626,0.0337681770324707,-0.14745521545410156,-0.06478691101074219
1788893137903398000,35.81639794921875,-0.41843271255493164,0.3681516647338867,0.7453627586364746
1788893137913419000,35.8264189453125,-0.7675108909606934,0.8517575263977051,1.4448657035827637
1788893137923440600,35.83644067382812,-1.1015257835388184,1.2696690559387207,2.079829692840576
1788893137933462800,35.846462890625,-1.4129745960235596,1.5639233589172363,2.620100498199463
1788893137943485200,35.856485107421875,-1.6429576873779297,1.7908744812011719,3.078202247619629
1788893137953507800,35.8665078125,-1.7522904872894287,1.9628820419311523,3.3860981464385986
1788893137963530800,35.87653076171875,-1.806312084197998,2.087754249572754,3.5385923385620117
1788893137973554000,35.88655395507813,-1.796804428100586,2.16377592086792,3.5128908157348633
1788893137983577000,35.8965771484375,-1.6754708290100098,2.173945426940918,3.240858554840088
1788893137993605600,35.906605712890624,-1.3955392837524414,2.1675796508789062,2.5442721843719482
1788893138003622000,35.91662182617188,-0.8545589447021484,2.0869016647338867,1.4468345642089844
1788893138013638400,35.926638427734375,0.014636516571044922,1.8882060050964355,0.16750574111938477
1788893138023655200,35.9366552734375,1.037834644317627,1.4759397506713867,-0.957831859588623
1788893138033672400,35.94667236328125,2.0776355266571045,0.8341255187988281,-1.7507233619689941
1788893138043690500,35.9566904296875,2.997213363647461,0.13788223266601562,-2.0754780769348145
1788893138053709300,35.966709228515626,3.790830612182617,-0.5882964134216309,-1.926912784576416
1788893138063728600,35.97672875976563,4.318050384521484,-1.0870437622070312,-1.510972499847412
1788893138073749200,35.986749267578126,4.4417314529418945,-1.306443214416504,-1.0271081924438477
1788893138083770400,35.99677026367188,4.081221103668213,-1.2963218688964844,-0.6186723709106445
1788893138093792500,36.00679248046875,3.2379231452941895,-1.0700345039367676,-0.3762955665588379
1788893138103815400,36.0168154296875,2.302544593811035,-0.5419182777404785,-0.29212188720703125
1788893138113838800,36.0268388671875,1.4166784286499023,-0.27291250228881836,-0.06414985656738281
1788893138123862800,36.03686279296875,0.5054812431335449,-0.08878755569458008,0.09886312484741211
1788893138133887000,36.046886962890625,-0.2219996452331543,0.03573465347290039,0.24069690704345703
1788893138143911700,36.05691162109375,-0.7252254486083984,0.04233884811401367,0.30649518966674805
1788893138153936400,36.066936279296876,-1.1029231548309326,0.1505117416381836,0.37471580505371094
1788893138163960800,36.0769609375,-1.397608757019043,0.31821489334106445,0.5070881843566895
1788893138173982200,36.08698217773438,-1.553037166595459,0.5248875617980957,0.7524371147155762
1788893138184003300,36.09700341796875,-1.5176396369934082,0.5553092956542969,1.072495937347412
1788893138194021600,36.107021728515626,-1.4412126541137695,0.5677165985107422,1.3946795463562012
1788893138204040400,36.11704052734375,-1.3218395709991455,0.5579166412353516,1.6019458770751953
1788893138214059300,36.127059326171874,-1.2068288326263428,0.5732355117797852,1.7348947525024414
1788893138224078600,36.13707861328125,-1.0516223907470703,0.5948114395141602,1.9104161262512207
1788893138234098400,36.14709838867188,-0.822148323059082,0.5653743743896484,2.01544189453125
1788893138244118500,36.157118408203125,-0.5159659385681152,0.5366740226745605,1.9634099006652832
1788893138254139400,36.167139404296876,-0.21042442321777344,0.46075916290283203,2.0361361503601074
1788893138264160500,36.177160400390626,0.050543785095214844,0.3852090835571289,1.9749293327331543
1788893138274182100,36.18718212890625,0.15076255798339844,0.26656484603881836,1.7840323448181152
1788893138284204000,36.1972041015625,0.14150142669677734,0.09082603454589844,1.6819233894348145
1788893138294226400,36.207226318359375,0.07492923736572266,-0.09261083602905273,1.6472845077514648
1788893138304249000,36.2172490234375,-0.0826420783996582,-0.22461938858032227,1.5584163665771484
1788893138314272300,36.22727221679688,-0.2970714569091797,-0.2935771942138672,1.3753852844238281
1788893138324295200,36.23729516601563,-0.4893803596496582,-0.3352971076965332,1.1264042854309082
1788893138334318600,36.24731860351562,-0.6043744087219238,-0.3723735809326172,0.8457679748535156
1788893138344347100,36.25734716796875,-0.7526154518127441,-0.41835784912109375,0.5027008056640625
1788893138354363400,36.26736328125,-0.8873333930969238,-0.4733586311340332,0.03842926025390625
1788893138364380000,36.2773798828125,-0.9434609413146973,-0.5192794799804688,-0.4905967712402344
1788893138374396700,36.287396728515624,-0.9265227317810059,-0.5817732810974121,-0.9210991859436035
1788893138384414000,36.2974140625,-0.9619579315185547,-0.7106170654296875,-1.1809587478637695
1788893138394431700,36.307431640625,-1.0463628768920898,-0.9698514938354492,-1.3227601051330566
1788893138404450600,36.317450439453125,-1.084336280822754,-1.160231113433838,-1.679689884185791
1788893138414470100,36.32747021484375,-0.7015900611877441,-1.2448787689208984,-2.3668928146362305
1788893138424490500,36.337490478515626,0.1127476692199707,-1.4154810905456543,-2.840358257293701
1788893138434511600,36.34751171875,0.7807059288024902,-1.815626621246338,-2.9506454467773438
1788893138444533800,36.35753369140625,1.088045597076416,-2.1859264373779297,-2.9898786544799805
1788893138454556400,36.367556396484375,1.4635796546936035,-2.319272994995117,-3.1955089569091797
1788893138464579800,36.37757983398438,1.7754383087158203,-2.2107834815979004,-3.126554012298584
1788893138474603800,36.387603759765625,1.7794222831726074,-1.9445419311523438,-2.868499755859375
1788893138484628200,36.397628173828124,1.412635326385498,-1.546182632446289,-2.4850239753723145
1788893138494653000,36.40765283203125,0.7781162261962891,-1.1035513877868652,-1.9690361022949219
1788893138504677600,36.417677734375,0.09469223022460938,-0.6766777038574219,-1.444420337677002
1788893138514702000,36.4277021484375,-0.4924769401550293,-0.2742118835449219,-0.8057780265808105
1788893138524723500,36.43772338867188,-1.0477542877197266,0.07464885711669922,-0.6234192848205566
1788893138534744600,36.44774462890625,-1.3557450771331787,0.2445049285888672,-0.6219120025634766
1788893138544763000,36.457762939453126,-1.315558671951294,0.3835902214050293,-0.4980463981628418
1788893138554781700,36.46778173828125,-0.9591364860534668,0.49132251739501953,-0.37175989151000977
1788893138564800500,36.477800537109374,-0.3385605812072754,0.5052809715270996,-0.363192081451416
1788893138574819800,36.48781982421875,0.47715091705322266,0.5490202903747559,-0.537416934967041
1788893138584839700,36.49783959960938,1.2597475051879883,0.639162540435791,-0.8412356376647949
1788893138594859800,36.50785986328125,1.9410920143127441,0.821749210357666,-1.2019200325012207
1788893138604880600,36.517880615234375,2.47800350189209,0.873802661895752,-1.4544968605041504
1788893138614901800,36.52790185546875,2.7094106674194336,0.9215817451477051,-1.629384994506836
1788893138624923400,36.53792333984375,2.618605136871338,0.9867863655090332,-1.7333674430847168
1788893138634945300,36.5479453125,2.212761878967285,1.0874638557434082,-1.7981891632080078
1788893138644967700,36.5579677734375,1.6289329528808594,1.2818527221679688,-1.8089351654052734
1788893138654990300,36.567990234375,1.042921543121338,1.5142202377319336,-1.7126264572143555
1788893138665013500,36.578013427734376,0.45450925827026367,1.725153923034668,-1.4420547485351562
1788893138675036400,36.58803637695313,-0.0654897689819336,1.9605135917663574,-1.21714448928833
1788893138685059600,36.5980595703125,-0.5140066146850586,2.2028656005859375,-1.0751633644104004
1788893138695088400,36.60808837890625,-0.9176616668701172,2.395932674407959,-0.9052724838256836
1788893138705104400,36.6181044921875,-1.1497011184692383,2.6416163444519043,-0.7688331604003906
1788893138715121000,36.628120849609374,-1.246838092803955,2.8444457054138184,-0.6881604194641113
1788893138725137700,36.6381376953125,-1.3132846355438232,3.009312152862549,-0.6094822883605957
1788893138735154700,36.64815478515625,-1.2961435317993164,3.1402716636657715,-0.6079611778259277
1788893138745172700,36.6581728515625,-1.2251510620117188,3.2403831481933594,-0.7204551696777344
1788893138755191300,36.66819140625,-1.0493121147155762,3.3176255226135254,-0.898353099822998
1788893138765211000,36.6782109375,-0.8089280128479004,3.369147777557373,-1.0491833686828613
1788893138775231500,36.6882314453125,-0.6020727157592773,3.3637924194335938,-1.1005587577819824
1788893138785252600,36.698252685546876,-0.41156864166259766,3.3482418060302734,-1.043428897857666
1788893138795274800,36.70827465820312,-0.26839351654052734,3.359861373901367,-1.0174918174743652
1788893138805297400,36.71829736328125,-0.15999174118041992,3.4079642295837402,-0.990504264831543
1788893138815321000,36.72832104492188,-0.0880732536315918,3.450521945953369,-0.9745454788208008
1788893138825345000,36.738344970703125,-0.04508781433105469,3.4793758392333984,-1.111234188079834
1788893138835369500,36.748369384765624,-0.02727508544921875,3.452549934387207,-1.335188865661621
1788893138845394200,36.758394287109375,0.0742807388305664,3.366243362426758,-1.6717381477355957
1788893138855419000,36.7684189453125,0.2111654281616211,3.257956027984619,-2.053103446960449
1788893138865443000,36.778443115234374,0.35436105728149414,3.1359128952026367,-2.305912494659424
1788893138875464400,36.78846435546875,0.45647573471069336,3.013200283050537,-2.447901725769043
1788893138885482800,36.79848266601562,0.466156005859375,2.908151626586914,-2.458566665649414
1788893138895501300,36.80850122070313,0.41353273391723633,2.8490724563598633,-2.485039234161377
1788893138905520400,36.81852026367188,0.24260997772216797,2.820927619934082,-2.511467456817627
1788893138915539700,36.82853979492187,0.0020112991333007812,2.8323450088500977,-2.7324695587158203
1788893138925559300,36.838559326171875,-0.21407508850097656,2.819551467895508,-3.2333455085754395
1788893138935579400,36.84857934570312,-0.323148250579834,2.6607666015625,-3.8277931213378906
1788893138945600000,36.85860009765625,-0.38152074813842773,2.1786255836486816,-4.007011413574219
1788893138955621000,36.86862109375,-0.2941889762878418,1.5750393867492676,-4.002950668334961
1788893138965642800,36.878642822265626,-0.337766170501709,1.0133700370788574,-3.2485718727111816
1788893138975664600,36.88866455078125,-0.38352298736572266,0.6940898895263672,-2.803236484527588
1788893138985687000,36.89868701171875,-0.35628175735473633,0.6011114120483398,-2.3954458236694336
1788893138995710000,36.9087099609375,-0.592404842376709,0.6231212615966797,-1.9121551513671875
1788893139005732900,36.91873291015625,-0.9996609687805176,0.7036795616149902,-1.5590548515319824
1788893139015756000,36.928756103515624,-1.3633742332458496,0.7555418014526367,-1.4685173034667969
1788893139025779200,36.938779296875,-1.6445426940917969,0.6552014350891113,-1.3571572303771973
1788893139035807700,36.94880786132813,-1.8466179370880127,0.35501861572265625,-1.2654590606689453
1788893139045824300,36.95882421875,-1.7031798362731934,0.0064067840576171875,-1.4686918258666992
1788893139055840500,36.96884057617188,-1.2677874565124512,-0.4087972640991211,-1.451131820678711
1788893139065857500,36.978857421875,-0.7781863212585449,-0.7009882926940918,-1.2622623443603516
1788893139075874800,36.98887475585938,-0.3556680679321289,-0.7562336921691895,-1.1567511558532715
1788893139085892600,36.998892578125,0.028505325317382812,-0.6360712051391602,-1.054065227508545
1788893139095911400,37.00891137695312,0.440887451171875,-0.45405149459838867,-0.9842352867126465
1788893139105931000,37.018930908203124,0.7902746200561523,-0.3106675148010254,-0.9377479553222656
1788893139115951400,37.02895141601562,0.9940958023071289,-0.29181385040283203,-0.7723274230957031
1788893139125972500,37.03897241210937,1.0844664573669434,-0.3497314453125,-0.5943160057067871
1788893139135994600,37.04899462890625,1.0264015197753906,-0.3945322036743164,-0.4329509735107422
1788893139146017300,37.05901733398437,0.817957878112793,-0.37400054931640625,-0.351809024810791
1788893139156040700,37.069040771484374,0.5665774345397949,-0.27462244033813477,-0.3858146667480469
1788893139166064600,37.07906469726562,0.3284158706665039,-0.18694496154785156,-0.4309258460998535
1788893139176088800,37.0890888671875,0.11332511901855469,-0.12019681930541992,-0.4346504211425781
1788893139186113500,37.09911352539063,-0.052535057067871094,-0.04487276077270508,-0.3530006408691406
1788893139196138200,37.10913818359375,-0.09432649612426758,0.034708499908447266,-0.3751192092895508
1788893139206162700,37.11916259765625,-0.13780927658081055,0.13306236267089844,-0.3883042335510254
1788893139216183800,37.12918383789062,-0.15089941024780273,0.2124767303466797,-0.3806443214416504
1788893139226202400,37.13920239257813,-0.18822336196899414,0.2871570587158203,-0.3497028350830078
1788893139236221000,37.149220947265626,-0.2957725524902344,0.37169933319091797,-0.31328248977661133
1788893139246239700,37.15923974609375,-0.4766116142272949,0.46138477325439453,-0.26523399353027344
1788893139256259000,37.169259033203126,-0.6722249984741211,0.5659713745117188,-0.2572946548461914
1788893139266279000,37.17927880859375,-0.8349318504333496,0.6803607940673828,-0.2891855239868164
1788893139276299000,37.18929907226563,-0.9170422554016113,0.7713751792907715,-0.3227982521057129
1788893139286319600,37.199319580078125,-0.8712172508239746,0.8482861518859863,-0.31989479064941406
1788893139296340700,37.2093408203125,-0.7310113906860352,0.8965048789978027,-0.28978872299194336
1788893139306362400,37.2193623046875,-0.5775351524353027,0.8954920768737793,-0.28845834732055664
1788893139316384300,37.22938427734375,-0.45854854583740234,0.9058413505554199,-0.27636194229125977
1788893139326406700,37.23940673828125,-0.30674076080322266,0.9400901794433594,-0.19453191757202148
1788893139336429300,37.24942919921875,-0.20750713348388672,0.9485516548156738,-0.060210227966308594
1788893139346452200,37.2594521484375,-0.22253894805908203,0.9399652481079102,0.07950592041015625
1788893139356475400,37.26947534179688,-0.32831382751464844,0.9038496017456055,0.15294265747070312
1788893139366498600,37.27949853515625,-0.38741350173950195,0.8488526344299316,0.2981419563293457
1788893139376527400,37.28952734375,-0.39481449127197266,0.7655606269836426,0.6341981887817383
1788893139386543600,37.29954370117188,-0.4184751510620117,0.6688032150268555,0.7530264854431152
1788893139396560000,37.309559814453124,-0.3473491668701172,0.592644214630127,0.8567080497741699
1788893139406576600,37.31957666015625,-0.25906801223754883,0.48544788360595703,1.0485548973083496
1788893139416594000,37.32959399414062,-0.05658769607543945,0.4105863571166992,1.1862263679504395
1788893139426612000,37.33961206054688,0.17563533782958984,0.30106353759765625,1.1913723945617676
1788893139436630500,37.349630615234375,0.3790273666381836,0.3048548698425293,1.2119450569152832
1788893139446650000,37.35965014648438,0.5985107421875,0.3552699089050293,1.1741318702697754
1788893139456670500,37.36967041015625,0.836876392364502,0.3378000259399414,1.0674047470092773
1788893139466691600,37.379691650390626,1.0647530555725098,0.38686180114746094,0.9488101005554199
1788893139476713700,37.38971362304687,1.2892236709594727,0.4638643264770508,0.8459644317626953
1788893139486736400,37.399736328125,1.503563404083252,0.5459761619567871,0.7665233612060547
1788893139496759800,37.409759765625,1.7505760192871094,0.5767092704772949,0.5617818832397461
1788893139506783700,37.41978369140625,1.953719139099121,0.584831714630127,0.41367530822753906
1788893139516808200,37.42980810546875,1.9936308860778809,0.503725528717041,0.2310810089111328
1788893139526833000,37.4398330078125,1.927556037902832,0.3996152877807617,0.023902416229248047
1788893139536857600,37.449857666015625,1.786376953125,0.39592647552490234,-0.11533451080322266
1788893139546882000,37.459882080078124,1.5704345703125,0.4155697822570801,-0.17390203475952148
1788893139556903200,37.469903076171875,1.322643756866455,0.4915018081665039,-0.3207216262817383
1788893139566921700,37.47992163085937,1.1093153953552246,0.6036229133605957,-0.4946718215942383
1788893139576940300,37.48994018554688,0.9051704406738281,0.6938228607177734,-0.4297828674316406
1788893139586959000,37.499958984375,0.6407508850097656,0.7955484390258789,-0.43527984619140625
1788893139596978400,37.509978515625,0.5095510482788086,0.885200023651123,-0.5857868194580078
1788893139606998000,37.519998046875,0.45589208602905273,0.8619241714477539,-0.6255474090576172
1788893139617018400,37.53001831054687,0.4187135696411133,0.7349743843078613,-0.6152830123901367
1788893139627039000,37.5400390625,0.40221452713012695,0.5564999580383301,-0.5691418647766113
1788893139637060000,37.55006005859375,0.4228048324584961,0.40283727645874023,-0.6084113121032715
1788893139647081500,37.56008154296875,0.5667147636413574,0.2980484962463379,-0.669590950012207
1788893139657103600,37.570103515625,0.7572011947631836,0.20490121841430664,-0.6616997718811035
1788893139667126000,37.5801259765625,0.9528231620788574,0.07210493087768555,-0.6026954650878906
1788893139677148700,37.59014868164063,0.999699592590332,-0.05132341384887695,-0.45626258850097656
1788893139687171600,37.60017163085938,0.8990230560302734,-0.09348583221435547,-0.2604537010192871
1788893139697194500,37.61019458007812,0.6384773254394531,-0.04920244216918945,-0.03863668441772461
1788893139707217700,37.6202177734375,0.34469175338745117,0.04926252365112305,0.1090087890625
1788893139717246200,37.63024609375,0.09119224548339844,0.19775009155273438,0.21192073822021484
1788893139727262700,37.6402626953125,-0.19725751876831055,0.29143381118774414,0.33765172958374023
1788893139737279500,37.65027954101563,-0.4751248359680176,0.34467458724975586,0.5405054092407227
1788893139747296300,37.660296142578126,-0.7440395355224609,0.36346435546875,0.7178030014038086
1788893139757313800,37.67031372070313,-0.7002229690551758,0.3006587028503418,0.5763998031616211
1788893139767331800,37.680331787109374,-0.4801154136657715,0.1360640525817871,0.7712922096252441
1788893139777350400,37.69035034179687,-0.32605695724487305,-0.13496685028076172,1.013021469116211
1788893139787370000,37.700369873046874,-0.27619409561157227,-0.38446807861328125,0.955345630645752
1788893139797390300,37.71039038085937,-0.2286543846130371,-0.6094679832458496,0.6411843299865723
1788893139807411500,37.72041137695312,-0.08558130264282227,-0.7931656837463379,0.37237024307250977
1788893139817433600,37.73043359375,0.049834251403808594,-0.9806122779846191,0.12943744659423828
1788893139827456300,37.74045629882813,0.2047882080078125,-1.1299481391906738,-0.30779457092285156
1788893139837479700,37.750479736328124,0.4455718994140625,-1.3147149085998535,-0.7614173889160156
1788893139847503400,37.76050341796875,0.6904740333557129,-1.4691286087036133,-1.1262664794921875
1788893139857527800,37.77052783203125,0.9253077507019043,-1.6554937362670898,-1.3365845680236816
1788893139867552300,37.78055224609375,1.0797810554504395,-1.8059048652648926,-1.4752397537231445
1788893139877577000,37.79057690429688,1.0858616828918457,-1.8856496810913086,-1.5090508460998535
1788893139887601200,37.80060107421875,0.9111676216125488,-1.8924565315246582,-1.4947504997253418
1788893139897622300,37.81062231445313,0.5665130615234375,-1.819206714630127,-1.4262046813964844
1788893139907640800,37.820640869140625,0.16299772262573242,-1.6962742805480957,-1.3164167404174805
1788893139917659400,37.83065942382812,-0.31683778762817383,-1.5499825477600098,-1.1521358489990234
1788893139927678200,37.84067822265625,-0.8623046875,-1.3017797470092773,-0.9528942108154297
1788893139937697500,37.850697509765624,-1.4632906913757324,-1.0696091651916504,-0.7899813652038574
1788893139947717400,37.86071728515625,-2.0347156524658203,-0.8571763038635254,-0.6679120063781738
1788893139957737500,37.870737548828124,-2.5172698497772217,-0.3534059524536133,-0.4204988479614258
1788893139967758000,37.88075805664062,-2.7920284271240234,-0.3002934455871582,-0.4087510108947754
1788893139977779200,37.890779296875,-3.3218140602111816,-0.2871551513671875,-0.26535701751708984
1788893139987800600,37.900800537109376,-3.7178144454956055,0.1806168556213379,-0.0011072158813476562
1788893139997822700,37.91082275390625,-3.8092470169067383,0.4717526435852051,0.20043087005615234
1788893140007845000,37.92084521484375,-3.72829532623291,0.575129508972168,0.48589086532592773
1788893140017867800,37.93086767578125,-3.4734444618225098,0.5614213943481445,0.7946867942810059
1788893140027890700,37.940890625,-3.0962131023406982,0.46180200576782227,1.0431723594665527
1788893140037913600,37.95091357421875,-2.620134115219116,0.35999536514282227,1.1471056938171387
1788893140047936800,37.960936767578126,-2.117257595062256,0.2675776481628418,1.1418180465698242
1788893140057965300,37.97096533203125,-1.596872329711914,0.21024560928344727,1.0066266059875488
1788893140067981800,37.98098193359375,-1.0629072189331055,0.16099834442138672,0.8081798553466797
1788893140077998300,37.99099829101562,-0.5804696083068848,0.1503767967224121,0.6141443252563477
1788893140088015000,38.00101513671875,-0.12392616271972656,0.12834739685058594,0.47700929641723633
1788893140098032600,38.01103271484375,0.25132274627685547,0.041069984436035156,0.46771669387817383
1788893140108050700,38.02105078125,0.5383930206298828,-0.10093832015991211,0.5263233184814453
1788893140118069200,38.0310693359375,0.7704625129699707,-0.21436738967895508,0.5838088989257812
1788893140128088800,38.0410888671875,0.9268455505371094,-0.29235029220581055,0.6752190589904785
1788893140138109200,38.05110913085937,0.9639906883239746,-0.35065460205078125,0.8397793769836426
1788893140148130600,38.061130615234376,0.9812493324279785,-0.3855600357055664,1.02996826171875
1788893140158152400,38.07115234375,0.9739809036254883,-0.3887767791748047,1.1709895133972168
1788893140168175000,38.08117504882812,0.9664087295532227,-0.39161109924316406,1.184943675994873
1788893140178198500,38.091198486328125,0.9882769584655762,-0.3833627700805664,1.1532506942749023
1788893140188222200,38.10122216796875,1.084681510925293,-0.3835759162902832,1.0972681045532227
1788893140198246700,38.11124658203125,1.1483683586120605,-0.37924814224243164,0.9536094665527344
1788893140208271000,38.12127099609375,1.1908283233642578,-0.3821702003479004,0.7691130638122559
1788893140218295800,38.1312958984375,1.1654777526855469,-0.4041295051574707,0.6712222099304199
1788893140228320000,38.14132006835938,1.092909812927246,-0.3938899040222168,0.6286616325378418
1788893140238341000,38.15134106445313,0.9509520530700684,-0.36656761169433594,0.6623516082763672
1788893140248359700,38.161359619140626,0.7796964645385742,-0.2889542579650879,0.6924357414245605
1788893140258378200,38.171378173828124,0.5944552421569824,-0.1800856590270996,0.7481112480163574
1788893140268397000,38.18139697265625,0.3768320083618164,-0.04917335510253906,0.8007698059082031
1788893140278416400,38.19141650390625,0.2033085823059082,0.06522226333618164,0.7982468605041504
1788893140288436200,38.20143627929688,0.05431795120239258,0.20142889022827148,0.8549880981445312
1788893140298456300,38.211456298828125,-0.14670896530151367,0.3739156723022461,0.8607254028320312
1788893140308477000,38.221476806640624,-0.3090968132019043,0.47742605209350586,0.8680801391601562
1788893140318498000,38.231498046875,-0.4517221450805664,0.5745754241943359,0.8578300476074219
1788893140328519400,38.24151953125,-0.5465631484985352,0.6267971992492676,0.7726540565490723
1788893140338541600,38.25154150390625,-0.541961669921875,0.6573896408081055,0.6606693267822266
1788893140348564000,38.26156396484375,-0.4192647933959961,0.6511826515197754,0.4798293113708496
1788893140358586600,38.271586669921874,-0.2737407684326172,0.611699104309082,0.17507028579711914
1788893140368609500,38.281609619140625,-0.19127464294433594,0.4661855697631836,-0.2995333671569824
1788893140378632400,38.291632568359375,-0.11435461044311523,0.28540658950805664,-0.7416152954101562
1788893140388655600,38.301655517578126,-0.04218482971191406,0.12098884582519531,-1.154263973236084
1788893140398684200,38.31168408203125,0.006316184997558594,-0.027833938598632812,-1.5510931015014648
1788893140408700400,38.321700439453124,0.03702116012573242,-0.2180337905883789,-1.7838850021362305
1788893140418717000,38.33171704101562,0.017248153686523438,-0.40552377700805664,-1.7583794593811035
1788893140428733700,38.34173364257813,-0.060639381408691406,-0.7549920082092285,-1.6677985191345215
1788893140438751000,38.3517509765625,-0.04631757736206055,-0.925926685333252,-2.027616024017334
1788893140448769000,38.36176904296875,0.12648630142211914,-0.7929506301879883,-2.442150115966797
1788893140458787600,38.37178759765625,0.6516075134277344,-0.8102059364318848,-2.998164176940918
1788893140468807200,38.38180712890625,1.2514605522155762,-0.9798464775085449,-3.0227303504943848
1788893140478827300,38.3918271484375,1.7479801177978516,-1.1603035926818848,-2.7166500091552734
1788893140488848400,38.40184838867187,2.157172203063965,-1.1465868949890137,-2.5095882415771484
1788893140498870500,38.41187060546875,2.6229538917541504,-0.6775779724121094,-2.272772789001465
1788893140508893200,38.42189306640625,2.8770947456359863,-0.08422517776489258,-1.8565659523010254
1788893140518916600,38.43191650390625,2.8249759674072266,0.40256214141845703,-1.491894245147705
1788893140528940500,38.4419404296875,2.449492931365967,0.8276042938232422,-0.8900256156921387
1788893140538964700,38.45196484375,1.8511543273925781,0.9846086502075195,-0.2958102226257324
1788893140548989400,38.46198950195313,1.0718717575073242,1.0333399772644043,0.22232294082641602
1788893140559014100,38.47201416015625,0.10474491119384766,1.07197904586792,0.324709415435791
1788893140569038600,38.48203857421875,-1.0037736892700195,1.149007797241211,0.4118061065673828
1788893140579059700,38.49205981445313,-1.9600801467895508,1.153656005859375,0.486175537109375
1788893140589078300,38.50207836914063,-2.8056106567382812,1.271286964416504,0.612450122833252
1788893140599096800,38.512096923828125,-3.4486892223358154,1.5860309600830078,0.40008115768432617
1788893140609115600,38.52211572265625,-3.7726845741271973,1.949049949645996,0.030064105987548828
1788893140619135000,38.532135009765625,-3.762018918991089,2.218919277191162,-0.33094263076782227
1788893140629154600,38.54215454101563,-3.405505418777466,2.338822841644287,-0.6205873489379883
1788893140639175000,38.5521748046875,-2.8694992065429688,2.2040305137634277,-0.9977517127990723
1788893140649195500,38.562195556640624,-2.17941951751709,1.7696027755737305,-1.3214459419250488
1788893140659216600,38.572216552734375,-1.4579224586486816,1.1286225318908691,-1.5477876663208008
1788893140669238000,38.58223803710938,-0.6714849472045898,0.3792595863342285,-1.6251335144042969
1788893140679260200,38.59226025390625,0.20429182052612305,-0.20301198959350586,-1.4341273307800293
1788893140689282300,38.6022822265625,0.8985199928283691,-0.5849204063415527,-1.161384105682373
1788893140699305000,38.61230493164062,1.3727078437805176,-0.8782563209533691,-0.8350214958190918
1788893140709328000,38.62232788085937,1.6552729606628418,-0.9665350914001465,-0.4475874900817871
1788893140719351000,38.63235107421875,1.8112220764160156,-0.8706793785095215,-0.061364173889160156
1788893140729374200,38.64237426757813,1.662703037261963,-0.6785478591918945,0.2240304946899414
1788893140739402800,38.65240283203125,1.3004341125488281,-0.48219871520996094,0.4862227439880371
1788893140749419000,38.6624189453125,0.8728976249694824,-0.25742483139038086,0.8596844673156738
1788893140759435300,38.67243530273438,0.403289794921875,-0.07622289657592773,1.1680512428283691
1788893140769452000,38.6824521484375,-0.03251075744628906,0.040645599365234375,1.4901471138000488
1788893140779469300,38.69246923828125,-0.3935999870300293,0.08290958404541016,1.8120107650756836
1788893140789487400,38.7024873046875,-0.5730404853820801,0.12090539932250977,2.12436842918396
1788893140799506000,38.712505859375,-0.680152416229248,0.11403322219848633,2.298157215118408
1788893140809525500,38.722525390625,-0.7816705703735352,0.06515169143676758,2.3421802520751953
1788893140819545900,38.7325458984375,-0.8868961334228516,-0.03837776184082031,2.2849936485290527
1788893140829567000,38.74256689453125,-0.9574518203735352,-0.18205642700195312,2.1749768257141113
1788893140839589000,38.75258911132813,-1.0308513641357422,-0.30507326126098633,2.004565954208374
1788893140849611800,38.76261181640625,-1.0732288360595703,-0.41437768936157227,1.60380220413208
1788893140859635200,38.77263525390625,-1.0262970924377441,-0.48034095764160156,1.1822729110717773
1788893140869659100,38.7826591796875,-0.9269924163818359,-0.5164828300476074,0.9209842681884766
1788893140879683300,38.792683349609376,-0.8036084175109863,-0.5547761917114258,0.7267069816589355
1788893140889708000,38.8027080078125,-0.6754622459411621,-0.5640830993652344,0.6149115562438965
1788893140899732700,38.81273266601563,-0.5381736755371094,-0.5939841270446777,0.6624255180358887
1788893140909757200,38.82275708007813,-0.4356045722961426,-0.6541905403137207,0.8343548774719238
1788893140919778300,38.8327783203125,-0.32099342346191406,-0.7343239784240723,1.1092371940612793
1788893140929799400,38.84279931640625,-0.23830699920654297,-0.8133487701416016,1.4029021263122559
1788893140939817700,38.852817626953126,-0.21717119216918945,-0.9085006713867188,1.6169891357421875
1788893140949836300,38.862836181640624,-0.2537541389465332,-0.9896306991577148,1.730114459991455
1788893140959855000,38.872855224609374,-0.24941396713256836,-1.0370211601257324,1.720895767211914
1788893140969874400,38.88287451171875,-0.14821147918701172,-1.0644397735595703,1.6355094909667969
1788893140979894300,38.89289428710938,0.044072628021240234,-1.0630578994750977,1.4451408386230469
1788893140989914400,38.902914306640625,0.2643718719482422,-1.0490126609802246,1.1505799293518066
1788893140999935000,38.91293505859375,0.5538535118103027,-1.0773286819458008,0.6950101852416992
1788893141009956000,38.9229560546875,0.9298439025878906,-1.1176261901855469,0.21844720840454102
1788893141019977700,38.93297778320313,1.296247959136963,-1.2213034629821777,-0.17596006393432617
1788893141029999600,38.94299951171875,1.4764604568481445,-1.3425564765930176,-0.43381738662719727
1788893141040022000,38.95302197265625,1.6810688972473145,-1.363480567932129,-0.8119125366210938
1788893141050044700,38.96304467773437,1.8430423736572266,-1.6354451179504395,-0.9830517768859863
1788893141060067600,38.973067626953124,2.2387094497680664,-1.8487801551818848,-1.458207130432129
1788893141070090500,38.983090576171875,2.6767330169677734,-1.9181647300720215,-1.8481416702270508
1788893141080113700,38.99311376953125,3.0403947830200195,-2.152683734893799,-2.336526393890381
1788893141090142500,39.003142578125,3.3047313690185547,-2.3957176208496094,-2.2769269943237305
1788893141100158500,39.013158447265624,3.477283000946045,-2.575747489929199,-2.1010732650756836
1788893141110174700,39.0231748046875,3.585886001586914,-2.594364643096924,-2.0990233421325684
1788893141120191500,39.03319140625,3.5385632514953613,-2.4824118614196777,-2.064708709716797
1788893141130208800,39.04320874023438,3.2331795692443848,-2.2276415824890137,-2.0091323852539062
1788893141140226600,39.0532265625,2.719878673553467,-1.8517022132873535,-1.7953801155090332
1788893141150245000,39.0632451171875,2.140571117401123,-1.4728336334228516,-1.7379059791564941
1788893141160264700,39.0732646484375,1.592616081237793,-1.1007566452026367,-1.5482673645019531
1788893141170285000,39.08328515625,1.0404481887817383,-0.7921595573425293,-1.234485149383545
1788893141180306200,39.09330615234375,0.4724617004394531,-0.465639591217041,-0.995093822479248
1788893141190328300,39.10332836914063,-0.00440216064453125,-0.17491817474365234,-0.7365541458129883
1788893141200351200,39.11335131835938,-0.38474512100219727,0.11250925064086914,-0.5766420364379883
1788893141210374700,39.12337475585937,-0.6156806945800781,0.42026281356811523,-0.5142669677734375
1788893141220398600,39.13339868164063,-0.7034296989440918,0.6378970146179199,-0.46375513076782227
1788893141230423000,39.14342309570313,-0.6457109451293945,0.7648038864135742,-0.34049081802368164
1788893141240447700,39.15344775390625,-0.5031538009643555,0.8715744018554688,-0.3184494972229004
1788893141250472400,39.16347241210938,-0.24873924255371094,0.9527888298034668,-0.4317188262939453
1788893141260496400,39.173496337890626,0.08166170120239258,1.0206818580627441,-0.689824104309082
1788893141270517500,39.183517578125,0.41882848739624023,1.0955209732055664,-1.0339574813842773
1788893141280538600,39.19353857421875,0.709834098815918,1.1740446090698242,-1.1363964080810547
1788893141290557200,39.20355712890625,0.8215422630310059,1.2828564643859863,-1.0715527534484863
1788893141300575700,39.21357568359375,0.6831784248352051,1.435948371887207,-0.8962178230285645
1788893141310594600,39.22359448242187,0.40520238876342773,1.5964484214782715,-0.6882667541503906
1788893141320614000,39.23361376953125,0.12574338912963867,1.7423157691955566,-0.44539785385131836
1788893141330633500,39.24363354492188,-0.12263154983520508,1.8515868186950684,-0.19901609420776367
1788893141340653800,39.25365380859375,-0.4023914337158203,1.9265766143798828,0.034035682678222656
1788893141350674400,39.26367431640625,-0.6996884346008301,1.9592194557189941,0.2517280578613281
1788893141360695600,39.273695556640625,-0.8989763259887695,1.99424409866333,0.5057530403137207
1788893141370717000,39.28371704101563,-0.9416952133178711,2.018077850341797,0.662872314453125
1788893141380739000,39.293739013671875,-0.9509520530700684,2.0312533378601074,0.771944522857666
1788893141390761200,39.30376123046875,-1.0016913414001465,2.0289955139160156,0.8059649467468262
1788893141400784000,39.31378393554687,-1.0596661567687988,1.996354103088379,0.7616872787475586
1788893141410806800,39.323806884765624,-1.1531062126159668,1.9754905700683594,0.7027521133422852
1788893141420830000,39.333829833984375,-1.233020305633545,1.9942388534545898,0.6743392944335938
1788893141430853000,39.34385302734375,-1.3214774131774902,2.00406551361084,0.6363444328308105
1788893141440881700,39.35388159179688,-1.4318485260009766,2.023502826690674,0.5525178909301758
1788893141450897700,39.363897705078124,-1.5207929611206055,2.0518198013305664,0.41000890731811523
1788893141460914200,39.3739140625,-1.5362739562988281,2.054858684539795,0.3001856803894043
1788893141470930700,39.3839306640625,-1.5132551193237305,2.036374568939209,0.2037067413330078
1788893141480948000,39.393947998046876,-1.381688117980957,2.0007376670837402,0.1862955093383789
1788893141490965800,39.4039658203125,-1.238600730895996,1.9233903884887695,0.25681447982788086
1788893141500984300,39.413984375,-1.0987296104431152,1.8761076927185059,0.25223779678344727
1788893141511004000,39.42400390625,-0.8959851264953613,1.824967384338379,0.13416767120361328
1788893141521024300,39.43402416992188,-0.6845159530639648,1.7924156188964844,-0.06355667114257812
1788893141531045400,39.44404541015625,-0.4655013084411621,1.7249360084533691,-0.27402353286743164
1788893141541067500,39.454067626953126,-0.21119117736816406,1.6167197227478027,-0.3965296745300293
1788893141551090200,39.464090087890625,-0.062365055084228516,1.4715700149536133,-0.5900974273681641
1788893141561113600,39.47411352539063,0.1851515769958496,1.4124884605407715,-1.0457768440246582
1788893141571137800,39.4841376953125,0.5068893432617188,1.3272976875305176,-0.9823589324951172
1788893141581162000,39.494161865234375,0.6914491653442383,1.0769367218017578,-0.9081988334655762
1788893141591186700,39.504186767578126,0.7199010848999023,0.930262565612793,-0.7916178703308105
1788893141601211400,39.51421142578125,0.644493579864502,0.7700591087341309,-0.5698494911193848
1788893141611235600,39.524235595703125,0.48827457427978516,0.6237454414367676,-0.24860095977783203
1788893141621256700,39.534256591796876,0.2905158996582031,0.5434098243713379,-0.12350225448608398
1788893141631277800,39.54427783203125,0.12839126586914062,0.5124669075012207,-0.1150660514831543
1788893141641296400,39.55429638671875,0.04731559753417969,0.5093803405761719,-0.20374345779418945
1788893141651315000,39.56431494140625,0.035531044006347656,0.4441370964050293,-0.5924015045166016
1788893141661333800,39.57433374023437,0.06174898147583008,0.29665565490722656,-1.028071403503418
1788893141671353000,39.58435302734375,0.15139389038085938,0.12228250503540039,-1.4634714126586914
1788893141681372700,39.59437255859375,0.3191561698913574,-0.10027933120727539,-1.7571187019348145
1788893141691392800,39.60439282226562,0.4953312873840332,-0.4440650939941406,-1.762101650238037
1788893141701413600,39.61441357421875,0.5534443855285645,-0.7955646514892578,-1.971601963043213
1788893141711434500,39.6244345703125,0.6148734092712402,-0.9361691474914551,-2.6980910301208496
1788893141721456000,39.6344560546875,1.064432144165039,-0.8523211479187012,-3.3987622261047363
1788893141731478000,39.64447802734375,1.7431530952453613,-1.0324101448059082,-3.592036724090576
1788893141741500400,39.65450048828125,2.1888175010681152,-1.3519854545593262,-3.335310935974121
1788893141751523000,39.66452319335937,2.4427499771118164,-1.5283737182617188,-3.168306827545166
1788893141761546000,39.6745458984375,2.7232213020324707,-1.4505953788757324,-2.6501288414001465
1788893141771569200,39.684569091796874,2.8924665451049805,-1.1263771057128906,-1.8495488166809082
1788893141781592300,39.69459228515625,2.6630797386169434,-0.7288808822631836,-1.1240544319152832
1788893141791620900,39.70462084960938,1.7833442687988281,-0.32956695556640625,-0.27898550033569336
1788893141801636900,39.71463696289062,0.5137438774108887,-0.018958091735839844,0.23541545867919922
1788893141811653000,39.724653076171876,-0.6333169937133789,0.2116856575012207,0.671504020690918
1788893141821669600,39.734669677734374,-1.4989118576049805,0.3997230529785156,1.0435400009155273
1788893141831687000,39.74468701171875,-2.112882614135742,0.5510444641113281,1.2790250778198242
1788893141841704700,39.75470458984375,-2.5824551582336426,0.6852765083312988,1.4380970001220703
1788893141851723300,39.76472314453125,-2.8340487480163574,0.9023113250732422,1.546450138092041
1788893141861742800,39.77474291992188,-2.837128162384033,0.9899673461914062,1.573418140411377
1788893141871763000,39.784762939453124,-2.5367188453674316,0.96954345703125,1.4899730682373047
1788893141881784300,39.794784423828126,-1.8931312561035156,0.8177452087402344,1.2006516456604004
1788893141891806200,39.80480615234375,-1.0490775108337402,0.581296443939209,0.7590947151184082
1788893141901829000,39.8148291015625,-0.2290048599243164,0.2973942756652832,0.3423633575439453
1788893141911852500,39.8248525390625,0.4849100112915039,-0.08321857452392578,0.02118539810180664
1788893141921876500,39.83487646484375,1.0545544624328613,-0.2875041961669922,-0.22971439361572266
1788893141931901000,39.84490087890625,1.4967727661132812,-0.46143198013305664,-0.31504011154174805
1788893141941925600,39.854925537109374,1.8668384552001953,-0.583409309387207,-0.2588381767272949
1788893141951950600,39.86495068359375,1.890998363494873,-0.5866818428039551,-0.2010951042175293
1788893141961974500,39.874974609375,1.689417839050293,-0.5644059181213379,-0.14866304397583008
1788893141971996000,39.884995849609375,1.2543706893920898,-0.43198299407958984,-0.09356021881103516
1788893141982016800,39.895016845703125,0.7362456321716309,-0.2951321601867676,-0.009275436401367188
1788893141992035300,39.905035400390624,0.35713863372802734,-0.23160600662231445,0.0028791427612304688
1788893142002054000,39.91505395507812,0.18655681610107422,-0.23450088500976562,-0.1082158088684082
1788893142012072700,39.92507275390625,0.10235309600830078,-0.36521100997924805,-0.015370845794677734
1788893142022092000,39.93509204101562,0.052822113037109375,-0.4851264953613281,-0.1430201530456543
1788893142032111600,39.945111572265624,0.06318235397338867,-0.6044492721557617,-0.2975587844848633
1788893142042131700,39.95513159179688,0.08318758010864258,-0.6954174041748047,-0.3655719757080078
1788893142052152300,39.96515234375,-0.023129940032958984,-0.7634062767028809,-0.4871206283569336
1788893142062173200,39.97517309570313,-0.2559332847595215,-0.7942767143249512,-0.5183396339416504
1788893142072194800,39.98519482421875,-0.5657682418823242,-0.7636332511901855,-0.5776124000549316
1788893142082216700,39.995216796875,-0.7835168838500977,-0.7082014083862305,-0.5877923965454102
1788893142092239000,40.005239013671876,-1.028803825378418,-0.7032413482666016,-0.41632604598999023
1788893142102261800,40.01526171875,-1.2307734489440918,-0.6474552154541016,-0.30434083938598633
1788893142112284700,40.02528466796875,-1.3050322532653809,-0.5832171440124512,-0.21598577499389648
1788893142122307800,40.03530786132813,-1.192579746246338,-0.5061216354370117,-0.15418004989624023
1788893142132331000,40.0453310546875,-0.8965768814086914,-0.4648017883300781,-0.0448002815246582
1788893142142359600,40.055359619140624,-0.5394339561462402,-0.48409605026245117,0.09579133987426758
1788893142152375800,40.06537573242188,-0.24728155136108398,-0.545494556427002,0.19459295272827148
1788893142162392300,40.075392333984375,-0.0968928337097168,-0.5633997917175293,0.2994050979614258
1788893142172409000,40.0854091796875,-0.09815835952758789,-0.5143661499023438,0.4289083480834961
1788893142182426400,40.09542626953125,-0.21651792526245117,-0.38864994049072266,0.5453524589538574
1788893142192444200,40.105444091796876,-0.49323129653930664,-0.2244706153869629,0.6788558959960938
1788893142202462700,40.115462646484374,-0.845055103302002,-0.03534984588623047,0.8876433372497559
1788893142212482300,40.125482421875,-1.1936039924621582,0.17484426498413086,1.129528522491455
1788893142222502700,40.135502685546875,-1.5664243698120117,0.359102725982666,1.3284006118774414
1788893142232523800,40.145523681640626,-1.8725171089172363,0.5179672241210938,1.5508933067321777
1788893142242545700,40.15554565429687,-2.050109386444092,0.6758685111999512,1.7484397888183594
1788893142252568600,40.165568603515624,-2.1152939796447754,0.827763557434082,1.8910260200500488
1788893142262591700,40.175591796875,-2.0927271842956543,0.9401826858520508,2.049849271774292
1788893142272615700,40.18561572265625,-2.0494556427001953,1.0037169456481934,2.162658929824829
1788893142282640000,40.19563989257812,-2.043231964111328,1.0231404304504395,2.147958993911743
1788893142292664300,40.20566430664063,-2.045269012451172,1.017507553100586,1.9774749279022217
1788893142302689000,40.21568896484375,-1.9637408256530762,0.9860696792602539,1.562645673751831
1788893142312713500,40.22571337890625,-1.8500361442565918,0.8881959915161133,0.9270787239074707
1788893142322734600,40.23573461914062,-1.7275137901306152,0.7830595970153809,0.45724916458129883
1788893142332753200,40.24575317382813,-1.7028465270996094,0.6258187294006348,0.16756486892700195
1788893142342771700,40.255771728515626,-1.7578892707824707,0.5106363296508789,-0.11894750595092773
1788893142352790500,40.26579052734375,-1.6476712226867676,0.40291404724121094,-1.2599592208862305
1788893142362809600,40.2758095703125,-1.0768494606018066,0.45419836044311523,-2.3926172256469727
1788893142372829400,40.28582934570313,0.17112255096435547,0.20585107803344727,-3.380235195159912
1788893142382849500,40.295849609375,1.5878782272338867,-0.4188957214355469,-4.001902103424072
1788893142392870100,40.3058701171875,2.6674914360046387,-0.9056477546691895,-4.116069316864014
1788893142402891000,40.31589111328125,3.244518280029297,-1.2219195365905762,-4.405268669128418
1788893142412912600,40.32591259765625,3.6643171310424805,-1.2488946914672852,-4.44406795501709
1788893142422934500,40.3359345703125,3.669452667236328,-1.1832537651062012,-4.315196514129639
1788893142432957000,40.34595703125,2.8102359771728516,-0.8311381340026855,-4.154155254364014
1788893142442979600,40.3559794921875,1.730783462524414,-0.28986501693725586,-4.388967037200928
1788893142453002500,40.36600244140625,1.0384039878845215,0.04032564163208008,-4.404776573181152
1788893142463025700,40.376025634765625,0.5684046745300293,0.20505714416503906,-4.1968770027160645
1788893142473048800,40.386048828125,0.226959228515625,0.24873924255371094,-4.023191928863525
1788893142483077400,40.39607739257813,0.004923820495605469,0.17983341217041016,-3.7627816200256348
1788893142493093600,40.40609375,-0.12952518463134766,0.08798694610595703,-3.2792649269104004
1788893142503110000,40.41610986328125,-0.29233407974243164,0.09200000762939453,-2.859996795654297
1788893142513126700,40.42612670898438,-0.6036276817321777,0.18767738342285156,-2.591526985168457
1788893142523144000,40.43614404296875,-1.0174927711486816,0.23465490341186523,-2.296306610107422
1788893142533162000,40.44616186523437,-1.4127535820007324,0.20304012298583984,-2.2092504501342773
1788893142543180500,40.4561806640625,-1.7155952453613281,0.2140817642211914,-2.341885566711426
1788893142553200000,40.4662001953125,-2.1485347747802734,0.21161842346191406,-2.4375252723693848
1788893142563220500,40.47622045898437,-2.5368151664733887,0.20248842239379883,-2.350109100341797
1788893142573241600,40.48624169921875,-2.8509774208068848,0.24952220916748047,-2.345607280731201
1788893142583263500,40.49626342773438,-3.1867594718933105,0.3234400749206543,-2.3123598098754883
1788893142593286100,40.5062861328125,-3.521397113800049,0.37216711044311523,-2.1468310356140137
1788893142603309600,40.5163095703125,-3.7326905727386475,0.44472551345825195,-1.8387079238891602
1788893142613333500,40.52633349609375,-3.721712350845337,0.614649772644043,-1.515803337097168
1788893142623357700,40.536357666015626,-3.4986939430236816,0.7637019157409668,-1.1939549446105957
1788893142633382100,40.546382080078125,-3.2747068405151367,0.8357820510864258,-0.9656925201416016
1788893142643406800,40.55640673828125,-3.0128555297851562,0.8834033012390137,-0.9378519058227539
1788893142653431300,40.566431396484376,-2.6955785751342773,0.8808035850524902,-0.9529247283935547
1788893142663452400,40.576452392578126,-2.3571605682373047,0.8354034423828125,-1.0339384078979492
1788893142673473500,40.5864736328125,-2.064486503601074,0.7544045448303223,-1.2933292388916016
1788893142683491800,40.596491943359375,-1.8463530540466309,0.6829171180725098,-1.5854573249816895
1788893142693510400,40.60651049804687,-1.6747841835021973,0.5850300788879395,-1.8855767250061035
1788893142703529200,40.616529296875,-1.5244159698486328,0.3673720359802246,-2.028897285461426
1788893142713548500,40.62654858398437,-1.3027124404907227,0.06637716293334961,-1.9415712356567383
1788893142723568000,40.636568115234375,-1.0205168724060059,-0.27596235275268555,-1.834517478942871
1788893142733588200,40.64658813476562,-0.8301477432250977,-0.681859016418457,-1.8038854598999023
1788893142743608800,40.65660888671875,-0.7033963203430176,-1.128589153289795,-1.8047046661376953
1788893142753630000,40.6666298828125,-0.6755695343017578,-1.5304760932922363,-1.9133501052856445
1788893142763651300,40.6766513671875,-0.8347444534301758,-1.8496994972229004,-2.193105697631836
1788893142773673500,40.68667358398437,-1.245917797088623,-2.227510452270508,-2.4205613136291504
1788893142783695600,40.69669555664063,-1.8368754386901855,-2.3225607872009277,-2.6152491569519043
1788893142793718300,40.70671826171875,-2.1230697631835938,-2.0363073348999023,-2.702022075653076
1788893142803741200,40.7167412109375,-1.7291536331176758,-1.474327564239502,-2.67557430267334
1788893142813764400,40.72676440429687,-1.0796823501586914,-1.2203917503356934,-1.8371810913085938
1788893142823787500,40.73678759765625,-0.5371356010437012,-1.0059022903442383,-1.7836875915527344
1788893142833816000,40.746816162109376,-0.009883403778076172,-0.8026375770568848,-1.6420788764953613
1788893142843832300,40.75683227539062,0.500847339630127,-0.6251964569091797,-1.067955493927002
1788893142853848800,40.76684887695313,0.8680300712585449,-0.41266679763793945,-0.45865631103515625
1788893142863865600,40.776865478515624,0.942718505859375,-0.12620830535888672,0.027734756469726562
1788893142873883000,40.7868828125,0.7973875999450684,0.2310619354248047,0.3192429542541504
1788893142883900700,40.79690063476563,0.6342449188232422,0.6460905075073242,0.4405479431152344
1788893142893919500,40.80691943359375,0.5413479804992676,1.0435872077941895,0.40392017364501953
1788893142903938800,40.81693872070313,0.5951504707336426,1.3716039657592773,0.2513904571533203
1788893142913959200,40.826959228515626,0.9815764427185059,1.5729742050170898,0.0737142562866211
1788893142923980300,40.83698022460938,1.417220115661621,1.6366839408874512,-0.08157825469970703
1788893142934002400,40.84700244140625,1.7217435836791992,1.4269022941589355,-0.06040477752685547
1788893142944025000,40.857025146484375,1.953230857849121,1.2203369140625,0.08098363876342773
1788893142954048300,40.86704833984375,2.1055984497070312,1.0989789962768555,0.26638317108154297
1788893142964072200,40.877072265625,2.0415263175964355,1.063952922821045,0.49672698974609375
1788893142974096400,40.88709643554687,1.6399850845336914,1.1709527969360352,0.6760563850402832
1788893142984121000,40.89712109375,1.0669326782226562,1.3231639862060547,0.6988515853881836
1788893142994145500,40.9071455078125,0.5512914657592773,1.5043902397155762,0.6248593330383301
1788893143004170000,40.917169921875,0.1285109519958496,1.6442575454711914,0.47689342498779297
1788893143014191000,40.927191162109374,-0.32517385482788086,1.7053194046020508,0.23993301391601562
1788893143024209700,40.93720971679687,-0.6308555603027344,1.7499046325683594,-0.02138042449951172
1788893143034228200,40.94722827148438,-0.7779254913330078,1.7480816841125488,-0.23158550262451172
1788893143044247000,40.9572470703125,-0.8892617225646973,1.7221369743347168,-0.41930532455444336
1788893143054266000,40.96726611328125,-0.9885859489440918,1.6949944496154785,-0.5531139373779297
1788893143064286000,40.97728588867187,-0.9949989318847656,1.6945304870605469,-0.6550402641296387
1788893143074306000,40.98730615234375,-0.9563541412353516,1.7159309387207031,-0.6618256568908691
1788893143084326400,40.997326416015625,-0.9160370826721191,1.7549548149108887,-0.5643186569213867
1788893143094347500,41.007347412109375,-0.8648123741149902,1.808393955230713,-0.3980574607849121
1788893143104369200,41.017369140625,-0.8320035934448242,1.83917236328125,-0.18892955780029297
1788893143114391000,41.02739111328125,-0.7462587356567383,1.8624334335327148,-0.00020933151245117188
1788893143124413400,41.037413330078124,-0.693636417388916,1.893202781677246,0.19141769409179688
1788893143134436000,41.04743603515625,-0.6217608451843262,1.8936967849731445,0.17501401901245117
1788893143144459000,41.057458984375,-0.5217137336730957,1.8436503410339355,-0.1385807991027832
1788893143154482000,41.06748193359375,-0.4253520965576172,1.7604408264160156,-0.1719355583190918
1788893143164505000,41.07750512695313,-0.23117876052856445,1.6245765686035156,-0.1540217399597168
1788893143174534000,41.08753393554687,0.04229593276977539,1.4773430824279785,-0.2400531768798828
1788893143184550100,41.097550048828126,0.30561161041259766,1.3360075950622559,-0.31650257110595703
1788893143194566700,41.10756665039062,0.5374550819396973,1.1946396827697754,-0.31285953521728516
1788893143204583400,41.11758349609375,0.6300039291381836,1.0330557823181152,-0.25035810470581055
1788893143214600700,41.1276005859375,0.6250767707824707,0.8994235992431641,-0.10289430618286133
1788893143224618800,41.13761865234375,0.49501466751098633,0.8278088569641113,0.023970603942871094
1788893143234637300,41.14763720703125,0.24708843231201172,0.8100743293762207,0.10185861587524414
1788893143244657000,41.15765698242188,-0.04390525817871094,0.819401741027832,0.14099645614624023
1788893143254677200,41.16767724609375,-0.2600717544555664,0.8286299705505371,0.20994806289672852
1788893143264698400,41.177698486328126,-0.46591711044311523,0.8099393844604492,0.30583810806274414
1788893143274720300,41.18772021484375,-0.7301211357116699,0.7402634620666504,0.26422882080078125
1788893143284743000,41.19774291992187,-0.9645886421203613,0.7057919502258301,0.23606586456298828
1788893143294766000,41.20776611328125,-1.1304521560668945,0.6352653503417969,0.3460049629211426
1788893143304790000,41.2177900390625,-1.3006443977355957,0.6008610725402832,0.4342622756958008
1788893143314814200,41.22781420898438,-1.4189324378967285,0.6075191497802734,0.5040698051452637
1788893143324838700,41.237838623046876,-1.4626197814941406,0.6697516441345215,0.5872797966003418
1788893143334863400,41.24786328125,-1.4565505981445312,0.7734413146972656,0.7254722118377686
1788893143344885200,41.25788525390625,-1.4589424133300781,0.8947234153747559,0.9126262664794922
1788893143354907100,41.2679072265625,-1.52775239944458,1.037926197052002,1.1196420192718506
1788893143364934400,41.277934326171874,-1.653395652770996,1.274348258972168,1.2559211254119873
1788893143374951200,41.287951171875,-1.8544540405273438,1.5413570404052734,1.418057918548584
1788893143384968200,41.29796826171875,-2.1347270011901855,1.791917324066162,1.6585371494293213
1788893143394985200,41.30798510742188,-2.412886619567871,2.036147117614746,1.8330869674682617
1788893143405003000,41.3180029296875,-2.608611822128296,2.2591729164123535,1.9987037181854248
1788893143415021300,41.32802124023438,-2.694472551345825,2.4658145904541016,2.1061904430389404
1788893143425040400,41.33804028320313,-2.7203829288482666,2.5077438354492188,2.1485886573791504
1788893143435060000,41.34806005859375,-2.55070161819458,2.408951759338379,2.237027645111084
1788893143445080300,41.35808032226562,-2.2257394790649414,2.1502466201782227,2.292766809463501
1788893143455101400,41.36810131835937,-1.7797150611877441,1.750673770904541,2.157557249069214
1788893143465123300,41.378123291015626,-1.3516783714294434,1.2375879287719727,2.004848003387451
1788893143475146000,41.38814599609375,-0.9705586433410645,0.7094259262084961,1.6786129474639893
1788893143485169200,41.39816918945313,-0.5880050659179688,0.20274829864501953,1.2244257926940918
1788893143495192600,41.408192626953124,-0.27229976654052734,-0.2232041358947754,0.920548677444458
1788893143505216500,41.41821655273438,0.021403789520263672,-0.6226515769958496,0.5271403789520264
1788893143515240700,41.42824072265625,0.23854732513427734,-0.8399033546447754,-0.42595982551574707
1788893143525265200,41.43826513671875,0.5153045654296875,-1.0243782997131348,-1.406083583831787
1788893143535289000,41.4482890625,0.9442262649536133,-1.4232749938964844,-2.047874689102173
1788893143545310200,41.458310302734375,1.7375030517578125,-2.088069438934326,-2.653470277786255
1788893143555331300,41.468331298828126,3.0372214317321777,-3.0069847106933594,-3.3140947818756104
1788893143565349600,41.478349609375,4.374600410461426,-3.8643083572387695,-3.5965139865875244
1788893143575368200,41.4883681640625,5.457688331604004,-4.451794147491455,-3.6500556468963623
1788893143585387000,41.49838696289063,6.117147445678711,-4.6830315589904785,-3.4088776111602783
1788893143595406300,41.50840625,6.059015274047852,-4.890683650970459,-3.0721144676208496
1788893143605426000,41.518426025390625,5.062754154205322,-4.8028435707092285,-3.056770086288452
1788893143615446000,41.52844604492188,3.9078211784362793,-4.260428428649902,-3.227362871170044
1788893143625466600,41.53846655273438,3.2476916313171387,-3.778965473175049,-3.4646267890930176
1788893143635487700,41.54848779296875,2.4918746948242188,-3.057562828063965,-3.512622356414795
1788893143645509400,41.55850927734375,1.8978033065795898,-2.2410778999328613,-2.991351842880249
1788893143655531300,41.56853125,1.724020004272461,-1.7378573417663574,-2.2512710094451904
1788893143665553700,41.5785537109375,1.5819072723388672,-1.5449166297912598,-0.4879887104034424
1788893143675576300,41.58857641601563,1.3052845001220703,-1.3128995895385742,1.0222781896591187
1788893143685599200,41.59859912109375,1.1577262878417969,-0.9247431755065918,1.5973927974700928
1788893143695622100,41.6086220703125,0.8405284881591797,-0.8429660797119141,2.3250629901885986
1788893143705645300,41.61864526367187,0.2885417938232422,-0.9279389381408691,3.018711566925049
1788893143715674000,41.628674072265625,-0.5896100997924805,-0.9473662376403809,3.5024988651275635
1788893143725690400,41.6386904296875,-1.2638235092163086,-0.9265174865722656,3.7194528579711914
1788893143735706600,41.64870654296875,-1.5378904342651367,-0.7104601860046387,3.4782450199127197
1788893143745723400,41.65872338867187,-1.6502466201782227,-0.5339431762695312,3.244143486022949
1788893143755740700,41.66874072265625,-1.677652359008789,-0.5179009437561035,2.8912606239318848
1788893143765758700,41.6787587890625,-1.3437066078186035,-0.6223340034484863,2.1855692863464355
1788893143775777300,41.68877734375,-0.7974138259887695,-0.8183214664459229,1.6347721815109253
1788893143785796900,41.698796875,-0.3072624206542969,-1.0863544940948486,1.142132043838501
1788893143795817200,41.708817138671876,0.035698890686035156,-1.343395471572876,0.8046126365661621
1788893143805838300,41.71883837890625,0.19340991973876953,-1.5702033042907715,0.9178246259689331
1788893143815860200,41.72886010742187,0.10905265808105469,-1.7256314754486084,1.1833162307739258
1788893143825883000,41.7388828125,-0.1968536376953125,-1.7423629760742188,1.5272486209869385
1788893143835906300,41.74890625,-0.6175394058227539,-1.5803027153015137,1.8803529739379883
1788893143845930200,41.75893017578125,-0.9654340744018555,-1.3232946395874023,2.0920748710632324
1788893143855954400,41.76895434570312,-1.1010894775390625,-1.0419447422027588,2.1409201622009277
1788893143865979100,41.77897924804687,-1.0345392227172852,-0.7876873016357422,1.836535930633545
1788893143876003800,41.78900390625,-0.8193883895874023,-0.5668890476226807,1.2668259143829346
1788893143886028300,41.7990283203125,-0.3847799301147461,-0.45966100692749023,0.7350728511810303
1788893143896049400,41.80904931640625,0.048277854919433594,-0.48522353172302246,0.23945170640945435
1788893143906070500,41.819070556640625,0.4356803894042969,-0.4715862274169922,-0.26757699251174927
1788893143916088800,41.8290888671875,0.8000621795654297,-0.49484968185424805,-0.507946789264679
1788893143926107400,41.839107421875,1.0065078735351562,-0.5299015045166016,-0.45865368843078613
1788893143936126500,41.84912646484375,1.011622428894043,-0.49265575408935547,-0.14107435941696167
1788893143946145500,41.8591455078125,0.6813650131225586,-0.09692263603210449,0.9763333201408386
1788893143956165400,41.869165283203124,-0.0060672760009765625,-0.2401435375213623,0.9985607266426086
1788893143966185500,41.879185546875,0.05317878723144531,-0.16208910942077637,0.8474961519241333
1788893143976206000,41.8892060546875,0.13989925384521484,0.10867524147033691,0.651191234588623
1788893143986227200,41.89922729492187,-0.14196109771728516,0.24762821197509766,0.4695938527584076
1788893143996248800,41.909248779296874,-0.5754594802856445,0.678333044052124,0.10013347864151001
1788893144006270700,41.91927075195313,-0.8824625015258789,0.32665324211120605,0.23093873262405396
1788893144016293000,41.92929321289063,-0.6989812850952148,0.251251220703125,0.016817808151245117
1788893144026315800,41.939315673828126,-0.1971416473388672,0.17745661735534668,-0.36269962787628174
1788893144036338700,41.94933862304688,-0.33035945892333984,0.33455324172973633,-0.7543653249740601
1788893144046361900,41.95936181640625,-1.3961095809936523,0.3692314624786377,-1.2581567764282227
1788893144056385000,41.969385009765624,-1.9656672477722168,0.5099427700042725,-1.2445415258407593
1788893144066413600,41.97941357421875,-1.6104178428649902,0.6141132116317749,-0.7459234595298767
1788893144076429600,41.9894296875,-0.8707113265991211,0.6747143268585205,0.10966652631759644
1788893144086446000,41.999446044921875,-0.6296529769897461,0.6177561283111572,1.0533843040466309
1788893144096462600,42.00946264648437,-0.43675994873046875,0.8498572111129761,0.47682562470436096
1788893144106479900,42.01947998046875,0.45458030700683594,1.4661002159118652,-0.4668161869049072
1788893144116497700,42.02949755859375,1.7660722732543945,1.5649524927139282,-0.9627936482429504
1788893144126516200,42.03951611328125,2.4121932983398438,0.8821929693222046,-0.8211379647254944
1788893144136535800,42.049535888671876,2.143235206604004,-0.07541155815124512,0.20027226209640503
1788893144146556200,42.05955615234375,1.378767967224121,-0.8436205387115479,0.6552797555923462
1788893144156577500,42.06957763671875,0.5069179534912109,-1.0077049732208252,0.41943466663360596
1788893144166599400,42.07959936523437,-0.3790407180786133,-0.2625546455383301,0.050565242767333984
1788893144176622300,42.08962231445312,-0.9322881698608398,0.8966044187545776,-0.035772085189819336
1788893144186645800,42.099645751953126,-1.2845392227172852,1.6830741167068481,-0.06672489643096924
1788893144196669700,42.109669677734374,-1.3014163970947266,2.1715550422668457,-0.11916577816009521
1788893144206694100,42.11969409179687,-0.9892053604125977,2.3876476287841797,-0.3194340467453003
1788893144216718800,42.12971875,-0.4372243881225586,2.2801289558410645,-0.2858128547668457
1788893144226743800,42.139743896484376,0.578887939453125,1.912231683731079,0.06964385509490967
1788893144236767700,42.14976782226562,1.0528717041015625,1.6991080045700073,0.5818475484848022
1788893144256810000,42.16981005859375,0.4563283920288086,0.6585233211517334,0.6524676084518433
1788893144266828300,42.17982836914062,0.28949928283691406,0.48543334007263184,0.558362603187561
1788893144276847000,42.18984716796875,-0.08411216735839844,0.49792003631591797,0.5489176511764526
1788893144286866000,42.19986596679688,-0.4126768112182617,0.5815572738647461,0.34813928604125977
1788893144296885200,42.20988525390625,-0.35089969635009766,0.8083583116531372,0.01117551326751709
1788893144306904800,42.21990478515625,-0.03303050994873047,1.0492714643478394,-0.38543593883514404
1788893144316925000,42.22992504882812,0.40631103515625,1.1879475116729736,-0.6431609392166138
1788893144326945500,42.23994555664063,0.8897724151611328,1.068979263305664,-0.7851293087005615
1788893144336966700,42.24996655273438,1.229879379272461,0.7982628345489502,-0.4483797550201416
1788893144346988300,42.25998828125,1.3823413848876953,0.47661685943603516,-0.11625313758850098
1788893144357010200,42.27001025390625,1.155557632446289,0.308230996131897,0.1436910629272461
1788893144367032600,42.28003247070313,0.7086849212646484,0.2808612585067749,0.3889438509941101
1788893144377055200,42.29005517578125,0.36313629150390625,0.24924242496490479,0.4868926405906677
1788893144387078100,42.300078125,0.03739356994628906,0.3241298198699951,0.34553074836730957
1788893144397101300,42.31010131835937,-0.17309093475341797,0.5016915798187256,0.15959560871124268
1788893144407124500,42.32012451171875,-0.27288055419921875,0.6691169738769531,0.15457487106323242
1788893144417153000,42.330153076171875,-0.3139925003051758,0.8238241672515869,0.10861432552337646
1788893144427169300,42.34016918945313,-0.2916278839111328,0.8556700348854065,0.019177913665771484
1788893144437185800,42.350185791015626,-0.2012481689453125,0.7454631328582764,0.2306612730026245
1788893144447202600,42.36020263671875,-0.08605384826660156,0.5309494733810425,0.41864877939224243
1788893144457219800,42.3702197265625,0.02512073516845703,0.3923811912536621,0.4031243920326233
1788893144467238000,42.38023779296875,0.022592544555664062,0.2569786310195923,0.30192750692367554
1788893144477256700,42.39025659179688,0.016660690307617188,0.21533656120300293,0.19321215152740479
1788893144487276300,42.4002763671875,-0.12197208404541016,0.32377874851226807,0.08025896549224854
1788893144497296600,42.41029663085938,-0.18776321411132812,0.5203605890274048,0.07568156719207764
1788893144507317800,42.42031787109375,-0.014191627502441406,0.6792908906936646,0.19661080837249756
1788893144517339600,42.430339599609376,0.2207937240600586,0.7211553454399109,0.42781609296798706
1788893144527362300,42.4403623046875,0.26328277587890625,0.6635951995849609,0.7764025926589966
1788893144537385700,42.4503857421875,0.2232351303100586,0.5743401050567627,1.0522667169570923
1788893144547409700,42.46040966796875,0.16297340393066406,0.5781819820404053,1.2168684005737305
1788893144557433900,42.470433837890624,0.10663795471191406,0.5843154191970825,1.2668559551239014
1788893144567458300,42.480458251953124,-0.06021881103515625,0.6364088654518127,1.265035629272461
1788893144577483000,42.49048291015625,-0.33666038513183594,0.60867840051651,1.0497896671295166
1788893144587507500,42.500507568359374,-0.44478702545166016,0.5181173086166382,0.7663185596466064
1788893144597528800,42.51052880859375,-0.36547279357910156,0.46070218086242676,0.4942534565925598
1788893144607547100,42.52054711914062,-0.37581920623779297,0.35521960258483887,0.3131084442138672
1788893144617565700,42.53056567382812,-0.4895029067993164,0.2652021646499634,0.19575941562652588
1788893144627584800,42.54058471679687,-0.5101242065429688,0.26906633377075195,0.2182915210723877
1788893144637604000,42.55060400390625,-0.5189914703369141,0.30604684352874756,0.41730743646621704
1788893144657643800,42.57064379882812,-0.6766891479492188,0.6968502402305603,1.1642316579818726
1788893144667664400,42.58066430664063,0.06368064880371094,0.7089437246322632,1.3094556331634521
1788893144677685500,42.590685546875,1.1236820220947266,0.7831096649169922,1.5194231271743774
1788893144697729000,42.61072900390625,0.3733358383178711,0.7361785173416138,1.293291687965393
1788893144717774000,42.63077416992188,0.28186798095703125,0.6928495168685913,1.6415032148361206
1788893144727797000,42.640796875,0.16725826263427734,0.6439547538757324,1.4465224742889404
1788893144747843300,42.66084326171875,0.39409446716308594,0.4398932456970215,0.9317910671234131
1788893144757871900,42.670871826171876,0.47341156005859375,0.29120302200317383,0.8989850282669067
1788893144777904600,42.69090454101563,0.6106290817260742,0.26573872566223145,0.5672592520713806
1788893144787921400,42.70092138671875,0.559539794921875,0.26855039596557617,0.27485740184783936
1788893144797938700,42.710938720703126,0.3958463668823242,0.2677626609802246,0.15494561195373535
1788893144807956700,42.72095678710937,0.058307647705078125,0.13264894485473633,0.14317643642425537
1788893144817975600,42.7309755859375,-0.06981372833251953,0.07925295829772949,0.2235698699951172
1788893144827995000,42.74099487304687,-0.0691690444946289,-0.09352993965148926,0.4935285449028015
1788893144848036600,42.76103662109375,0.38229942321777344,-0.5279295444488525,0.41968291997909546
1788893144858058500,42.77105859375,0.6744661331176758,-0.7763960361480713,0.09430384635925293
1788893144868081200,42.7810810546875,0.8706445693969727,-0.7731351852416992,-0.1778428554534912
1788893144878104600,42.7911044921875,1.1477174758911133,-0.7113149166107178,-0.6643431186676025
1788893144888128500,42.80112841796875,1.5961418151855469,-0.6845436096191406,-1.108383059501648
1788893144898152700,42.811152587890625,1.841996192932129,-0.9881036281585693,-1.2552825212478638
1788893144908177200,42.82117724609375,1.8836841583251953,-1.2240962982177734,-1.2239843606948853
1788893144918201900,42.831201904296876,1.992422103881836,-1.4087400436401367,-1.090673804283142
1788893144928223700,42.8412236328125,2.119161605834961,-1.390324592590332,-1.1874561309814453
1788893144938245600,42.85124560546875,2.2483816146850586,-1.3375239372253418,-1.205133318901062
1788893144948273200,42.861273193359374,2.1969900131225586,-1.270711898803711,-1.1278530359268188
1788893144958290000,42.8712900390625,2.035970687866211,-1.0850696563720703,-1.0873080492019653
1788893144968307000,42.88130688476563,1.7945470809936523,-0.9085536003112793,-1.0731589794158936
1788893144978324500,42.89132446289062,1.4688482284545898,-0.7734990119934082,-1.178297519683838
1788893144988342300,42.90134228515625,1.1215124130249023,-0.6750950813293457,-1.3516908884048462
1788893144998360600,42.91136059570312,0.8099641799926758,-0.5941991806030273,-1.4054526090621948
1788893145008379600,42.92137963867187,0.5673065185546875,-0.6171679496765137,-1.286529541015625
1788893145018399200,42.931399169921875,0.20180130004882812,-0.6246323585510254,-1.1059428453445435
1788893145028419800,42.941419921875,-0.18117713928222656,-0.6063752174377441,-0.8839079141616821
1788893145038441000,42.95144091796875,-0.5955033302307129,-0.5512957572937012,-0.6410109996795654
1788893145048462800,42.961462890625,-0.9640851020812988,-0.47682762145996094,-0.4930765628814697
1788893145058485500,42.97148559570312,-1.1956844329833984,-0.3763556480407715,-0.38884687423706055
1788893145068508400,42.98150830078125,-1.3138799667358398,-0.2628335952758789,-0.32865262031555176
1788893145078532000,42.991531982421876,-1.3376169204711914,-0.20718669891357422,-0.34086012840270996
1788893145088555800,43.0015556640625,-1.32916259765625,-0.19495296478271484,-0.42020320892333984
1788893145098580000,43.011580078125,-1.2364416122436523,-0.2220325469970703,-0.5041987895965576
1788893145108604200,43.02160424804688,-1.0653066635131836,-0.23751115798950195,-0.5971512794494629
1788893145118625800,43.03162573242187,-0.912224292755127,-0.2625150680541992,-0.754683256149292
1788893145128647400,43.0416474609375,-0.7780203819274902,-0.30838727951049805,-0.8851171731948853
1788893145138668800,43.05166870117188,-0.7537674903869629,-0.3519148826599121,-0.9405643939971924
1788893145148690700,43.061690673828124,-0.8631415367126465,-0.37375831604003906,-0.94610595703125
1788893145158717700,43.0717177734375,-1.0193653106689453,-0.34901905059814453,-0.9266434907913208
1788893145168734200,43.081734130859374,-1.2594642639160156,-0.27142858505249023,-0.9105579853057861
1788893145178751000,43.0917509765625,-1.5625643730163574,-0.16261911392211914,-0.9783867597579956
1788893145188768300,43.10176831054687,-1.7741694450378418,-0.0010914802551269531,-1.1582825183868408
1788893145198785800,43.111785888671875,-1.774381160736084,0.09931373596191406,-1.3487982749938965
1788893145208803800,43.12180395507813,-1.6732535362243652,0.12870359420776367,-1.4848212003707886
1788893145218822700,43.13182275390625,-1.5954928398132324,0.10042762756347656,-1.597883701324463
1788893145228842200,43.14184228515625,-1.5742640495300293,0.06221818923950195,-1.5906895399093628
1788893145238862800,43.15186279296875,-1.580456256866455,0.03334331512451172,-1.567096471786499
1788893145248884000,43.16188403320312,-1.63309907913208,0.014199256896972656,-1.4659268856048584
1788893145258905900,43.17190576171875,-1.7648892402648926,-0.026964664459228516,-1.2983156442642212
1788893145268928500,43.181928466796876,-1.9700722694396973,-0.06422281265258789,-1.137404203414917
1788893145278952000,43.19195190429687,-2.1716089248657227,-0.08185052871704102,-1.0993481874465942
1788893145288975600,43.2019755859375,-2.230640411376953,-0.08851480484008789,-1.108095645904541
1788893145298999800,43.211999755859374,-2.1236047744750977,-0.12278175354003906,-1.0907227993011475
1788893145309024300,43.22202416992187,-1.9421534538269043,-0.15273809432983398,-1.0931354761123657
1788893145319048700,43.23204858398437,-1.6585497856140137,-0.18973445892333984,-1.1906087398529053
1788893145329073000,43.24207299804687,-1.316934585571289,-0.23570728302001953,-1.291476845741272
1788893145339094000,43.25209399414062,-1.004793643951416,-0.331057071685791,-1.3107839822769165
1788893145349112600,43.26211254882813,-0.7855849266052246,-0.458099365234375,-1.2280654907226562
1788893145359131100,43.272131103515626,-0.6552252769470215,-0.5361433029174805,-1.0609827041625977
1788893145369150000,43.28214990234375,-0.623283863067627,-0.5552382469177246,-0.9460222721099854
1788893145379169300,43.292169189453126,-0.713127613067627,-0.538480281829834,-0.9319180250167847
1788893145389188900,43.30218896484375,-0.8236136436462402,-0.4750399589538574,-0.9477535486221313
1788893145399209200,43.31220922851563,-0.8775620460510254,-0.4208216667175293,-0.9415194988250732
1788893145409229800,43.322229736328126,-0.8885140419006348,-0.38927459716796875,-0.9300897121429443
1788893145419251000,43.3322509765625,-0.8652482032775879,-0.40888309478759766,-0.8902866840362549
1788893145429272300,43.34227221679687,-0.7165923118591309,-0.29378271102905273,-1.0903527736663818
1788893145439294500,43.35229443359375,-0.3573465347290039,-0.08849096298217773,-1.4618537425994873
1788893145449316900,43.36231689453125,0.31538963317871094,0.06991434097290039,-1.7366976737976074
1788893145459339800,43.37233984375,0.9124507904052734,0.09222078323364258,-1.6652116775512695
1788893145469362700,43.38236279296875,1.1702213287353516,-0.04679250717163086,-1.4788063764572144
1788893145479385900,43.3923857421875,1.183375358581543,-0.23290443420410156,-1.4424139261245728
1788893145489409000,43.40240893554687,0.9805335998535156,-0.42336368560791016,-1.1094626188278198
1788893145499437800,43.412437744140625,0.4725980758666992,-0.4774913787841797,-0.46233928203582764
1788893145509453800,43.42245385742188,-0.20742034912109375,-0.20402193069458008,-0.14943575859069824
1788893145519470000,43.432469970703124,-0.7877964973449707,0.2645277976989746,-0.1540583372116089
1788893145529486800,43.44248681640625,-0.9555354118347168,0.732541561126709,-0.3411661386489868
1788893145539504000,43.452504150390624,-0.9153141975402832,0.9731454849243164,-0.12418341636657715
1788893145549522000,43.46252197265625,-0.744509220123291,0.8578596115112305,0.016854166984558105
1788893145559540500,43.47254052734375,-0.31649208068847656,0.6606483459472656,-0.2855886220932007
1788893145569560000,43.48256005859375,0.1411886215209961,0.2518129348754883,-0.20191001892089844
1788893145579580400,43.492580322265624,0.4065275192260742,-0.048366546630859375,-0.08987236022949219
1788893145589601500,43.5026015625,0.4308204650878906,-0.1616201400756836,-0.0073931217193603516
1788893145599623700,43.512623779296874,0.26688671112060547,-0.08353519439697266,0.04845929145812988
1788893145609646600,43.522646484375,0.015793800354003906,0.06805276870727539,0.18881547451019287
1788893145619670000,43.532669921875,-0.2450389862060547,0.23814153671264648,0.3062140941619873
1788893145629694200,43.542694091796875,-0.46709632873535156,0.36640310287475586,0.3522239923477173
1788893145639718700,43.55271875,-0.5641012191772461,0.45383405685424805,0.3173484802246094
1788893145649743600,43.56274365234375,-0.46516990661621094,0.45635366439819336,0.27891790866851807
1788893145659768600,43.5727685546875,-0.3006448745727539,0.39536571502685547,0.2819643020629883
1788893145669792800,43.58279272460938,-0.15758514404296875,0.30183839797973633,0.28032469749450684
1788893145679814000,43.59281396484375,-0.12260150909423828,0.2552337646484375,0.25572705268859863
1788893145689832400,43.60283251953125,-0.20049571990966797,0.23116064071655273,0.2696206569671631
1788893145699851000,43.61285107421875,-0.30004024505615234,0.2398834228515625,0.26347601413726807
1788893145709870000,43.6228701171875,-0.47321128845214844,0.3116164207458496,0.2405470609664917
1788893145719889400,43.632889404296876,-0.7093439102172852,0.3960285186767578,0.16150856018066406
1788893145729909200,43.6429091796875,-0.9214882850646973,0.4856553077697754,0.05417811870574951
1788893145739929300,43.652929443359376,-1.1231465339660645,0.5822033882141113,-0.11917483806610107
1788893145749950000,43.662949951171875,-1.2560267448425293,0.706078052520752,-0.29907310009002686
1788893145759971000,43.67297119140625,-1.3006949424743652,0.8047573566436768,-0.516516923904419
1788893145769992700,43.68299267578125,-1.2138171195983887,0.8830387592315674,-0.7252843379974365
1788893145780014800,43.69301489257813,-1.0432238578796387,0.9497487545013428,-0.9029765129089355
1788893145790037200,43.703037353515626,-0.7320156097412109,0.9654333591461182,-0.9855825901031494
1788893145800060000,43.713059814453125,-0.367218017578125,0.8761961460113525,-0.8923318386077881
1788893145810082800,43.723082763671876,-0.049935340881347656,0.7528395652770996,-0.7536190748214722
1788893145820106000,43.73310595703125,0.05723285675048828,0.6000645160675049,-0.5041488409042358
1788893145830129200,43.74312915039062,0.25943851470947266,0.45151185989379883,-0.3599815368652344
1788893145840158000,43.753157958984374,0.3882627487182617,0.2873086929321289,-0.3384348154067993
1788893145850174200,43.76317431640625,0.582550048828125,0.22233128547668457,-0.32902371883392334
1788893145860190500,43.7731904296875,0.7134933471679688,0.20891308784484863,-0.053878068923950195
1788893145870207200,43.78320727539062,0.756779670715332,0.15148186683654785,-0.12316453456878662
1788893145880224500,43.793224609375,0.7694587707519531,0.0884714126586914,-0.22798216342926025
1788893145890242600,43.80324267578125,0.7856578826904297,0.006193637847900391,-0.17556560039520264
1788893145900261400,43.81326147460938,0.7773237228393555,-0.038248538970947266,-0.1444847583770752
1788893145910281000,43.82328100585938,0.4823331832885742,0.013005495071411133,-0.20518338680267334
1788893145920301300,43.83330126953125,0.1559886932373047,0.09607195854187012,-0.1610356569290161
1788893145930322700,43.84332275390625,-0.05275154113769531,0.19856643676757812,-0.059998393058776855
1788893145940344600,43.853344482421875,-0.2015209197998047,0.27813005447387695,0.04402303695678711
1788893145950367500,43.863367431640626,-0.3242664337158203,0.30629801750183105,0.16826200485229492
1788893145960391000,43.87339086914063,-0.38791370391845703,0.3308064937591553,0.16827595233917236
1788893145970414800,43.883414794921876,-0.37405967712402344,0.33542442321777344,0.17428696155548096
1788893145980439300,43.893439208984375,-0.3835773468017578,0.3518412113189697,0.11621034145355225
1788893145990464000,43.90346411132813,-0.3784332275390625,0.3973698616027832,-0.022630810737609863
1788893146000489000,43.91348901367188,-0.40183353424072266,0.4420359134674072,-0.16399121284484863
1788893146010513400,43.92351342773438,-0.4822854995727539,0.46131157875061035,-0.3442986011505127
1788893146020534500,43.93353442382813,-0.5955972671508789,0.4834280014038086,-0.3417898416519165
1788893146030553000,43.943552978515626,-0.7755517959594727,0.508387565612793,-0.3118668794631958
1788893146040571600,43.953571533203124,-0.9268302917480469,0.517425537109375,-0.34316420555114746
1788893146050590700,43.9635908203125,-1.0442090034484863,0.5593001842498779,-0.25814008712768555
1788893146060610000,43.97361010742188,-1.2037787437438965,0.6437525749206543,-0.21792519092559814
1788893146070629600,43.98362963867187,-1.4144949913024902,0.7478694915771484,-0.21738731861114502
1788893146080650000,43.99364990234375,-1.6041831970214844,0.8443615436553955,-0.14749109745025635
1788893146090670600,44.003670654296876,-1.7777376174926758,0.9285707473754883,-0.14272606372833252
1788893146100691700,44.013691650390626,-1.9066071510314941,1.0245256423950195,-0.15578317642211914
1788893146110713300,44.02371337890625,-2.009960651397705,1.10801100730896,-0.12851619720458984
1788893146120735500,44.03373559570313,-2.1212210655212402,1.155388593673706,-0.051628708839416504
1788893146130758000,44.0437578125,-2.3311057090759277,1.201038122177124,0.1207895278930664
1788893146140780500,44.053780517578126,-2.662808418273926,1.2701189517974854,0.2924588918685913
1788893146150803700,44.0638037109375,-3.1582388877868652,1.378880262374878,0.47726213932037354
1788893146160827000,44.07382690429687,-3.7631287574768066,1.496814250946045,0.6988838911056519
1788893146170850000,44.08385009765625,-4.395045280456543,1.6071350574493408,0.8512698411941528
1788893146180878800,44.09387890625,-4.8668084144592285,1.71209716796875,0.9185267090797424
1788893146190895000,44.10389501953125,-5.05905818939209,1.706876516342163,0.9337993264198303
1788893146200912000,44.11391186523438,-5.025128364562988,1.7668704986572266,0.6354244947433472
1788893146210928600,44.1239287109375,-4.665878772735596,1.7029600143432617,0.5982600450515747
1788893146220946200,44.1339462890625,-4.007875442504883,1.4550652503967285,0.6127176284790039
1788893146230964200,44.143964111328124,-3.1305160522460938,1.0539183616638184,0.5692780017852783
1788893146240983000,44.153983154296874,-2.3197803497314453,0.31103038787841797,0.8196882009506226
1788893146251002600,44.164002685546876,-1.5401921272277832,-0.45803260803222656,1.22507643699646
1788893146261023000,44.17402294921875,-0.8475217819213867,-0.8099560737609863,1.4035093784332275
1788893146271044400,44.18404443359375,-0.6477265357971191,-0.726442813873291,0.9439373016357422
1788893146281066200,44.19406616210937,-0.7524547576904297,-0.519071102142334,0.12894177436828613
1788893146291089200,44.20408911132812,-0.7969684600830078,-0.17615318298339844,-0.8186109066009521
1788893146301112600,44.214112548828126,0.013280868530273438,-0.060044288635253906,-2.20872163772583
1788893146311136300,44.22413623046875,1.1707887649536133,-0.24060440063476562,-3.320678234100342
1788893146321160700,44.23416064453125,2.634012222290039,-0.9867563247680664,-4.015462398529053
1788893146331185200,44.24418505859375,4.306236267089844,-2.1143360137939453,-4.203481197357178
1788893146341209900,44.2542099609375,5.961338043212891,-3.300131320953369,-3.7569940090179443
1788893146351232000,44.26423193359375,7.213067054748535,-4.319606781005859,-2.853132963180542
1788893146361254000,44.27425390625,8.018735885620117,-4.797305583953857,-2.296250820159912
1788893146371276000,44.28427612304687,8.257646560668945,-4.520829677581787,-2.1645889282226562
1788893146381303600,44.294303466796876,8.19873046875,-4.243226528167725,-1.966604471206665
1788893146391319800,44.30431982421875,7.905208587646484,-4.018415927886963,-1.2445075511932373
1788893146401336000,44.31433618164063,7.140718460083008,-4.091090679168701,-0.34198498725891113
1788893146411352800,44.324352783203125,5.549936294555664,-4.399409294128418,0.2707936763763428
1788893146421370000,44.3343701171875,3.907197952270508,-4.416696548461914,0.6059000492095947
1788893146431388000,44.34438793945313,2.377110481262207,-4.1060709953308105,0.9758683443069458
1788893146441406700,44.35440673828125,0.9553442001342773,-3.607118606567383,1.2204813957214355
1788893146451426300,44.36442626953125,-0.18759441375732422,-2.9793238639831543,1.4539211988449097
1788893146461446700,44.37444677734375,-1.1565337181091309,-2.4050850868225098,1.6239407062530518
1788893146471468000,44.38446801757812,-1.7759613990783691,-2.002629280090332,1.8719085454940796
1788893146481490200,44.394490234375,-1.8575968742370605,-1.692338466644287,2.138498306274414
1788893146491513000,44.40451318359375,-1.6686582565307617,-1.5609798431396484,2.4526805877685547
1788893146501536500,44.41453662109375,-1.4809026718139648,-1.4909024238586426,2.6901135444641113
1788893146511560700,44.42456079101562,-1.307438850402832,-1.4069623947143555,2.7857980728149414
1788893146521585400,44.43458544921875,-1.2420358657836914,-1.3473930358886719,2.7977118492126465
1788893146531610000,44.44461010742187,-1.2391080856323242,-1.2822141647338867,2.7266154289245605
1788893146541635000,44.454635009765624,-1.1231775283813477,-1.2421197891235352,2.642235040664673
1788893146551659500,44.464659423828124,-1.1102962493896484,-1.2380189895629883,2.458324909210205
1788893146561681000,44.474680908203126,-1.1431303024291992,-1.2514872550964355,2.300671339035034
1788893146571699500,44.484699462890624,-1.1599645614624023,-1.2164039611816406,2.1162068843841553
1788893146581718000,44.49471801757812,-1.0042071342468262,-1.1344962120056152,1.9375033378601074
1788893146591737000,44.50473706054687,-0.7729239463806152,-1.103440761566162,1.7404000759124756
1788893146601756400,44.51475634765625,-0.572115421295166,-1.1678547859191895,1.54523766040802
1788893146611776300,44.5247763671875,-0.42093658447265625,-1.328343391418457,1.34893000125885
1788893146621796600,44.534796630859375,-0.3813362121582031,-1.5183782577514648,1.1482337713241577
1788893146631817200,44.544817138671874,-0.4898958206176758,-1.6932892799377441,0.9457200169563293
1788893146641838600,44.55483862304688,-0.6969561576843262,-1.7984604835510254,0.7149291038513184
1788893146651860200,44.56486010742187,-0.9526896476745605,-1.8501582145690918,0.48552268743515015
1788893146661882400,44.57488232421875,-1.0547451972961426,-1.888582706451416,0.252815306186676
1788893146671904800,44.58490478515625,-0.988253116607666,-1.9455771446228027,0.05621582269668579
1788893146681927400,44.594927490234376,-0.9204831123352051,-1.9824814796447754,-0.14415371417999268
1788893146691950600,44.60495068359375,-0.8559250831604004,-1.9844474792480469,-0.32668328285217285
1788893146701973800,44.61497387695312,-0.8371033668518066,-1.94578218460083,-0.5369778275489807
1788893146711997000,44.62499682617187,-0.8444533348083496,-1.8419008255004883,-0.6911315321922302
1788893146722025700,44.635025634765626,-1.0780014991760254,-1.7670941352844238,-0.44140371680259705
1788893146732042000,44.6450419921875,-1.315943717956543,-1.6079692840576172,-0.4219646453857422
1788893146742058800,44.65505883789063,-1.5718469619750977,-1.4347176551818848,-0.4747082591056824
1788893146752075800,44.66507568359375,-1.859281063079834,-1.303220272064209,-0.35590100288391113
1788893146762093300,44.67509326171875,-2.1633620262145996,-1.1981606483459473,-0.20493051409721375
1788893146772111400,44.685111328125,-2.459714889526367,-1.071183204650879,-0.15953773260116577
1788893146782130200,44.695130126953124,-2.734161853790283,-0.9232077598571777,-0.13229504227638245
1788893146792149800,44.705149658203126,-3.0197882652282715,-0.759030818939209,-0.12752938270568848
1788893146802170400,44.71517041015625,-3.187300682067871,-0.6030678749084473,-0.10094970464706421
1788893146812191500,44.72519140625,-3.342113494873047,-0.471097469329834,-0.07937252521514893
1788893146822213600,44.735213623046874,-3.522423267364502,-0.3454861640930176,-0.013403356075286865
1788893146832236500,44.745236572265625,-3.737257480621338,-0.2076878547668457,0.07185465097427368
1788893146842260000,44.75526000976563,-3.8378758430480957,-0.09606456756591797,0.20699721574783325
1788893146852284000,44.765283935546876,-3.852950096130371,0.0024271011352539062,0.2588842511177063
1788893146862308400,44.775308349609375,-3.849517822265625,0.11019086837768555,0.3703194260597229
1788893146872332800,44.785332763671875,-3.765237808227539,0.2212843894958496,0.47383809089660645
1788893146882357500,44.795357421875,-3.566990852355957,0.3772010803222656,0.42481815814971924
1788893146892382200,44.80538232421875,-3.236321449279785,0.5187921524047852,0.341854453086853
1788893146902403600,44.81540356445313,-2.8228678703308105,0.6006245613098145,0.2888510227203369
1788893146912424700,44.8254248046875,-2.4195570945739746,0.5442314147949219,0.11407923698425293
1788893146922443300,44.835443359375,-1.905261516571045,0.4090590476989746,-0.13774967193603516
1788893146932462000,44.84546215820313,-1.3028216361999512,0.22018003463745117,-0.2473149299621582
1788893146942481200,44.85548120117188,-0.8307008743286133,0.0695333480834961,-0.1997373104095459
1788893146952500500,44.86550048828125,-0.5103721618652344,0.0019526481628417969,-0.1758432388305664
1788893146962520300,44.87552026367187,-0.3750319480895996,-0.060047149658203125,-0.09131097793579102
1788893146972540400,44.88554052734375,-0.3363499641418457,-0.0583343505859375,-0.06722688674926758
1788893146982561300,44.89556127929688,-0.40215253829956055,0.03340005874633789,-0.20091629028320312
1788893146992582400,44.90558251953125,-0.3486819267272949,0.1359562873840332,-0.5361692905426025
1788893147002604000,44.91560400390625,0.06865882873535156,0.12458658218383789,-0.8098201751708984
1788893147012626200,44.92562622070312,0.7968106269836426,-0.21758222579956055,-1.058234691619873
1788893147022648800,44.93564892578125,1.5264286994934082,-0.645754337310791,-0.7406411170959473
1788893147032671500,44.94567138671875,2.678150177001953,-1.269935131072998,-0.8662028312683105
1788893147042694700,44.955694580078124,4.134591579437256,-1.8920869827270508,-1.4712824821472168
1788893147052717800,44.9657177734375,5.569213390350342,-2.4561333656311035,-1.5794100761413574
1788893147062741200,44.9757412109375,6.36961030960083,-3.1568078994750977,-1.1072959899902344
1788893147072770000,44.98577001953125,6.170443534851074,-3.67153263092041,-0.28820276260375977
1788893147082786300,44.99578637695313,5.020970344543457,-4.440581798553467,-0.02682018280029297
1788893147092803000,45.005802978515625,3.3902854919433594,-4.685460090637207,-0.2012195587158203
1788893147102820000,45.015820068359375,1.7647738456726074,-4.4435811042785645,-0.09099626541137695
1788893147112837600,45.025837646484376,0.5638408660888672,-4.150078773498535,0.13843059539794922
1788893147122855700,45.03585571289062,-0.46474218368530273,-3.6319680213928223,0.053191184997558594
1788893147132874500,45.04587451171875,-1.2629132270812988,-2.3833885192871094,-0.00223541259765625
1788893147142894000,45.05589404296875,-1.9823265075683594,-2.305431842803955,-0.8027067184448242
1788893147152914700,45.06591479492187,-2.6192827224731445,-1.458230972290039,-0.9839582443237305
1788893147162935800,45.075935791015624,-2.426858425140381,-0.7774925231933594,-0.9401512145996094
1788893147172958000,45.0859580078125,-1.9212722778320312,-0.37899160385131836,-1.3784785270690918
1788893147182980900,45.09598095703125,-1.1971707344055176,-0.07888936996459961,-1.89292573928833
1788893147193004300,45.10600439453125,-0.4717545509338379,0.10958671569824219,-2.132514476776123
1788893147203028200,45.1160283203125,0.03644275665283203,0.31785106658935547,-2.390717029571533
1788893147213052700,45.126052734375,0.632904052734375,0.662935733795166,-2.556933879852295
1788893147223077000,45.1360771484375,0.9858851432800293,1.0185437202453613,-2.5895633697509766
1788893147233101800,45.14610180664062,1.118462085723877,1.3430747985839844,-2.5163111686706543
1788893147243124000,45.1561240234375,1.1608505249023438,1.7247567176818848,-2.365118980407715
1788893147253146000,45.16614599609375,1.098945140838623,2.003812789916992,-2.060274600982666
1788893147263168300,45.17616821289062,1.0060548782348633,2.189578056335449,-1.5828313827514648
1788893147273195800,45.18619580078125,0.9033598899841309,2.296555995941162,-1.1137852668762207
1788893147283212000,45.1962119140625,0.7729935646057129,2.3275585174560547,-0.7888054847717285
1788893147293228300,45.20622827148438,0.635622501373291,2.3297977447509766,-0.43852949142456055
1788893147303245000,45.2162451171875,0.6322035789489746,2.3461380004882812,-0.1558365821838379
1788893147313262600,45.2262626953125,0.7180209159851074,2.3658223152160645,0.021941661834716797
1788893147323280400,45.2362802734375,0.7731609344482422,2.369032859802246,0.11581039428710938
1788893147333299200,45.24629931640625,0.7739958763122559,2.4037952423095703,0.18893671035766602
1788893147343318800,45.25631884765625,0.7884044647216797,2.4797873497009277,0.29556989669799805
1788893147353339100,45.26633911132812,0.7462100982666016,2.564383029937744,0.37964725494384766
1788893147363360500,45.276360595703125,0.700934886932373,2.60646390914917,0.42160701751708984
1788893147373382700,45.28638256835937,0.7543587684631348,2.6126632690429688,0.43566370010375977
1788893147383405800,45.29640576171875,0.8622307777404785,2.5410208702087402,0.4097471237182617
1788893147393429500,45.30642944335938,1.0523004531860352,2.344484806060791,0.41387939453125
1788893147403453700,45.31645361328125,1.246932029724121,2.095200538635254,0.451108455657959
1788893147413478100,45.32647802734375,1.355888843536377,1.879241943359375,0.5076820850372314
1788893147423503000,45.33650317382813,1.2850708961486816,1.7636475563049316,0.4509596824645996
1788893147433528000,45.34652807617187,1.2179064750671387,1.6724495887756348,0.36805248260498047
1788893147443552500,45.35655249023438,1.127978801727295,1.5825905799865723,0.30374622344970703
1788893147453574000,45.36657397460937,1.0264549255371094,1.5568599700927734,0.31162261962890625
1788893147463592400,45.37659252929687,0.9099230766296387,1.5046815872192383,0.28777217864990234
1788893147473611000,45.38661108398438,0.7750234603881836,1.3782658576965332,0.1913585662841797
1788893147483630000,45.39663012695313,0.6657500267028809,1.282557487487793,0.1246957778930664
1788893147493649700,45.40664965820312,0.5589046478271484,1.150564193725586,0.29424142837524414
1788893147503669500,45.41666943359375,0.4172539710998535,1.015861988067627,0.4762585163116455
1788893147513689900,45.42668994140625,0.16499567031860352,0.9119577407836914,0.7191076278686523
1788893147523710500,45.43671044921875,-0.13018083572387695,0.8159360885620117,1.002838373184204
1788893147533731800,45.44673193359375,-0.3915705680847168,0.7343463897705078,1.2964978218078613
1788893147543753500,45.45675341796875,-0.5521330833435059,0.6685070991516113,1.5174472332000732
1788893147553775600,45.466775634765625,-0.6799807548522949,0.6188106536865234,1.6495389938354492
1788893147563798000,45.476798095703124,-0.7468633651733398,0.557708740234375,1.757990837097168
1788893147573821000,45.486821044921875,-0.7444367408752441,0.4949216842651367,1.812605381011963
1788893147583844000,45.496843994140626,-0.6508364677429199,0.4011654853820801,1.873854160308838
1788893147593867300,45.5068671875,-0.5445032119750977,0.2849454879760742,1.9406476020812988
1788893147603890700,45.516890625,-0.4702162742614746,0.1596360206604004,1.9210357666015625
1788893147613919200,45.526919189453125,-0.4443941116333008,0.005476474761962891,1.9993305206298828
1788893147623935700,45.53693579101562,-0.4254884719848633,-0.1291646957397461,2.086538076400757
1788893147633952500,45.54695239257813,-0.42896509170532227,-0.2772045135498047,2.0800182819366455
1788893147643969300,45.55696923828125,-0.4207596778869629,-0.41408491134643555,1.9655952453613281
1788893147653986800,45.56698681640625,-0.4950127601623535,-0.5309300422668457,1.688734769821167
1788893147664005000,45.577005126953125,-0.6570267677307129,-0.6272287368774414,1.4458632469177246
1788893147674024000,45.58702392578125,-0.8531780242919922,-0.8079466819763184,1.1016457080841064
1788893147684043500,45.59704345703125,-0.984673023223877,-1.035794734954834,0.39986562728881836
1788893147694064000,45.607064208984376,-0.7599577903747559,-1.2697548866271973,-0.17298603057861328
1788893147704085500,45.61708544921875,-0.25144433975219727,-1.5643038749694824,-1.092371940612793
1788893147714107600,45.627107666015625,0.4964437484741211,-1.7921271324157715,-1.9195523262023926
1788893147724130600,45.637130615234376,1.648416519165039,-2.260830879211426,-2.3429670333862305
1788893147734154000,45.64715405273437,2.545681953430176,-2.9154744148254395,-2.556839942932129
1788893147744178000,45.65717797851563,3.0529932975769043,-3.269726276397705,-2.4015884399414062
1788893147754202400,45.667202392578126,3.2902565002441406,-3.3574414253234863,-1.8417277336120605
1788893147764227000,45.67722705078125,3.104198455810547,-3.4789700508117676,-1.4337072372436523
1788893147774251800,45.68725170898438,2.320456027984619,-3.3723583221435547,-1.1201119422912598
1788893147784276500,45.6972763671875,1.394300937652588,-3.0490827560424805,-0.9018192291259766
1788893147794297900,45.7072978515625,0.659703254699707,-2.6826400756835938,-0.8519964218139648
1788893147804316400,45.71731640625,0.04712963104248047,-2.433084011077881,-0.7955608367919922
1788893147814335200,45.72733520507813,-0.34273338317871094,-2.2381715774536133,-0.6631975173950195
1788893147824354300,45.73735424804688,-0.44128847122192383,-2.0872373580932617,-0.564185619354248
1788893147834374000,45.74737377929687,-0.18721294403076172,-2.1029887199401855,-0.48332738876342773
1788893147844393700,45.757393798828126,0.32024526596069336,-2.2193355560302734,-0.28577613830566406
1788893147854413800,45.76741381835937,0.7300200462341309,-2.2467288970947266,-0.25049257278442383
1788893147864434700,45.7774345703125,0.9105987548828125,-2.129002094268799,-0.3858962059020996
1788893147874456000,45.7874560546875,0.9413332939147949,-1.87504243850708,-0.5631537437438965
1788893147884477700,45.79747778320313,0.8891305923461914,-1.5970158576965332,-0.6378335952758789
1788893147894499800,45.807499755859375,0.6881270408630371,-1.3195576667785645,-0.6992893218994141
1788893147904522200,45.817522216796874,0.3782014846801758,-1.0857791900634766,-0.6930098533630371
1788893147914545200,45.827545166015625,0.04250812530517578,-0.8613085746765137,-0.650789737701416
1788893147924568300,45.837568359375,-0.28861045837402344,-0.6501426696777344,-0.6758532524108887
1788893147934591500,45.84759155273437,-0.6182990074157715,-0.44673776626586914,-0.7658066749572754
1788893147944614700,45.85761474609375,-1.0556797981262207,-0.29296398162841797,-0.5858340263366699
1788893147954643500,45.8676435546875,-1.5327811241149902,-0.1579456329345703,-0.457256555557251
1788893147964660000,45.87765991210937,-2.0104589462280273,0.01737356185913086,-0.43264269828796387
1788893147974676700,45.8876767578125,-2.4115400314331055,0.2296924591064453,-0.3542909622192383
1788893147984693800,45.89769384765625,-2.749758720397949,0.4325108528137207,-0.3129410743713379
1788893147994711300,45.90771118164062,-2.96675443649292,0.6705741882324219,-0.25541114807128906
1788893148004729300,45.917729248046875,-3.128448486328125,0.8828825950622559,-0.23294711112976074
1788893148014748400,45.92774853515625,-3.2438387870788574,1.0556845664978027,-0.2970409393310547
1788893148024768000,45.93776806640625,-3.2503771781921387,1.226846694946289,-0.4312467575073242
1788893148034788600,45.94778857421875,-3.253173828125,1.3569469451904297,-0.6093101501464844
1788893148044810000,45.95781005859375,-3.1950979232788086,1.4258084297180176,-0.7630612850189209
1788893148054832000,45.96783203125,-3.0720367431640625,1.4944543838500977,-0.8873462677001953
1788893148064855000,45.97785498046875,-2.8990464210510254,1.5749893188476562,-1.0426170825958252
1788893148074878500,45.98787841796875,-2.7485270500183105,1.6749382019042969,-1.1797707080841064
1788893148084902400,45.99790234375,-2.516514301300049,1.740464210510254,-1.3811314105987549
1788893148094926800,46.0079267578125,-2.1762256622314453,1.7468013763427734,-1.5965943336486816
1788893148104951600,46.01795166015625,-1.7487177848815918,1.7257905006408691,-1.6650841236114502
1788893148114976300,46.02797631835937,-1.2889246940612793,1.6557507514953613,-1.6786184310913086
1788893148125001000,46.0380009765625,-0.865349292755127,1.530503273010254,-1.6287870407104492
1788893148135022300,46.04802221679687,-0.5074505805969238,1.3736867904663086,-1.5169224739074707
1788893148145041000,46.058041015625,-0.15341520309448242,1.323880672454834,-1.697392463684082
1788893148155059700,46.06805981445312,0.11970186233520508,1.1891169548034668,-1.6968727111816406
1788893148165078800,46.07807885742187,0.2972092628479004,1.1039505004882812,-1.6132400035858154
1788893148175098000,46.08809814453125,0.44591569900512695,1.0458788871765137,-1.5543491840362549
1788893148185118000,46.098117919921876,0.536430835723877,0.9778013229370117,-1.5851929187774658
1788893148195138300,46.10813818359375,0.6345815658569336,0.8486232757568359,-1.6520938873291016
1788893148205159200,46.1181591796875,0.6727085113525391,0.678070068359375,-1.6850166320800781
1788893148215180300,46.12818017578125,0.5800766944885254,0.47157859802246094,-1.6257991790771484
1788893148225202200,46.1382021484375,0.4930548667907715,0.3062429428100586,-1.6621813774108887
1788893148235224000,46.14822412109375,0.48459577560424805,0.3063020706176758,-2.1833763122558594
1788893148245246700,46.158246826171876,0.671022891998291,0.380770206451416,-2.7265148162841797
1788893148255269400,46.168269287109375,1.0673089027404785,0.2135906219482422,-3.140747547149658
1788893148265292500,46.17829248046875,1.4731569290161133,-0.15258312225341797,-3.5958361625671387
1788893148275315700,46.18831567382812,1.8305325508117676,-0.5521888732910156,-3.8421497344970703
1788893148285339100,46.198339111328124,2.0858020782470703,-0.8758955001831055,-3.9630985260009766
1788893148295368000,46.208367919921876,2.396986961364746,-1.0367608070373535,-3.869688034057617
1788893148305384400,46.218384521484374,2.5210700035095215,-1.0961523056030273,-3.3861050605773926
1788893148315401500,46.2284013671875,2.413139820098877,-1.1290574073791504,-2.669130325317383
1788893148325418500,46.23841845703125,1.8024115562438965,-0.9549751281738281,-1.6620230674743652
1788893148335436000,46.24843603515625,0.9529962539672852,-0.6538734436035156,-0.6897592544555664
1788893148345454300,46.25845434570312,0.14642906188964844,-0.1764826774597168,0.08893394470214844
1788893148355473400,46.26847338867187,-0.5282206535339355,0.32923078536987305,0.7402224540710449
1788893148365493000,46.278492919921874,-1.2032470703125,0.49891233444213867,0.9949688911437988
1788893148375513600,46.288513671875,-1.7641448974609375,0.6359672546386719,1.3999583721160889
1788893148385535000,46.298534912109375,-2.0270066261291504,0.8455395698547363,1.7540335655212402
1788893148395557000,46.30855712890625,-1.914689540863037,0.9906039237976074,1.9725584983825684
1788893148405580000,46.318580078125,-1.4464693069458008,1.071876049041748,2.1340644359588623
1788893148415603700,46.32860375976563,-0.6660265922546387,1.122185230255127,1.940816879272461
1788893148425627600,46.338627685546875,0.19162940979003906,1.1450352668762207,1.650956630706787
1788893148435652000,46.348652099609374,1.0980443954467773,1.1059818267822266,1.3084912300109863
1788893148445676800,46.3586767578125,1.9383430480957031,1.0934405326843262,0.8827300071716309
1788893148455701500,46.368701416015625,2.669478416442871,1.145270824432373,0.38939476013183594
1788893148465725700,46.3787255859375,3.3047289848327637,1.1322650909423828,-0.14216995239257812
1788893148475747000,46.3887470703125,3.7172813415527344,1.0169095993041992,-0.4885845184326172
1788893148485765600,46.398765625,3.9590988159179688,0.7783722877502441,-0.4991636276245117
1788893148495784400,46.40878442382812,3.9702301025390625,0.6941399574279785,-0.4485921859741211
1788893148505803500,46.418803466796874,3.730288028717041,0.6226406097412109,-0.2735152244567871
1788893148515822800,46.42882275390625,3.299799919128418,0.5529346466064453,0.00055694580078125
1788893148525842700,46.4388427734375,2.538862705230713,0.7294325828552246,0.30731773376464844
1788893148535863000,46.448863037109376,1.6853880882263184,0.996147632598877,0.4978947639465332
1788893148545884000,46.4588837890625,0.9443902969360352,1.2620573043823242,0.5567617416381836
1788893148555905000,46.46890502929688,0.2478938102722168,1.421402931213379,0.7370905876159668
1788893148565927000,46.478927001953124,-0.3977322578430176,1.506873607635498,0.7599039077758789
1788893148575949000,46.48894897460937,-0.866701602935791,1.5921483039855957,0.7366175651550293
1788893148585971500,46.49897143554688,-1.1852478981018066,1.6626086235046387,0.6336722373962402
1788893148595994400,46.50899438476562,-1.4372563362121582,1.722238540649414,0.6184978485107422
1788893148606017500,46.519017578125,-1.6069560050964355,1.7132792472839355,0.6034684181213379
1788893148616040700,46.529040771484375,-1.6524553298950195,1.620955467224121,0.6317086219787598
1788893148626064100,46.53906420898438,-1.5759458541870117,1.5110230445861816,0.7932000160217285
1788893148636093000,46.54909301757812,-1.4135165214538574,1.3386073112487793,1.019925832748413
1788893148646109400,46.559109375,-1.2166719436645508,1.1590261459350586,1.218806266784668
1788893148656126200,46.569126220703126,-1.045459270477295,1.0146183967590332,1.4157335758209229
1788893148666143200,46.579143310546876,-0.8926854133605957,0.9142327308654785,1.5842700004577637
1788893148676160800,46.58916088867188,-0.7795205116271973,0.8764305114746094,1.7413091659545898
1788893148686178800,46.5991787109375,-0.7125716209411621,0.8770780563354492,1.8081159591674805
1788893148696198000,46.609197998046874,-0.5596098899841309,0.8824176788330078,1.7211260795593262
1788893148706217500,46.619217529296876,-0.2601346969604492,0.8244671821594238,1.5903327465057373
1788893148716238000,46.629238037109374,0.045525550842285156,0.7111630439758301,1.5071818828582764
1788893148726259500,46.63925952148438,0.3029451370239258,0.5453653335571289,1.4816429615020752
1788893148736281600,46.649281494140624,0.4764518737792969,0.40663862228393555,1.4082269668579102
1788893148746304500,46.659304443359375,0.5789532661437988,0.27980756759643555,1.4249892234802246
1788893148756328000,46.66932788085938,0.6801090240478516,0.18514776229858398,1.509079933166504
1788893148766352000,46.679351806640625,0.8647637367248535,0.05770730972290039,1.6187541484832764
1788893148776376300,46.689376220703124,1.0431313514709473,-0.010833740234375,1.5537331104278564
1788893148786401000,46.699401123046876,1.0679373741149902,-0.09608650207519531,1.3762731552124023
1788893148796425700,46.70942578125,1.089334487915039,-0.20168161392211914,1.106217384338379
1788893148806447900,46.71944775390625,1.0340685844421387,-0.37514543533325195,0.8137636184692383
1788893148816470000,46.72946997070313,0.9392852783203125,-0.7076950073242188,0.5034933090209961
1788893148826497500,46.73949755859375,0.9249329566955566,-1.0476207733154297,0.020126819610595703
1788893148836514800,46.74951489257813,1.0811266899108887,-1.3146710395812988,-0.5540504455566406
1788893148846532000,46.759531982421876,1.514784336090088,-1.6009912490844727,-1.11991548538208
1788893148856549600,46.76954956054688,1.8502297401428223,-1.9607734680175781,-1.2675504684448242
1788893148866568000,46.77956787109375,2.09305477142334,-2.279315948486328,-1.3515572547912598
1788893148876586500,46.78958642578125,2.3803000450134277,-2.437413215637207,-1.3266167640686035
1788893148886605600,46.79960546875,2.553633689880371,-2.429971694946289,-1.0280122756958008
1788893148896625700,46.80962573242188,2.4174718856811523,-2.32211971282959,-0.5696840286254883
1788893148906646300,46.81964624023438,2.036375045776367,-2.158595561981201,-0.0694437026977539
1788893148916667400,46.82966748046875,1.4506440162658691,-1.9887418746948242,0.1649942398071289
1788893148926689500,46.839689453125,0.6488938331604004,-1.7096805572509766,0.28802490234375
1788893148936712200,46.849712158203126,-0.19094085693359375,-1.5002589225769043,0.4136223793029785
1788893148946735400,46.8597353515625,-0.8449125289916992,-1.3289527893066406,0.3680553436279297
1788893148956759000,46.869759033203124,-1.3357653617858887,-1.208543300628662,0.21039438247680664
1788893148966783200,46.879783203125,-1.5637469291687012,-1.1048188209533691,-0.016294002532958984
1788893148976807400,46.88980737304688,-1.5688958168029785,-1.06242036819458,-0.2535514831542969
1788893148986832000,46.89983178710938,-1.3261852264404297,-1.141218662261963,-0.4829850196838379
1788893148996856000,46.90985595703125,-0.8293900489807129,-1.2967543601989746,-0.7182064056396484
1788893149006877400,46.91987744140625,-0.182159423828125,-1.4421463012695312,-1.0629944801330566
1788893149016896000,46.92989599609375,0.43976736068725586,-1.6768789291381836,-1.1300978660583496
1788893149026914800,46.939914794921876,0.8994965553283691,-1.787341594696045,-1.071047306060791
1788893149036934100,46.94993408203125,1.2616119384765625,-1.754739761352539,-1.028860092163086
1788893149046953500,46.95995336914063,1.5037822723388672,-1.6648554801940918,-0.9048452377319336
1788893149056973300,46.969973388671875,1.5872611999511719,-1.4732956886291504,-0.7510027885437012
1788893149066993700,46.97999365234375,1.565439224243164,-1.322096347808838,-0.6652264595031738
1788893149077014500,46.9900146484375,1.4640789031982422,-1.1243410110473633,-0.551513671875
1788893149087036000,47.000035888671874,1.147536277770996,-0.855219841003418,-0.4893147945404053
1788893149097057800,47.01005786132812,0.6049952507019043,-0.5416684150695801,-0.5535829067230225
1788893149107080000,47.020079833984376,0.026199817657470703,-0.23502588272094727,-0.6890366077423096
1788893149117102300,47.030102294921875,-0.48534393310546875,0.11368751525878906,-0.8346538543701172
1788893149127125200,47.040125244140626,-1.017652988433838,0.3570075035095215,-0.7851829528808594
1788893149137148400,47.0501484375,-1.5110888481140137,0.6685318946838379,-0.7865831851959229
1788893149147171600,47.06017163085937,-1.9072980880737305,0.9770717620849609,-0.8413972854614258
1788893149157195000,47.070195068359375,-2.2343907356262207,1.2974982261657715,-0.857048511505127
1788893149167223800,47.08022387695313,-2.4832277297973633,1.6105427742004395,-0.8092834949493408
1788893149177240000,47.09023999023437,-2.678149700164795,1.9258089065551758,-0.8129901885986328
1788893149187256800,47.1002568359375,-2.7818894386291504,2.1808652877807617,-0.8786187171936035
1788893149197273600,47.11027368164063,-2.7390151023864746,2.360538959503174,-0.8411211967468262
1788893149207291100,47.120291015625,-2.5891804695129395,2.473426342010498,-0.7061705589294434
1788893149217309200,47.13030908203125,-2.4053430557250977,2.5990710258483887,-0.7547543048858643
1788893149227328000,47.140327880859374,-2.1650338172912598,2.730113983154297,-1.0317649841308594
1788893149237347800,47.15034790039063,-1.8029184341430664,2.8064308166503906,-1.408890724182129
1788893149247368200,47.1603681640625,-1.4683842658996582,2.8208580017089844,-1.761613368988037
1788893149257389600,47.1703896484375,-1.1635751724243164,2.7560415267944336,-2.0866291522979736
1788893149267412000,47.180411865234376,-0.928502082824707,2.6383566856384277,-2.190234422683716
1788893149277435000,47.19043481445313,-0.821220874786377,2.552684783935547,-2.09486985206604
1788893149287458600,47.20045849609375,-0.7844724655151367,2.4753952026367188,-1.9792776107788086
1788893149297482500,47.210482421875,-0.741950511932373,2.422407627105713,-2.006859540939331
1788893149307507200,47.22050708007812,-0.5648183822631836,2.3240108489990234,-2.05478572845459
1788893149317532200,47.2305322265625,-0.23005247116088867,2.146960735321045,-1.9293818473815918
1788893149327557000,47.24055712890625,-0.019727706909179688,2.00111722946167,-1.9361958503723145
1788893149337581600,47.25058154296875,0.25368642807006836,1.7675509452819824,-2.2221317291259766
1788893149347603000,47.26060302734375,0.5716538429260254,1.4936370849609375,-2.420485734939575
1788893149357624300,47.27062426757813,0.7866911888122559,1.2651219367980957,-2.539332628250122
1788893149367643000,47.28064282226563,0.9041972160339355,1.0248398780822754,-2.5083096027374268
1788893149377661700,47.29066162109375,0.9631080627441406,0.7838115692138672,-2.3790225982666016
1788893149387680800,47.3006806640625,0.954808235168457,0.5203166007995605,-2.1124799251556396
1788893149397700400,47.31070043945312,0.9812717437744141,0.2366623878479004,-1.8156354427337646
1788893149407720200,47.32072021484375,1.0495195388793945,0.05416440963745117,-1.8356354236602783
1788893149417740500,47.33074047851562,1.1135454177856445,-0.08337259292602539,-2.084416627883911
1788893149427761400,47.34076147460937,1.362541675567627,-0.2661905288696289,-2.4525294303894043
1788893149437782800,47.35078271484375,2.039607048034668,-0.5916409492492676,-2.870075225830078
1788893149447804400,47.36080444335938,2.92893123626709,-1.093076229095459,-3.0029990673065186
1788893149457826600,47.37082666015625,3.599358081817627,-1.641909122467041,-3.212033271789551
1788893149467849200,47.38084912109375,4.137594699859619,-1.8949098587036133,-2.8791582584381104
1788893149477872000,47.3908720703125,4.461665153503418,-1.923353672027588,-2.2006866931915283
1788893149487895300,47.40089526367188,4.666448593139648,-1.5562238693237305,-1.2800827026367188
1788893149497918500,47.41091845703125,4.496065616607666,-1.2709193229675293,-0.2608613967895508
1788893149507942000,47.42094189453125,3.8003225326538086,-1.2072672843933105,0.40491604804992676
1788893149517970700,47.430970703125,2.522817611694336,-0.8763823509216309,0.8038911819458008
1788893149527987200,47.4409873046875,1.1148419380187988,-0.3387165069580078,1.0724821090698242
1788893149538004000,47.45100390625,-0.05238485336303711,0.18164587020874023,1.4209768772125244
1788893149548021000,47.46102099609375,-0.9717354774475098,0.5310907363891602,1.5268597602844238
1788893149558038500,47.47103857421875,-1.7843942642211914,0.8276700973510742,1.5663591623306274
1788893149568056800,47.48105688476563,-2.441499710083008,1.1310858726501465,1.55559504032135
1788893149578076000,47.49107592773437,-2.8711767196655273,1.2939252853393555,1.4056329727172852
1788893149588095500,47.50109545898437,-3.0366134643554688,1.286294937133789,1.122480869293213
1788893149598116000,47.5111162109375,-2.883007526397705,1.2965350151062012,0.8880517482757568
1788893149608137500,47.521137451171874,-2.3147315979003906,1.1325092315673828,0.5528888702392578
1788893149618159600,47.53115966796875,-1.5561175346374512,0.821110725402832,0.35247135162353516
1788893149628182500,47.5411826171875,-0.7964105606079102,0.5102419853210449,0.3167989253997803
1788893149638206200,47.55120629882813,-0.24324417114257812,0.30107736587524414,0.19279766082763672
1788893149648230100,47.561230224609375,0.10689926147460938,0.23830080032348633,-0.03345322608947754
1788893149658254600,47.571254638671874,0.3196578025817871,0.2469344139099121,-0.041121721267700195
1788893149668279600,47.581279541015626,0.2662358283996582,0.2980461120605469,0.09270596504211426
1788893149678304300,47.59130419921875,0.020002365112304688,0.39449596405029297,0.18899941444396973
1788893149688328700,47.60132861328125,-0.28900146484375,0.5257954597473145,0.24813413619995117
1788893149698350000,47.61135009765625,-0.4648256301879883,0.6375894546508789,0.23226380348205566
1788893149708369000,47.62136889648438,-0.5175104141235352,0.6552844047546387,0.2151937484741211
1788893149718387700,47.6313876953125,-0.5288944244384766,0.5847959518432617,0.30488133430480957
1788893149728406800,47.64140673828125,-0.5706663131713867,0.46452903747558594,0.5013298988342285
1788893149738426400,47.65142626953125,-0.7040653228759766,0.3665614128112793,0.6574938297271729
1788893149748446200,47.6614462890625,-0.9276762008666992,0.34894800186157227,0.7605631351470947
1788893149758466600,47.67146655273437,-1.2160472869873047,0.4031662940979004,0.8069710731506348
1788893149768487400,47.6814873046875,-1.4954948425292969,0.5159316062927246,0.7417161464691162
1788893149778508500,47.691508544921874,-1.7310171127319336,0.6257786750793457,0.5481092929840088
1788893149788530400,47.70153051757813,-1.8392682075500488,0.699338436126709,0.4603087902069092
1788893149798552600,47.711552490234375,-1.881248950958252,0.7021441459655762,0.3343534469604492
1788893149808575200,47.7215751953125,-1.813676357269287,0.6706371307373047,0.20717167854309082
1788893149818598100,47.73159814453125,-1.708437442779541,0.5789470672607422,0.2102346420288086
1788893149828621000,47.74162109375,-1.571375846862793,0.458864688873291,0.3191087245941162
1788893149838644500,47.75164453125,-1.431978702545166,0.32876157760620117,0.5704190731048584
1788893149848668000,47.76166796875,-1.2914953231811523,0.24082326889038086,0.8940107822418213
1788893149858696700,47.77169677734375,-1.1079258918762207,0.16186094284057617,1.229074239730835
1788893149868713200,47.781713134765624,-0.9008936882019043,0.11671161651611328,1.47237229347229
1788893149878730000,47.79172998046875,-0.7087864875793457,0.06316852569580078,1.617321491241455
1788893149888747000,47.8017470703125,-0.5369906425476074,-0.021729469299316406,1.7568063735961914
1788893149898764500,47.8117646484375,-0.33412837982177734,-0.09954977035522461,1.783231258392334
1788893149908782800,47.82178295898437,-0.06344175338745117,-0.1947617530822754,1.6428215503692627
1788893149918801700,47.8318017578125,0.28345251083374023,-0.3042573928833008,1.4610795974731445
1788893149928821500,47.841821533203124,0.6482791900634766,-0.45846128463745117,1.2682487964630127
1788893149938842000,47.85184204101562,1.0109062194824219,-0.687382698059082,1.1319975852966309
1788893149948863500,47.861863525390625,1.2809457778930664,-0.9918370246887207,1.0781989097595215
1788893149958885600,47.8718857421875,1.4661927223205566,-1.3204460144042969,0.8957393169403076
1788893149968908500,47.88190844726562,1.9081130027770996,-1.578437328338623,0.45863819122314453
1788893149978932200,47.89193212890625,2.7324681282043457,-1.8247218132019043,-0.04708671569824219
1788893149988956200,47.9019560546875,3.4548144340515137,-2.2413249015808105,-0.3203773498535156
1788893149998980600,47.911980712890625,3.934441089630127,-2.7083377838134766,-0.7464261054992676
1788893150009005300,47.92200537109375,4.395924091339111,-3.0359930992126465,-1.1712164878845215
1788893150019030300,47.9320302734375,4.8645477294921875,-3.139695644378662,-1.4535751342773438
1788893150029055000,47.94205493164063,5.157594680786133,-3.0820956230163574,-1.5662169456481934
1788893150039076400,47.95207641601562,5.100379467010498,-2.971771717071533,-1.547950267791748
1788893150049095000,47.96209497070313,4.577478408813477,-2.907133102416992,-1.4125418663024902
1788893150059113700,47.97211376953125,3.6090588569641113,-2.6700363159179688,-1.1446027755737305
1788893150069132800,47.9821328125,2.5545272827148438,-2.3667354583740234,-0.6961793899536133
1788893150079152400,47.99215234375,1.648679256439209,-2.031656265258789,-0.25728940963745117
1788893150089172200,48.002172119140624,0.7807378768920898,-1.7290115356445312,-0.06956195831298828
1788893150099192600,48.01219262695312,-0.0036077499389648438,-1.4618487358093262,0.06993961334228516
1788893150109213400,48.02221337890625,-0.6782660484313965,-1.1715774536132812,0.23010778427124023
1788893150119234800,48.03223486328125,-1.1657681465148926,-0.8477725982666016,0.40215635299682617
1788893150129256400,48.04225634765625,-1.4939837455749512,-0.7242569923400879,0.4776759147644043
1788893150139278600,48.052278564453125,-1.6442160606384277,-0.6426305770874023,0.5521440505981445
1788893150149301200,48.06230126953125,-1.4622745513916016,-0.5990314483642578,0.450714111328125
1788893150159324200,48.07232421875,-1.0680723190307617,-0.7401065826416016,0.35814905166625977
1788893150169347300,48.08234741210938,-0.6708817481994629,-0.8730416297912598,0.35997819900512695
1788893150179370500,48.09237060546875,-0.4683074951171875,-0.9142861366271973,0.42774081230163574
1788893150189394000,48.102393798828125,-0.35610008239746094,-0.8026423454284668,0.3402557373046875
1788893150199422700,48.11242260742188,-0.28635072708129883,-0.6056880950927734,0.207733154296875
1788893150209439500,48.122439453125,-0.3204069137573242,-0.3997001647949219,0.23569655418395996
1788893150219456300,48.132456298828124,-0.42357301712036133,-0.1595001220703125,0.07890844345092773
1788893150229473300,48.142473388671874,-0.4944896697998047,0.0630197525024414,-0.15743494033813477
1788893150239491000,48.152490966796876,-0.498629093170166,0.22556114196777344,-0.3344297409057617
1788893150249509400,48.16250927734375,-0.42168140411376953,0.370755672454834,-0.5187687873840332
1788893150259528400,48.172528564453124,-0.3599247932434082,0.48789119720458984,-0.6671204566955566
1788893150269548000,48.182548095703126,-0.32773494720458984,0.6000151634216309,-0.7932167053222656
1788893150279568600,48.192568603515625,-0.33906984329223633,0.730473518371582,-0.9058160781860352
1788893150289590300,48.20259033203125,-0.41254377365112305,0.8977560997009277,-1.041935682296753
1788893150299612400,48.2126123046875,-0.5322251319885254,1.1018757820129395,-1.117985725402832
1788893150309635300,48.22263525390625,-0.695770263671875,1.3769102096557617,-1.3124516010284424
1788893150319659000,48.23265893554687,-0.867466926574707,1.7187414169311523,-1.4544100761413574
1788893150329683200,48.24268310546875,-1.0306663513183594,2.0329346656799316,-1.53584623336792
1788893150339707600,48.25270776367187,-1.1546001434326172,2.311295509338379,-1.715968132019043
1788893150349732400,48.262732421875,-1.3198390007019043,2.511470317840576,-1.9353303909301758
1788893150359757000,48.27275708007812,-1.392313003540039,2.6627449989318848,-2.0784969329833984
1788893150369781200,48.28278125,-1.3964762687683105,2.812521457672119,-2.2110509872436523
1788893150379802600,48.292802734375,-1.3372139930725098,2.893578052520752,-2.192436456680298
1788893150389821200,48.3028212890625,-1.263075351715088,2.900674343109131,-2.098849058151245
1788893150399840000,48.31284008789063,-1.112534523010254,2.909935474395752,-2.045133113861084
1788893150409859300,48.322859375,-0.9388942718505859,2.9066553115844727,-1.965280294418335
1788893150419878700,48.33287866210937,-0.690516471862793,2.876217842102051,-1.852142095565796
1788893150429898500,48.3428984375,-0.4405231475830078,2.822880268096924,-1.6609373092651367
1788893150439919000,48.352919189453125,-0.16166114807128906,2.7747063636779785,-1.6383633613586426
1788893150449939700,48.362939697265624,0.1586141586303711,2.796935558319092,-1.8415443897247314
1788893150459961000,48.372961181640626,0.4657468795776367,2.74879789352417,-1.8818519115447998
1788893150469983000,48.38298291015625,0.7244386672973633,2.672055244445801,-1.9131824970245361
1788893150480005000,48.39300512695313,0.9132428169250488,2.598790168762207,-2.0230720043182373
1788893150490027800,48.40302783203125,1.0826339721679688,2.5853066444396973,-2.0746068954467773
1788893150500050700,48.41305078125,1.2847256660461426,2.5785274505615234,-2.000437021255493
1788893150510073900,48.42307397460937,1.4328975677490234,2.5780258178710938,-1.8960022926330566
1788893150520097000,48.433096923828124,1.4127259254455566,2.622196674346924,-1.8093304634094238
1788893150530120400,48.44312036132813,1.3929028511047363,2.4484806060791016,-1.5431151390075684
1788893150540149500,48.4531494140625,1.369849681854248,2.166792869567871,-1.3000209331512451
1788893150550166000,48.463166015625,1.1950640678405762,1.9004206657409668,-1.2696247100830078
1788893150560182500,48.4731826171875,1.3456473350524902,1.5566792488098145,-1.5878980159759521
1788893150570199600,48.483199462890624,1.745500087738037,1.2379369735717773,-2.130127429962158
1788893150580217000,48.493217041015626,2.2522478103637695,0.7123441696166992,-2.25866436958313
1788893150590235400,48.5032353515625,2.677598476409912,0.16609477996826172,-2.542001724243164
1788893150600254200,48.51325415039062,3.066967010498047,-0.3726797103881836,-2.802412748336792
1788893150610274000,48.523274169921876,3.401096820831299,-0.5633606910705566,-2.304579973220825
1788893150620294700,48.533294677734375,3.654129981994629,-0.5246772766113281,-1.9355716705322266
1788893150630316000,48.54331591796875,3.5871834754943848,-0.5417113304138184,-1.7282004356384277
1788893150640338200,48.553338134765625,3.020829200744629,-0.5247421264648438,-1.308943271636963
1788893150650361000,48.563361083984375,2.0823922157287598,-0.3299388885498047,-0.9800395965576172
1788893150660384800,48.573384765625,1.0403156280517578,-0.06715631484985352,-0.7281203269958496
1788893150670409000,48.58340893554688,0.1267681121826172,0.22925043106079102,-0.3671698570251465
1788893150680433400,48.59343334960938,-0.7386455535888672,0.4581942558288574,-0.023010730743408203
1788893150690458000,48.6034580078125,-1.4518299102783203,0.5273051261901855,-0.026743412017822266
1788893150700483000,48.61348315429687,-2.0252256393432617,0.6249556541442871,-0.08292293548583984
1788893150710507800,48.6235078125,-2.431121826171875,0.7085361480712891,-0.13821077346801758
1788893150720529200,48.633529052734374,-2.591805934906006,0.6818771362304688,-0.29962873458862305
1788893150730550500,48.64355053710938,-2.472527503967285,0.571967601776123,-0.32353830337524414
1788893150740569300,48.6535693359375,-2.209470272064209,0.4624042510986328,-0.3228778839111328
1788893150750588200,48.663588134765625,-1.9147648811340332,0.3398318290710449,-0.48543643951416016
1788893150760607200,48.673607177734375,-1.74371337890625,0.24273157119750977,-0.6449680328369141
1788893150770626600,48.68362646484375,-1.5880942344665527,0.18232965469360352,-0.7855496406555176
1788893150780646700,48.693646728515624,-1.4069342613220215,0.1663045883178711,-0.8315000534057617
1788893150790667000,48.7036669921875,-1.1828222274780273,0.19379425048828125,-0.7226629257202148
1788893150800687900,48.71368798828125,-1.0167145729064941,0.20276927947998047,-0.5993075370788574
1788893150810709000,48.723708984375,-0.9127979278564453,0.19974756240844727,-0.5159816741943359
1788893150820731000,48.73373095703125,-0.8424663543701172,0.1715831756591797,-0.4221658706665039
1788893150830753000,48.7437529296875,-0.7300887107849121,0.12345361709594727,-0.34371423721313477
1788893150840775700,48.753775634765624,-0.6773056983947754,0.045449256896972656,-0.25813722610473633
1788893150850798600,48.763798583984375,-0.6794805526733398,-0.07152605056762695,-0.24289226531982422
1788893150860821800,48.77382177734375,-0.702181339263916,-0.24135303497314453,-0.26348257064819336
1788893150870845200,48.78384521484375,-0.768096923828125,-0.4204230308532715,-0.2613377571105957
1788893150880868600,48.79386865234375,-0.8605775833129883,-0.598388671875,-0.39638423919677734
1788893150890897400,48.8038974609375,-1.0157456398010254,-0.7653875350952148,-0.29286623001098633
1788893150900914000,48.813913818359374,-1.251091480255127,-0.9435715675354004,-0.0993504524230957
1788893150910930700,48.8239306640625,-1.421342372894287,-1.0353779792785645,-0.059304237365722656
1788893150920947700,48.83394775390625,-1.5163145065307617,-1.0929393768310547,0.01924276351928711
1788893150930965500,48.843965576171875,-1.5302133560180664,-1.1918768882751465,0.1274089813232422
1788893150940983600,48.85398364257812,-1.4675207138061523,-1.3225226402282715,0.18932580947875977
1788893150951002600,48.86400268554687,-1.2948098182678223,-1.4330787658691406,0.24908018112182617
1788893150961022200,48.874022216796874,-1.0650577545166016,-1.563028335571289,0.5319314002990723
1788893150971042800,48.88404272460937,-0.8932337760925293,-1.6502628326416016,0.8598155975341797
1788893150981064200,48.894064208984375,-0.8038825988769531,-1.665726661682129,1.1873576641082764
1788893150991086600,48.904086669921874,-0.7264218330383301,-1.66151762008667,1.4017722606658936
1788893151001109500,48.914109619140625,-0.6102843284606934,-1.6561131477355957,1.6572065353393555
1788893151011133000,48.9241328125,-0.4572415351867676,-1.6774930953979492,1.9075267314910889
1788893151021157000,48.9341572265625,-0.32673072814941406,-1.7113032341003418,2.0069520473480225
1788893151031181600,48.944181640625,-0.1594986915588379,-1.777442455291748,1.9962973594665527
1788893151041206300,48.954206298828126,0.06976938247680664,-1.810558795928955,1.8691153526306152
1788893151051231000,48.96423095703125,0.3205747604370117,-1.8131799697875977,1.6739122867584229
1788893151061253000,48.974253173828124,0.5958223342895508,-1.883615493774414,1.4836492538452148
1788893151071275300,48.98427514648437,0.7903170585632324,-1.96710205078125,1.244218349456787
1788893151081303000,48.99430297851563,0.9387140274047852,-2.0992159843444824,0.8114700317382812
1788893151091320000,49.00432006835938,1.2306036949157715,-2.229783058166504,0.1487579345703125
1788893151101337600,49.01433764648438,1.7293028831481934,-2.3356857299804688,-0.7554917335510254
1788893151111355100,49.02435522460937,2.3459010124206543,-2.5606436729431152,-1.4204511642456055
1788893151121373200,49.034373291015626,2.944949150085449,-2.82275390625,-1.3663372993469238
1788893151131392000,49.04439208984375,3.416816234588623,-3.1116747856140137,-1.18798828125
1788893151141411000,49.0544111328125,3.5927071571350098,-3.1852712631225586,-1.359696388244629
1788893151151431200,49.06443115234375,3.51652193069458,-3.158385753631592,-1.370492935180664
1788893151161451800,49.07445166015625,3.2598776817321777,-2.943195343017578,-1.1618452072143555
1788893151171473200,49.08447314453125,2.6347641944885254,-2.6623716354370117,-0.890777587890625
1788893151181495300,49.09449536132813,1.5747928619384766,-2.3470711708068848,-0.7031750679016113
1788893151191518000,49.10451806640625,0.5665502548217773,-2.0225424766540527,-0.531832218170166
1788893151201541400,49.11454125976562,-0.25716400146484375,-1.6476216316223145,-0.2789750099182129
1788893151211565000,49.12456494140625,-0.9932856559753418,-1.3346295356750488,-0.05641508102416992
1788893151221589200,49.13458935546875,-1.7492623329162598,-1.005113124847412,0.1382455825805664
1788893151231613400,49.144613525390625,-2.475714683532715,-0.6380205154418945,0.2868342399597168
1788893151241638000,49.154637939453124,-3.066709041595459,-0.3083019256591797,0.37548351287841797
1788893151251659500,49.16465942382813,-3.4595413208007812,-0.019340038299560547,0.5433435440063477
1788893151261681400,49.174681396484374,-3.5978012084960938,0.2630133628845215,0.6746234893798828
1788893151271703300,49.18470336914063,-3.416978359222412,0.46612024307250977,0.6390810012817383
1788893151281725200,49.19472509765625,-2.963559150695801,0.477813720703125,0.5313119888305664
1788893151291752400,49.20475244140625,-2.360619068145752,0.36583852767944336,0.35649919509887695
1788893151301769200,49.21476928710938,-1.788154125213623,0.163909912109375,0.13005399703979492
1788893151311786200,49.2247861328125,-1.2453317642211914,-0.1084284782409668,-0.19638729095458984
1788893151321803500,49.234803466796876,-0.7606077194213867,-0.30799388885498047,-0.5231094360351562
1788893151331821300,49.2448212890625,-0.2955770492553711,-0.42847394943237305,-0.8100833892822266
1788893151341840000,49.25483984375,0.2403421401977539,-0.562532901763916,-1.129014492034912
1788893151351859000,49.26485888671875,0.742279052734375,-0.8021788597106934,-1.326716423034668
1788893151361878800,49.27487866210937,1.1029324531555176,-1.0604591369628906,-1.2643961906433105
1788893151371899400,49.2848994140625,1.2308974266052246,-1.341156005859375,-1.036634922027588
1788893151381920800,49.294920654296874,1.1039085388183594,-1.547288417816162,-0.8124165534973145
1788893151391943000,49.30494287109375,0.6927394866943359,-1.753335952758789,-0.6671104431152344
1788893151401965800,49.3149658203125,-0.12887287139892578,-1.69248628616333,-0.5203757286071777
1788893151411989200,49.3249892578125,-0.9921464920043945,-1.4521918296813965,-0.7336091995239258
1788893151422013200,49.33501318359375,-1.7158541679382324,-1.1829805374145508,-0.8682188987731934
1788893151432037600,49.34503759765625,-2.353133201599121,-1.0823235511779785,-0.8444175720214844
1788893151442062300,49.35506225585937,-2.943452835083008,-0.9272966384887695,-0.8978710174560547
1788893151452087000,49.365087158203124,-3.451632499694824,-0.7166233062744141,-1.1405158042907715
1788893151462111500,49.375111572265624,-3.805424213409424,-0.47791099548339844,-1.2936573028564453
1788893151472132900,49.3851328125,-3.9895708560943604,-0.22440528869628906,-1.3935041427612305
1788893151482151400,49.3951513671875,-4.056693077087402,-0.017385005950927734,-1.4727869033813477
1788893151492170500,49.40517041015625,-3.935265064239502,0.10972118377685547,-1.5587377548217773
1788893151502189600,49.415189453125,-3.6358656883239746,0.05495500564575195,-1.5777912139892578
1788893151512209200,49.42520922851563,-3.365017890930176,-0.05987882614135742,-1.4797298908233643
1788893151522229000,49.43522900390625,-3.1565442085266113,-0.15036487579345703,-1.420818567276001
1788893151532249300,49.44524926757813,-3.025742530822754,-0.15612316131591797,-1.4056625366210938
1788893151542270200,49.45527026367188,-2.9255223274230957,-0.10645055770874023,-1.3492431640625
1788893151552291600,49.46529150390625,-2.870980739593506,-0.04435300827026367,-1.315605878829956
1788893151562313500,49.4753134765625,-2.839351177215576,-0.006974697113037109,-1.3420372009277344
1788893151572335900,49.4853359375,-2.6550440788269043,-0.003119945526123047,-1.4604456424713135
1788893151582358300,49.49535815429687,-2.343797206878662,-0.08639287948608398,-1.4669721126556396
1788893151592381200,49.505381103515624,-1.9506525993347168,-0.23410463333129883,-1.4975223541259766
1788893151602404400,49.515404296875,-1.506178855895996,-0.40909719467163086,-1.6160762310028076
1788893151612427800,49.525427734375,-1.0551633834838867,-0.5705194473266602,-1.784785270690918
1788893151622451200,49.535451171875,-0.6315927505493164,-0.7246227264404297,-1.868992567062378
1788893151632480000,49.54547998046875,-0.3256373405456543,-0.8665909767150879,-1.9777519702911377
1788893151642496300,49.555496337890624,-0.1418304443359375,-0.9532766342163086,-2.1207942962646484
1788893151652513000,49.56551293945312,0.034718990325927734,-1.022446632385254,-2.1602463722229004
1788893151662529800,49.57552978515625,0.2141423225402832,-1.0110087394714355,-2.2254719734191895
1788893151672547300,49.58554736328125,0.32501983642578125,-0.9614124298095703,-2.2690701484680176
1788893151682565400,49.5955654296875,0.4257793426513672,-0.905571460723877,-2.2053089141845703
1788893151692584400,49.60558447265625,0.5898585319519043,-0.9193387031555176,-2.065314769744873
1788893151702604000,49.61560400390625,0.8369121551513672,-0.945427417755127,-2.1821064949035645
1788893151712624600,49.62562475585938,1.2077946662902832,-0.8456525802612305,-2.477046489715576
1788893151722646300,49.63564624023437,1.7436060905456543,-0.8785667419433594,-3.1385631561279297
1788893151732668700,49.64566870117188,2.2998175621032715,-1.1085929870605469,-3.2564334869384766
1788893151742691600,49.65569165039062,2.6505846977233887,-1.4325895309448242,-2.8026885986328125
1788893151752715300,49.66571533203125,2.8410959243774414,-1.6137585639953613,-2.913632392883301
1788893151762739700,49.67573974609375,3.0282669067382812,-1.5886473655700684,-3.0749242305755615
1788893151772764400,49.685764404296876,3.0035367012023926,-1.3296875953674316,-2.8767154216766357
1788893151782789400,49.69578930664063,2.6469216346740723,-1.030324935913086,-2.350224018096924
1788893151792814300,49.705814453125,1.8274993896484375,-0.6578168869018555,-1.7132387161254883
1788893151802838500,49.71583862304688,0.6419711112976074,-0.22650718688964844,-0.9631664752960205
1788893151812860000,49.72585986328125,-0.5037403106689453,0.2736935615539551,-0.1622300148010254
1788893151822881300,49.73588134765625,-1.5815138816833496,0.6992192268371582,0.4429142475128174
1788893151832900000,49.745900146484374,-2.6824212074279785,1.102712631225586,0.844825267791748
1788893151842919000,49.7559189453125,-3.545278549194336,1.5358495712280273,1.1671521663665771
1788893151852938000,49.76593798828125,-4.087603569030762,1.981400966644287,1.3983187675476074
1788893151862957600,49.77595751953125,-4.247622013092041,2.3400397300720215,1.6439237594604492
1788893151872977400,49.78597729492188,-3.9515225887298584,2.496817111968994,1.90205979347229
1788893151882998000,49.795998046875,-3.1230766773223877,2.4294095039367676,1.8801822662353516
1788893151893019000,49.80601879882813,-2.0656542778015137,2.092210292816162,1.7386701107025146
1788893151903040300,49.81604028320312,-0.9527683258056641,1.707129955291748,1.295727014541626
1788893151913062000,49.826061767578125,0.25711917877197266,1.3945932388305664,0.7639622688293457
1788893151923084300,49.836084228515624,1.3698573112487793,1.1357674598693848,0.28920936584472656
1788893151933107000,49.84610693359375,2.2998900413513184,0.9225125312805176,-0.21850299835205078
1788893151943129900,49.8561298828125,3.096309185028076,0.6855072975158691,-0.7424497604370117
1788893151953153000,49.86615307617188,3.6654977798461914,0.43838071823120117,-1.1708459854125977
1788893151963176200,49.87617626953125,4.052055358886719,0.12098550796508789,-1.35792875289917
1788893151973199600,49.88619970703125,4.217324733734131,-0.1807231903076172,-1.2548484802246094
1788893151983228700,49.89622875976563,4.166920185089111,-0.35989856719970703,-1.063725471496582
1788893151993245200,49.9062451171875,3.8463516235351562,-0.39797544479370117,-0.42532968521118164
1788893152003261700,49.91626171875,3.1857047080993652,-0.36036109924316406,0.2878570556640625
1788893152013278700,49.92627880859375,2.197815418243408,-0.3964977264404297,0.660313606262207
1788893152023296300,49.93629614257812,1.1911602020263672,-0.2305917739868164,1.0280828475952148
1788893152033314600,49.946314453125,0.2476825714111328,-0.1424117088317871,1.469327449798584
1788893152043333400,49.95633349609375,-0.6249752044677734,-0.024558544158935547,1.7604429721832275
1788893152053353200,49.96635327148437,-1.435473918914795,0.089569091796875,1.8657469749450684
1788893152063373800,49.97637377929688,-2.0934410095214844,0.1557297706604004,1.8745083808898926
1788893152073395200,49.986395263671874,-2.572134256362915,0.10272836685180664,1.648418664932251
1788893152083417300,49.99641723632813,-2.9513564109802246,0.11623716354370117,1.4789776802062988
1788893152093440300,50.00644018554687,-3.226271390914917,-0.01976299285888672,1.3779897689819336
1788893152103464000,50.0164638671875,-3.38311767578125,-0.21419811248779297,1.3315815925598145
1788893152113488100,50.026488037109374,-3.347628355026245,-0.36173200607299805,1.4097189903259277
1788893152123512800,50.036512939453125,-3.032388210296631,-0.4392237663269043,1.4808545112609863
1788893152133537500,50.04653759765625,-2.570089340209961,-0.6261625289916992,1.4771852493286133
1788893152143562500,50.0565625,-2.1596879959106445,-0.8484983444213867,1.5223593711853027
1788893152153587200,50.06658715820313,-1.8032007217407227,-1.0407600402832031,1.538736343383789
1788893152163608800,50.07660888671875,-1.4309296607971191,-1.1516642570495605,1.4247889518737793
1788893152173627400,50.08662744140625,-1.1210737228393555,-1.2115368843078613,1.1801905632019043
1788893152183646200,50.09664624023438,-0.8555459976196289,-1.2646660804748535,0.8957486152648926
1788893152193665500,50.10666552734375,-0.6345720291137695,-1.302022933959961,0.519101619720459
1788893152203685000,50.11668505859375,-0.43494653701782227,-1.296025276184082,0.10784721374511719
1788893152213705000,50.126705078125,-0.17643451690673828,-1.2909431457519531,-0.31890010833740234
1788893152223725300,50.136725341796875,0.11486339569091797,-1.3161988258361816,-0.7483210563659668
1788893152233746200,50.14674609375,0.413388729095459,-1.4722185134887695,-1.0720715522766113
1788893152243767600,50.156767578125,0.7711515426635742,-1.706517219543457,-1.176013469696045
1788893152253789400,50.16678955078125,1.069615364074707,-2.038961410522461,-1.1591358184814453
1788893152263811600,50.1768115234375,1.3072738647460938,-2.226126194000244,-1.3002867698669434
1788893152273834200,50.18683422851562,1.4862937927246094,-2.2015976905822754,-1.4875307083129883
1788893152283857200,50.19685717773437,1.6531867980957031,-2.0891218185424805,-1.4846134185791016
1788893152293880300,50.20688037109375,1.6048269271850586,-1.9110221862792969,-1.2246484756469727
1788893152303903700,50.21690380859375,1.2502436637878418,-1.8227853775024414,-1.088287353515625
1788893152313927200,50.22692724609375,0.6054744720458984,-1.626495361328125,-1.2042570114135742
1788893152323956000,50.2369560546875,-0.0803518295288086,-1.398409366607666,-1.1845149993896484
1788893152333972500,50.24697241210937,-0.6747312545776367,-1.1515522003173828,-1.0596585273742676
1788893152343989000,50.25698901367188,-1.245943546295166,-0.8512630462646484,-0.9934902191162109
1788893152354006000,50.26700610351563,-1.8451213836669922,-0.534888744354248,-1.0848517417907715
1788893152364023600,50.2770234375,-2.3236899375915527,-0.3022651672363281,-1.2135953903198242
1788893152374041900,50.287041748046875,-2.64827823638916,-0.10046100616455078,-1.2839140892028809
1788893152384060700,50.297060791015625,-2.838794231414795,0.02314472198486328,-1.263474941253662
1788893152394080500,50.30708056640625,-2.7735447883605957,0.10652494430541992,-1.2363090515136719
1788893152404101000,50.31710107421875,-2.423396587371826,0.051816463470458984,-1.1334171295166016
1788893152414122500,50.32712255859375,-1.954702377319336,-0.09081029891967773,-0.9328179359436035
1788893152424144600,50.33714453125,-1.528353214263916,-0.17061376571655273,-0.7939319610595703
1788893152434167600,50.34716748046875,-1.2334856986999512,-0.21391868591308594,-0.8043050765991211
1788893152444191200,50.35719116210937,-1.0112290382385254,-0.17094087600708008,-0.9698238372802734
1788893152454215400,50.36721533203125,-0.844240665435791,-0.10610008239746094,-1.1085686683654785
1788893152464240000,50.377240234375,-0.6237974166870117,-0.06803607940673828,-1.206657886505127
1788893152474264800,50.38726489257812,-0.45615053176879883,-0.08645963668823242,-1.3213543891906738
1788893152484289800,50.397289794921875,-0.38034486770629883,-0.1572260856628418,-1.3763508796691895
1788893152494314800,50.407314697265626,-0.4010586738586426,-0.27570009231567383,-1.2521686553955078
1788893152504336100,50.41733618164063,-0.5357503890991211,-0.4216432571411133,-0.9868478775024414
1788893152514354700,50.42735473632813,-0.8625369071960449,-0.49268054962158203,-0.7371749877929688
1788893152524373800,50.43737377929688,-1.3874077796936035,-0.48144006729125977,-0.5548863410949707
1788893152534392800,50.44739282226563,-1.9544754028320312,-0.44675302505493164,-0.47370004653930664
1788893152544412400,50.45741235351562,-2.404033660888672,-0.39618349075317383,-0.383176326751709
1788893152554432300,50.467432373046876,-2.838251829147339,-0.3365025520324707,-0.22974014282226562
1788893152564452600,50.47745263671875,-3.159492254257202,-0.2367110252380371,-0.20908021926879883
1788893152574473700,50.4874736328125,-3.3001816272735596,-0.15418100357055664,-0.28629112243652344
1788893152584494800,50.497494873046875,-3.3609447479248047,-0.21367454528808594,-0.36487674713134766
1788893152594516700,50.50751684570312,-3.2851054668426514,-0.2154369354248047,-0.5445747375488281
1788893152604539100,50.5175390625,-3.0022425651550293,-0.2336869239807129,-0.8717079162597656
1788893152614561500,50.5275615234375,-2.6620676517486572,-0.3713388442993164,-0.9578976631164551
1788893152624584400,50.53758447265625,-2.365471839904785,-0.5871949195861816,-0.9265871047973633
1788893152634607600,50.54760766601562,-2.12911319732666,-0.7921743392944336,-0.8794770240783691
1788893152644631000,50.557631103515625,-2.0595521926879883,-0.9531517028808594,-0.7704963684082031
1788893152654654500,50.56765454101563,-1.9811177253723145,-0.9886002540588379,-0.9028110504150391
1788893152664683300,50.57768334960937,-1.8950910568237305,-1.0423007011413574,-0.9188008308410645
1788893152674699800,50.58769970703125,-1.8124942779541016,-1.1229066848754883,-0.8688359260559082
1788893152684716500,50.597716552734376,-1.6440701484680176,-1.2060728073120117,-0.941215991973877
1788893152694733600,50.607733642578125,-1.4348602294921875,-1.3303484916687012,-1.0606751441955566
1788893152704751000,50.61775122070313,-1.139111042022705,-1.481339454650879,-1.1620111465454102
1788893152714769200,50.62776904296875,-0.8486995697021484,-1.6591463088989258,-1.2077107429504395
1788893152724788000,50.6377880859375,-0.6122560501098633,-1.8586106300354004,-1.1942558288574219
1788893152734807800,50.647807861328126,-0.43413591384887695,-2.040799617767334,-1.1794376373291016
1788893152744828400,50.657828369140624,-0.35597753524780273,-2.175449848175049,-1.158815860748291
1788893152754849800,50.66784985351563,-0.42349767684936523,-2.237213611602783,-1.1464357376098633
1788893152764872000,50.677871826171874,-0.5296468734741211,-2.238999366760254,-1.1517457962036133
1788893152774895000,50.68789501953125,-0.6717314720153809,-2.193882942199707,-1.154282569885254
1788893152784918800,50.69791870117187,-0.8660807609558105,-2.1392664909362793,-1.1282596588134766
1788893152794942700,50.70794262695313,-1.062687873840332,-2.050266742706299,-1.1393160820007324
1788893152804967400,50.71796752929688,-1.1884589195251465,-1.9555997848510742,-1.147606372833252
1788893152814992400,50.72799243164062,-1.2663025856018066,-1.8317766189575195,-1.1419506072998047
1788893152825017000,50.73801708984375,-1.3621296882629395,-1.717325210571289,-1.101799488067627
1788893152835042000,50.7480419921875,-1.451117992401123,-1.5595135688781738,-1.1314029693603516
1788893152845063400,50.7580634765625,-1.4520225524902344,-1.3873491287231445,-1.1967997550964355
1788893152855082000,50.76808203125,-1.38458251953125,-1.2348709106445312,-1.1640701293945312
1788893152865100800,50.778100830078124,-1.220907211303711,-1.0836024284362793,-1.1385846138000488
1788893152875120000,50.7881201171875,-1.0149335861206055,-0.9587640762329102,-1.0821681022644043
1788893152885139500,50.798139404296876,-0.8149628639221191,-0.8515915870666504,-0.9707002639770508
1788893152895159600,50.80815966796875,-0.697749137878418,-0.7578787803649902,-0.8518896102905273
1788893152905180000,50.81817993164063,-0.6115536689758301,-0.6830916404724121,-0.7691988945007324
1788893152915200800,50.82820068359375,-0.5664749145507812,-0.6087756156921387,-0.7321100234985352
1788893152925222100,50.83822216796875,-0.5393280982971191,-0.5354351997375488,-0.7409090995788574
1788893152935244000,50.848244140625,-0.44580936431884766,-0.4398951530456543,-0.8397049903869629
1788893152945266200,50.85826611328125,-0.28313684463500977,-0.34192323684692383,-0.9437451362609863
1788893152955288800,50.868288818359375,-0.10563278198242188,-0.3330354690551758,-0.9919400215148926
1788893152965311700,50.878311767578126,-0.005267620086669922,-0.39986705780029297,-0.8937444686889648
1788893152975335000,50.8883349609375,0.008374214172363281,-0.4523167610168457,-0.6966128349304199
1788893152985358300,50.8983583984375,-0.044060707092285156,-0.40456581115722656,-0.5041580200195312
1788893152995381800,50.9083818359375,-0.2408151626586914,-0.2408919334411621,-0.3339200019836426
1788893153005410600,50.91841064453125,-0.4923992156982422,-0.02149820327758789,-0.21309709548950195
1788893153015427000,50.928427001953125,-0.7808570861816406,0.18003225326538086,-0.12152099609375
1788893153025443600,50.93844360351562,-1.0608596801757812,0.3326106071472168,-0.10672235488891602
1788893153035460400,50.94846044921875,-1.2403693199157715,0.3994293212890625,-0.09201383590698242
1788893153045478000,50.95847778320312,-1.3803901672363281,0.42870521545410156,0.028822898864746094
1788893153055496000,50.968495849609376,-1.4522743225097656,0.44849634170532227,0.1557936668395996
1788893153065515000,50.978514892578126,-1.4701313972473145,0.4293041229248047,0.23735761642456055
1788893153075534600,50.98853466796875,-1.4303436279296875,0.37505197525024414,0.3351302146911621
1788893153085555200,50.99855517578125,-1.334582805633545,0.28014516830444336,0.42876291275024414
1788893153095576800,51.00857690429687,-1.161935806274414,0.16262531280517578,0.6210942268371582
1788893153105599200,51.01859912109375,-0.9249963760375977,0.055769920349121094,0.6317472457885742
1788893153115622100,51.0286220703125,-0.5733304023742676,0.09658384323120117,0.3507981300354004
1788893153125646000,51.03864599609375,-0.22449541091918945,0.10186100006103516,0.4130215644836426
1788893153135670300,51.048670166015626,0.19182395935058594,0.12461042404174805,0.4481821060180664
1788893153145695000,51.05869506835938,0.6160144805908203,0.1924886703491211,0.29791784286499023
1788893153155720000,51.06871997070313,0.9363155364990234,0.23735761642456055,0.17261457443237305
1788893153165745000,51.07874487304687,1.1984081268310547,0.21108102798461914,0.11855697631835938
1788893153175769000,51.08876904296875,1.4150128364562988,0.1662430763244629,-0.02320575714111328
1788893153185790500,51.09879052734375,1.5992145538330078,0.13547563552856445,-0.28113746643066406
1788893153195811800,51.108811767578125,1.6678271293640137,0.03198099136352539,-0.5268363952636719
1788893153205830700,51.11883056640625,1.6709222793579102,-0.10615873336791992,-0.7577319145202637
1788893153215849500,51.12884936523437,1.6218509674072266,-0.17434120178222656,-0.9983367919921875
1788893153225868500,51.13886865234375,1.5551280975341797,-0.18689441680908203,-1.1671161651611328
1788893153235888000,51.14888818359375,1.401625156402588,-0.17668390274047852,-1.3778839111328125
1788893153245908000,51.15890795898437,1.2122178077697754,-0.14780235290527344,-1.5145678520202637
1788893153255928600,51.16892846679688,0.9866595268249512,-0.08031988143920898,-1.5601739883422852
1788893153265949400,51.17894946289063,0.6957497596740723,0.02711009979248047,-1.5987091064453125
1788893153275970800,51.188970703125,0.34880590438842773,0.21479225158691406,-1.5040655136108398
1788893153285992400,51.198992431640626,0.01704263687133789,0.43240976333618164,-1.3845477104187012
1788893153296014800,51.209014892578125,-0.29697322845458984,0.6382694244384766,-1.2433404922485352
1788893153306037200,51.219037353515624,-0.6427850723266602,0.8290414810180664,-1.0972938537597656
1788893153316060200,51.22906005859375,-1.0330991744995117,1.0343308448791504,-0.9976515769958496
1788893153326083300,51.239083251953126,-1.3618602752685547,1.21211576461792,-0.8866033554077148
1788893153336106800,51.24910668945312,-1.595531940460205,1.381692886352539,-0.7206025123596191
1788893153346130200,51.259130126953124,-1.6911234855651855,1.5770597457885742,-0.5333023071289062
1788893153356159000,51.269158935546876,-1.6871285438537598,1.7458562850952148,-0.29620790481567383
1788893153366175500,51.279175537109374,-1.5795612335205078,1.8590927124023438,-0.1434154510498047
1788893153376192000,51.28919189453125,-1.3658719062805176,1.877209186553955,-0.05160665512084961
1788893153386209000,51.299208984375,-1.12028169631958,1.8415799140930176,0.0024738311767578125
1788893153396226600,51.3092265625,-0.8698287010192871,1.7687764167785645,0.04692697525024414
1788893153406244600,51.31924462890625,-0.6647353172302246,1.6899948120117188,0.04814624786376953
1788893153416263700,51.329263671875,-0.47332000732421875,1.6511321067810059,0.02538919448852539
1788893153426283300,51.339283203125,-0.26872873306274414,1.636303424835205,-0.045522212982177734
1788893153436304000,51.34930395507813,-0.04304075241088867,1.5966997146606445,-0.1602773666381836
1788893153446325200,51.3593251953125,0.1730051040649414,1.5271039009094238,-0.2152729034423828
1788893153456347600,51.36934765625,0.3591790199279785,1.4038333892822266,-0.12599706649780273
1788893153466370600,51.37937060546875,0.4866518974304199,1.3137083053588867,-0.022777557373046875
1788893153476394200,51.389394287109376,0.5669465065002441,1.2576675415039062,0.04741525650024414
1788893153486418400,51.39941845703125,0.5149683952331543,1.1742734909057617,0.1801586151123047
1788893153496443000,51.40944287109375,0.4174656867980957,1.0890893936157227,0.36433887481689453
1788893153506467800,51.4194677734375,0.3231673240661621,1.0180816650390625,0.5940828323364258
1788893153516492800,51.42949291992188,0.20521926879882812,0.96746826171875,0.7500929832458496
1788893153526517500,51.439517578125,0.03661394119262695,0.9195976257324219,0.8516125679016113
1788893153536539000,51.44953881835937,-0.15804100036621094,0.8567447662353516,0.9264941215515137
1788893153546560300,51.459560302734374,-0.2687668800354004,0.8225440979003906,0.9455323219299316
1788893153556578800,51.46957885742187,-0.315950870513916,0.7548904418945312,0.9554953575134277
1788893153566598000,51.47959790039062,-0.2767324447631836,0.7017784118652344,0.9124035835266113
1788893153576617000,51.48961694335937,-0.15638160705566406,0.6820554733276367,0.79248046875
1788893153586636500,51.499636474609375,0.044846534729003906,0.661750316619873,0.5772538185119629
1788893153596656400,51.50965649414063,0.3120541572570801,0.5734868049621582,0.2719144821166992
1788893153606676700,51.5196767578125,0.5539226531982422,0.40226030349731445,0.0013980865478515625
1788893153616697600,51.529697509765626,0.6814851760864258,0.22801685333251953,-0.23584318161010742
1788893153626719000,51.53971899414063,0.6813292503356934,0.14918231964111328,-0.752382755279541
1788893153636740900,51.549740966796875,0.8102359771728516,0.15284156799316406,-1.4259214401245117
1788893153646763300,51.55976318359375,1.0783538818359375,0.059926509857177734,-1.7987236976623535
1788893153656785700,51.56978564453125,1.419569969177246,-0.12145042419433594,-2.011540412902832
1788893153666808600,51.57980859375,1.6313133239746094,-0.3402900695800781,-2.0356879234313965
1788893153676831700,51.589831787109375,1.728933334350586,-0.5830397605895996,-1.66456937789917
1788893153686855200,51.59985522460938,1.568802833557129,-0.6623096466064453,-1.2165117263793945
1788893153696878600,51.609878662109374,1.1886210441589355,-0.6191825866699219,-0.7913517951965332
1788893153706907400,51.619907470703126,0.5639934539794922,-0.5118355751037598,-0.3760952949523926
1788893153716923600,51.62992358398437,-0.10981559753417969,-0.3650064468383789,-0.1630253791809082
1788893153726940200,51.63994018554688,-0.6917238235473633,-0.23371315002441406,-0.09472513198852539
1788893153736957200,51.649957275390626,-1.1707286834716797,-0.2691807746887207,0.14893436431884766
1788893153746974500,51.659974365234376,-1.4904515743255615,-0.30385494232177734,0.19899702072143555
1788893153756992500,51.66999243164062,-1.476665735244751,-0.3162050247192383,0.042043209075927734
1788893153767011300,51.68001123046875,-1.2067394256591797,-0.42046689987182617,0.09418106079101562
1788893153777031200,51.69003125,-0.8823099136352539,-0.5864582061767578,0.25838422775268555
1788893153787051800,51.7000517578125,-0.6328754425048828,-0.7827873229980469,0.3554654121398926
1788893153797073200,51.7100732421875,-0.5023531913757324,-0.9827451705932617,0.27288293838500977
1788893153807095600,51.720095458984375,-0.3792295455932617,-1.1875128746032715,0.1432342529296875
1788893153817118500,51.730118408203126,-0.32160139083862305,-1.4059300422668457,0.19923877716064453
1788893153827142100,51.74014208984375,-0.450955867767334,-1.554288387298584,0.12941217422485352
1788893153837166600,51.75016650390625,-0.5553107261657715,-1.7584877014160156,0.055942535400390625
1788893153847191300,51.76019140625,-0.6316084861755371,-1.9060001373291016,-0.15019941329956055
1788893153857216300,51.77021630859375,-0.6389732360839844,-1.9908828735351562,-0.22511768341064453
1788893153867241200,51.7802412109375,-0.675994873046875,-2.029916286468506,-0.3658719062805176
1788893153877265700,51.790265625,-0.6416592597961426,-2.045729160308838,-0.6304612159729004
1788893153887287000,51.800287109375,-0.5228242874145508,-2.123894214630127,-0.7716755867004395
1788893153897305900,51.81030590820313,-0.44748449325561523,-2.278691291809082,-0.7363591194152832
1788893153907324700,51.82032470703125,-0.49974775314331055,-2.462432861328125,-0.6761808395385742
1788893153917343700,51.83034375,-0.5621438026428223,-2.5611729621887207,-0.488006591796875
1788893153927363000,51.84036303710938,-0.7316398620605469,-2.5229549407958984,-0.2928466796875
1788893153937383200,51.850383056640624,-1.0387606620788574,-2.3955941200256348,-0.12166786193847656
1788893153947403500,51.86040356445312,-1.433377742767334,-2.183224678039551,-0.01586437225341797
1788893153957424400,51.87042431640625,-1.8274931907653809,-1.990279197692871,0.0643758773803711
1788893153967445500,51.88044555664062,-2.22843599319458,-1.7338356971740723,0.2253894805908203
1788893153977467400,51.89046728515625,-2.5155680179595947,-1.4122161865234375,0.3188815116882324
1788893153987489500,51.900489501953125,-2.702345848083496,-1.1534419059753418,0.39332056045532227
1788893153997512200,51.91051220703125,-2.7400102615356445,-0.8946456909179688,0.48316144943237305
1788893154007535000,51.92053515625,-2.7484350204467773,-0.6643972396850586,0.4640517234802246
1788893154017558300,51.93055834960938,-2.6378908157348633,-0.46843576431274414,0.4316425323486328
1788893154027581700,51.94058178710937,-2.400526762008667,-0.3753662109375,0.40985584259033203
1788893154037605000,51.950605224609376,-2.067523956298828,-0.3445601463317871,0.3794574737548828
1788893154047634000,51.96063403320313,-1.7798995971679688,-0.3594484329223633,0.3452157974243164
1788893154057650400,51.970650390625,-1.51143217086792,-0.38890790939331055,0.3496408462524414
1788893154067667200,51.980667236328124,-1.2881765365600586,-0.36778974533081055,0.3346366882324219
1788893154077684200,51.99068432617187,-1.1029291152954102,-0.32640600204467773,0.2992262840270996
1788893154087701800,52.00070166015625,-0.9394149780273438,-0.24102115631103516,0.1594395637512207
1788893154097719800,52.0107197265625,-0.6522612571716309,-0.16947126388549805,-0.09141683578491211
1788893154107739000,52.02073876953125,-0.30214500427246094,-0.19356918334960938,-0.17813920974731445
1788893154117758500,52.03075854492187,-0.0018067359924316406,-0.2750277519226074,-0.25141191482543945
1788893154127779000,52.04077905273437,0.29894447326660156,-0.32271909713745117,-0.3709683418273926
1788893154137800400,52.050800537109374,0.6269826889038086,-0.3702864646911621,-0.4951343536376953
1788893154147822800,52.06082275390625,0.9199061393737793,-0.3986063003540039,-0.5333895683288574
1788893154157845800,52.070845703125,1.040269374847412,-0.3977079391479492,-0.5764031410217285
1788893154167869200,52.080869140625,1.1093006134033203,-0.3669924736022949,-0.6429386138916016
1788893154177893400,52.090893310546875,1.0338315963745117,-0.3243374824523926,-0.6656546592712402
1788893154187917800,52.100917724609374,0.7897243499755859,-0.21099328994750977,-0.6758646965026855
1788893154197942800,52.11094287109375,0.41602230072021484,-0.1554269790649414,-0.7695088386535645
1788893154207967700,52.1209677734375,-0.010245323181152344,-0.14710330963134766,-1.0135478973388672
1788893154217992200,52.1309921875,-0.2813682556152344,-0.15202045440673828,-1.3672728538513184
1788893154228013600,52.141013671875,-0.20748090744018555,-0.17649459838867188,-1.929548740386963
1788893154238032400,52.15103247070312,-0.038750648498535156,-0.2792782783508301,-2.3646082878112793
1788893154248051200,52.16105126953125,0.1796412467956543,-0.5131845474243164,-2.6169424057006836
1788893154258070300,52.1710703125,0.4403376579284668,-0.7685704231262207,-2.7750892639160156
1788893154268089900,52.18108984375,0.8181877136230469,-0.9410748481750488,-2.8209877014160156
1788893154278109700,52.191109619140626,1.1935114860534668,-0.9642434120178223,-2.7164764404296875
1788893154288130000,52.201130126953124,1.3931450843811035,-0.8661432266235352,-2.2773208618164062
1788893154298151000,52.21115087890625,1.3257908821105957,-0.6112346649169922,-1.8320550918579102
1788893154308172000,52.221172119140626,1.0159220695495605,-0.22471046447753906,-1.2932929992675781
1788893154318194000,52.23119384765625,0.4927701950073242,0.22588062286376953,-0.7272605895996094
1788893154328216000,52.24121606445313,-0.12055730819702148,0.6582283973693848,-0.18704605102539062
1788893154338238700,52.25123876953125,-0.7261834144592285,0.9987101554870605,0.293154239654541
1788893154348261600,52.26126171875,-1.2523155212402344,1.319509506225586,0.6935763359069824
1788893154358284800,52.27128491210937,-1.6663942337036133,1.6054730415344238,1.0565729141235352
1788893154368308200,52.28130810546875,-1.8884501457214355,1.8974614143371582,1.3297927379608154
1788893154378331600,52.29133154296875,-1.9970297813415527,2.145540714263916,1.54600191116333
1788893154388360400,52.3013603515625,-1.9181652069091797,2.227576732635498,1.2700328826904297
1788893154398377000,52.311376953125,-1.6120233535766602,2.3216700553894043,1.042983055114746
1788893154408393500,52.3213935546875,-1.0218310356140137,2.247920513153076,0.9627261161804199
1788893154418410500,52.331410400390624,-0.20781469345092773,2.0984582901000977,0.7107563018798828
1788893154428428000,52.341427978515625,0.6793088912963867,1.8783931732177734,0.14339303970336914
1788893154438446000,52.35144604492187,1.574134349822998,1.6402397155761719,-0.423797607421875
1788893154448465000,52.36146484375,2.4399590492248535,1.3276519775390625,-0.8725414276123047
1788893154458484700,52.371484619140624,3.211552143096924,0.996314525604248,-1.0724449157714844
1788893154468505000,52.38150512695312,3.8500804901123047,0.7229037284851074,-1.0371580123901367
1788893154478526500,52.3915263671875,4.248562335968018,0.45650577545166016,-0.8944807052612305
1788893154488548600,52.40154858398437,4.432621002197266,0.2530965805053711,-0.6524176597595215
1788893154498571800,52.41157177734375,4.287276744842529,0.24604415893554688,-0.30429792404174805
1788893154508595500,52.42159545898438,3.8114681243896484,0.28264284133911133,0.15838623046875
1788893154518619400,52.431619384765625,2.979947090148926,0.4682283401489258,0.27562618255615234
1788893154528644000,52.44164404296875,2.0239672660827637,0.7476668357849121,0.3551626205444336
1788893154538668800,52.451668701171876,1.148503303527832,0.9653820991516113,0.5937414169311523
1788893154548693800,52.46169384765625,0.4322700500488281,1.0756702423095703,0.7766170501708984
1788893154558718700,52.47171875,-0.2979435920715332,1.140519618988037,0.7132172584533691
1788893154568740000,52.481739990234374,-0.9795022010803223,1.2256317138671875,0.6219511032104492
1788893154578761500,52.491761474609376,-1.4889945983886719,1.253587245941162,0.6138639450073242
1788893154588780000,52.501780029296874,-1.8085222244262695,1.2810001373291016,0.7323412895202637
1788893154598798800,52.511798828125,-1.9342620372772217,1.3365445137023926,0.9433403015136719
1788893154608818000,52.52181787109375,-1.8249378204345703,1.3341870307922363,1.1020703315734863
1788893154618837500,52.53183740234375,-1.527857780456543,1.2722549438476562,1.2114830017089844
1788893154628857300,52.541857421875,-1.0818328857421875,1.11956787109375,1.4127721786499023
1788893154638877700,52.55187768554688,-0.6337490081787109,0.9368019104003906,1.7996611595153809
1788893154648898600,52.56189868164063,-0.2338566780090332,0.8143372535705566,2.0066494941711426
1788893154658920000,52.571919921875,0.08544301986694336,0.7463393211364746,1.9741239547729492
1788893154668941600,52.581941650390625,0.3359799385070801,0.6893115043640137,1.9871869087219238
1788893154678964000,52.5919638671875,0.645484447479248,0.701634407043457,2.0481929779052734
1788893154688986400,52.601986328125,0.9562845230102539,0.7120537757873535,2.0656261444091797
1788893154699009300,52.61200927734375,1.2357158660888672,0.7926521301269531,1.9969701766967773
1788893154709032400,52.622032470703125,1.5217061042785645,0.847388744354248,1.88547682762146
1788893154719055600,52.6320556640625,1.805903434753418,0.8957204818725586,1.8992536067962646
1788893154729079000,52.6420791015625,2.0951919555664062,0.9384922981262207,1.9626381397247314
1788893154739107800,52.65210791015625,2.2858376502990723,0.8948321342468262,2.0238795280456543
1788893154749124600,52.66212451171875,2.3212122917175293,0.7752032279968262,2.097017288208008
1788893154759141400,52.67214135742187,2.187674045562744,0.6432476043701172,2.0328903198242188
1788893154769158400,52.68215844726563,1.927624225616455,0.5034546852111816,1.9697322845458984
1788893154779176000,52.69217602539062,1.6305513381958008,0.35583925247192383,1.9012634754180908
1788893154789194200,52.7021943359375,1.3918747901916504,0.19077682495117188,1.851207971572876
1788893154799213300,52.71221337890625,1.250532627105713,0.08426284790039062,1.6296534538269043
1788893154809233200,52.72223315429687,1.1350221633911133,-0.0500640869140625,1.4333696365356445
1788893154819253800,52.73225366210937,1.0879430770874023,-0.1785721778869629,1.185330867767334
1788893154829275100,52.742275146484374,1.171173095703125,-0.26743316650390625,0.8612070083618164
1788893154839297500,52.75229760742187,1.3513727188110352,-0.33559513092041016,0.5137434005737305
1788893154849320400,52.762320556640624,1.520430564880371,-0.4979839324951172,0.16421127319335938
1788893154859344100,52.77234423828125,1.7089576721191406,-0.6838951110839844,-0.46132469177246094
1788893154869368000,52.7823681640625,2.0206217765808105,-0.8902320861816406,-1.3093037605285645
1788893154879392500,52.792392578125,2.4631800651550293,-1.1615910530090332,-1.9683337211608887
1788893154889417200,52.802417236328125,2.8966612815856934,-1.5512595176696777,-2.2768731117248535
1788893154899442200,52.81244213867188,3.1384682655334473,-1.916407585144043,-2.4465713500976562
1788893154909466000,52.822466064453124,3.284396171569824,-2.185879707336426,-2.5876569747924805
1788893154919487500,52.83248754882813,3.2836194038391113,-2.3269104957580566,-2.6840062141418457
1788893154929506000,52.842506103515625,3.085526466369629,-2.3535566329956055,-2.7299304008483887
1788893154939525000,52.852525146484375,2.659231662750244,-2.254729747772217,-2.639101982116699
1788893154949544200,52.862544189453125,2.0077648162841797,-2.123136520385742,-2.388174057006836
1788893154959563500,52.8725634765625,1.2342405319213867,-1.9795637130737305,-2.0494728088378906
1788893154969583600,52.88258349609375,0.49400901794433594,-1.8210396766662598,-1.6470894813537598
1788893154979604000,52.89260400390625,-0.20607852935791016,-1.6125645637512207,-1.1940560340881348
1788893154989624800,52.90262475585938,-0.8592085838317871,-1.3815059661865234,-0.7366142272949219
1788893154999646000,52.91264599609375,-1.4835286140441895,-1.1556315422058105,-0.38390302658081055
1788893155009667800,52.922667724609376,-2.0356812477111816,-0.862220287322998,-0.1264338493347168
1788893155019690000,52.93268994140625,-2.406383991241455,-0.5820684432983398,0.0349583625793457
1788893155029712600,52.942712646484374,-2.631484031677246,-0.4066925048828125,0.09868383407592773
1788893155039735300,52.9527353515625,-2.6945481300354004,-0.3795037269592285,0.12460613250732422
1788893155049758500,52.962758544921876,-2.5366339683532715,-0.4261598587036133,-0.05082368850708008
1788893155059782000,52.97278198242188,-2.247161865234375,-0.5594882965087891,-0.26978015899658203
1788893155069805000,52.98280517578125,-1.8911876678466797,-0.7302036285400391,-0.4268636703491211
1788893155079833900,52.992833740234374,-1.5291132926940918,-0.8166522979736328,-0.6233363151550293
1788893155089850600,53.0028505859375,-1.245163917541504,-0.8452744483947754,-0.917445182800293
1788893155099867400,53.01286743164062,-1.0147185325622559,-0.8038139343261719,-1.2687525749206543
1788893155109884400,53.02288452148437,-0.7547898292541504,-0.744544506072998,-1.432662010192871
1788893155119902200,53.03290209960937,-0.45775508880615234,-0.7000155448913574,-1.532144546508789
1788893155129920500,53.04292041015625,-0.3057694435119629,-0.6601314544677734,-1.659477710723877
1788893155139939300,53.05293920898438,-0.3163924217224121,-0.6146392822265625,-1.771347999572754
1788893155149959200,53.06295922851562,-0.39100074768066406,-0.6007881164550781,-1.85184907913208
1788893155159979800,53.07297973632812,-0.5915451049804688,-0.545771598815918,-1.9351534843444824
1788893155170001400,53.08300146484375,-0.9662313461303711,-0.44436168670654297,-2.0171728134155273
1788893155180023600,53.0930234375,-1.4492640495300293,-0.31047773361206055,-2.0943970680236816
1788893155190046500,53.10304638671875,-1.960719108581543,-0.14737558364868164,-2.087851047515869
1788893155200070100,53.11307006835938,-2.3444037437438965,0.05142688751220703,-1.980729579925537
1788893155210094300,53.12309423828125,-2.7461962699890137,0.18133258819580078,-1.8225741386413574
1788893155220118800,53.133118896484376,-3.1465280055999756,0.35833072662353516,-1.718946933746338
1788893155230143500,53.1431435546875,-3.425203323364258,0.5405941009521484,-1.6029176712036133
1788893155240168200,53.15316821289063,-3.6060402393341064,0.7189912796020508,-1.436098575592041
1788893155250192400,53.1631923828125,-3.717473030090332,0.9610128402709961,-1.2902865409851074
1788893155260213500,53.17321362304688,-3.706688404083252,1.1813931465148926,-1.1707701683044434
1788893155270232300,53.183232421875,-3.5644423961639404,1.3320798873901367,-1.0200419425964355
1788893155280251100,53.193251220703125,-3.367821455001831,1.4265165328979492,-0.8377494812011719
1788893155290270200,53.203270263671875,-3.1464128494262695,1.506190299987793,-0.6808457374572754
1788893155300289800,53.21328979492188,-2.953916072845459,1.58347749710083,-0.5726876258850098
1788893155310309600,53.2233095703125,-2.7769906520843506,1.66630220413208,-0.5178465843200684
1788893155320330000,53.233330078125,-2.6212456226348877,1.7528681755065918,-0.529932975769043
1788893155330350800,53.24335083007813,-2.467686891555786,1.8276910781860352,-0.5173101425170898
1788893155340372200,53.253372314453124,-2.3116486072540283,1.856579303741455,-0.42726612091064453
1788893155350393900,53.263393798828126,-2.1255569458007812,1.87237548828125,-0.3423275947570801
1788893155360416000,53.273416015625,-1.8684463500976562,1.859990119934082,-0.23102474212646484
1788893155370438700,53.283438720703124,-1.5622706413269043,1.833045482635498,-0.019581317901611328
1788893155380461600,53.293461669921875,-1.2665987014770508,1.781907081604004,0.22245216369628906
1788893155390484500,53.303484375,-1.0035014152526855,1.7157282829284668,0.3013315200805664
1788893155400508000,53.3135078125,-0.671595573425293,1.6673331260681152,0.3149566650390625
1788893155410531300,53.32353125,-0.34561634063720703,1.5737671852111816,0.36727142333984375
1788893155420560100,53.33356005859375,-0.02319192886352539,1.4444704055786133,0.2801032066345215
1788893155430576600,53.34357666015625,0.2684168815612793,1.2982168197631836,0.032731056213378906
1788893155440593400,53.35359350585937,0.594693660736084,1.1918067932128906,-0.020909786224365234
1788893155450610700,53.36361059570312,0.916724681854248,1.0477232933044434,-0.20965576171875
1788893155460628200,53.37362817382812,1.1729536056518555,0.7591438293457031,-0.5492820739746094
1788893155470646500,53.383646484375,1.3221678733825684,0.5546283721923828,-0.7070975303649902
1788893155480665600,53.39366552734375,1.367375373840332,0.37695741653442383,-0.8106436729431152
1788893155490685400,53.403685546875,1.336256980895996,0.2138681411743164,-0.8740243911743164
1788893155500706000,53.4137060546875,1.3430371284484863,0.0534672737121582,-0.9349451065063477
1788893155510727400,53.4237275390625,1.2780814170837402,-0.19666194915771484,-0.916104793548584
1788893155520749600,53.43374951171875,1.2957253456115723,-0.5055689811706543,-1.2344822883605957
1788893155530772700,53.443772705078125,1.4785947799682617,-0.8249831199645996,-1.7210445404052734
1788893155540796200,53.45379614257813,1.7175889015197754,-1.1225099563598633,-2.2539024353027344
1788893155550820400,53.4638203125,1.8821849822998047,-1.4753947257995605,-2.671267032623291
1788893155560844800,53.4738447265625,2.0173792839050293,-1.9268536567687988,-3.009396553039551
1788893155570869500,53.483869384765626,2.265934944152832,-2.401071548461914,-3.1824564933776855
1788893155580894200,53.49389428710938,2.472663402557373,-2.902174472808838,-2.893124580383301
1788893155590918400,53.50391845703125,2.583763599395752,-3.2968997955322266,-2.530496120452881
1788893155600939800,53.51393969726563,2.7132630348205566,-3.6296210289001465,-2.5721797943115234
1788893155610958300,53.523958251953125,2.845026969909668,-3.9832987785339355,-2.5586204528808594
1788893155620977400,53.533977294921876,2.9599056243896484,-4.377882957458496,-2.6267952919006348
1788893155630996500,53.54399658203125,3.0213499069213867,-4.776915073394775,-2.9953818321228027
1788893155641015800,53.55401586914063,3.3729047775268555,-5.189774990081787,-3.5377445220947266
1788893155651036000,53.564035888671874,3.915623664855957,-5.431765556335449,-3.8516550064086914
1788893155661056300,53.57405615234375,4.369844913482666,-5.393725395202637,-4.0295867919921875
1788893155671077000,53.5840771484375,4.777737140655518,-5.066531181335449,-3.8683695793151855
1788893155681098200,53.59409814453125,5.037830352783203,-4.425777435302734,-3.3297338485717773
1788893155691120000,53.6041201171875,4.976386547088623,-3.7823333740234375,-2.685981273651123
1788893155701142300,53.614142333984375,4.358302116394043,-3.142223358154297,-1.9682040214538574
1788893155711165000,53.6241650390625,3.181917667388916,-2.371462821960449,-1.0614323616027832
1788893155721187600,53.6341875,1.8843951225280762,-1.4849281311035156,-0.3903207778930664
1788893155731210800,53.644210693359376,0.7421793937683105,-0.589353084564209,0.4611973762512207
1788893155741234200,53.65423413085937,-0.2055501937866211,0.2621955871582031,1.3168721199035645
1788893155751257300,53.66425732421875,-0.9831719398498535,1.077951431274414,1.9382081031799316
1788893155761286100,53.6742861328125,-1.6013920307159424,1.8993782997131348,2.5165915489196777
1788893155771303000,53.684302978515625,-1.9753215312957764,2.6112732887268066,3.13204288482666
1788893155781320000,53.69431982421875,-2.196046829223633,3.1942262649536133,3.7026565074920654
1788893155791337000,53.7043369140625,-2.336223840713501,3.728443145751953,4.237326622009277
1788893155801354800,53.714354736328126,-2.3795132637023926,4.121921062469482,4.64323616027832
1788893155811373000,53.724373046875,-2.338865041732788,4.4500322341918945,4.97573184967041
1788893155821392000,53.73439184570312,-2.24112868309021,4.669005870819092,5.3045501708984375
1788893155831411700,53.74441162109375,-2.055283784866333,4.802345275878906,5.44645881652832
1788893155841432300,53.754432373046875,-1.8247451782226562,4.905254364013672,5.457921028137207
1788893155851454000,53.76445385742188,-1.628664255142212,4.9532670974731445,5.529361248016357
1788893155861476000,53.77447607421875,-1.4488308429718018,5.056369781494141,5.430943965911865
1788893155871499000,53.7844990234375,-1.2004880905151367,5.2284836769104,5.0052947998046875
1788893155881522700,53.79452270507812,-0.8053629398345947,5.190671920776367,4.373566150665283
1788893155891547000,53.804546875,-0.27580738067626953,4.945959091186523,3.3903727531433105
1788893155901571300,53.8145712890625,0.28829407691955566,4.525600910186768,2.312173366546631
1788893155911596000,53.82459594726563,0.8271055221557617,3.7932968139648438,1.6161255836486816
1788893155921620700,53.83462084960937,1.264500617980957,2.792046070098877,1.327866554260254
1788893155931645000,53.84464501953125,1.5763206481933594,1.629190444946289,1.022428035736084
1788893155941666300,53.85466625976562,1.759779691696167,0.32540225982666016,0.35136938095092773
1788893155951684900,53.86468481445313,1.6448380947113037,-1.1628599166870117,-0.7138147354125977
1788893155961703700,53.87470361328125,1.0121581554412842,-2.5804805755615234,-1.9535613059997559
1788893155971722800,53.88472265625,0.2726421356201172,-3.8023648262023926,-3.090824604034424
1788893155981742300,53.89474243164062,-0.17278695106506348,-4.587942600250244,-4.235281467437744
1788893155991762200,53.90476220703125,-0.1794905662536621,-4.467944145202637,-5.11369514465332
1788893156001782500,53.91478247070312,0.1924889087677002,-3.739292621612549,-6.254234313964844
1788893156011803400,53.924803466796874,0.5424251556396484,-3.138359546661377,-6.71054744720459
1788893156021824800,53.93482470703125,0.8248016834259033,-2.720550537109375,-6.22808837890625
1788893156031846400,53.94484643554687,1.123514175415039,-2.169811725616455,-5.488473415374756
1788893156041868500,53.95486865234375,1.368485927581787,-1.469344139099121,-4.382506847381592
1788893156051891200,53.96489111328125,1.3799598217010498,-0.8285226821899414,-2.9571075439453125
1788893156061914000,53.9749140625,0.8711223602294922,-0.2957181930541992,-1.4988932609558105
1788893156071937300,53.98493725585938,-0.11815929412841797,0.17930078506469727,-0.3662738800048828
1788893156081960700,53.994960693359374,-1.2433135509490967,0.7862472534179688,1.0182404518127441
1788893156091984100,54.00498413085938,-2.2860255241394043,1.496140956878662,2.221383810043335
1788893156102013000,54.01501293945312,-3.1585965156555176,2.246370792388916,3.253941774368286
1788893156112029400,54.02502954101563,-3.840038776397705,2.8553972244262695,3.987215518951416
1788893156122046200,54.035046142578125,-4.279290676116943,3.347075939178467,4.4898247718811035
1788893156132063200,54.045063232421874,-4.421789646148682,3.783108711242676,4.819640636444092
1788893156142081000,54.0550810546875,-4.462039470672607,4.090925693511963,5.124742031097412
1788893156152099000,54.06509912109375,-4.4459991455078125,4.3463873863220215,5.408923625946045
1788893156162118100,54.0751181640625,-4.405731201171875,4.597425937652588,5.564120769500732
1788893156172138000,54.085137939453126,-4.3242692947387695,4.853561878204346,5.564711093902588
1788893156182158300,54.095158447265625,-4.193666934967041,5.1184000968933105,5.4062581062316895
1788893156192180000,54.10517993164063,-4.062644004821777,5.334203720092773,5.365543842315674
1788893156202202000,54.1152021484375,-3.8371729850769043,5.414786338806152,5.140109062194824
1788893156212225000,54.12522509765625,-3.498054027557373,5.382699012756348,4.641630172729492
1788893156222248400,54.13524853515625,-3.0710699558258057,5.2066569328308105,4.307638168334961
1788893156232272600,54.14527270507813,-2.518113613128662,4.918521881103516,3.943802833557129
1788893156242297000,54.15529711914063,-1.986548900604248,4.440640449523926,3.3178021907806396
1788893156252321800,54.16532177734375,-1.2967138290405273,3.763216972351074,2.1879825592041016
1788893156262346800,54.1753466796875,-0.4221799373626709,3.2162461280822754,1.0665712356567383
1788893156272368600,54.18536865234375,0.3403801918029785,2.492061138153076,-0.013236045837402344
1788893156282391000,54.19539111328125,0.895024299621582,1.5068693161010742,-0.7519550323486328
1788893156292418600,54.20541845703125,1.0213830471038818,-0.5707502365112305,-1.3825149536132812
1788893156302435600,54.215435546875,0.7231640815734863,-2.597689151763916,-1.5613551139831543
1788893156312452900,54.22545288085937,0.5866851806640625,-4.301992893218994,-3.575112819671631
1788893156322470400,54.23547045898437,0.3699202537536621,-5.261620998382568,-5.128188610076904
1788893156332488400,54.24548852539063,-0.312538743019104,-6.156405448913574,-5.655783176422119
1788893156342507000,54.255507080078125,-0.6246966123580933,-6.504765510559082,-6.824417591094971
1788893156352526300,54.2655263671875,-0.5207425355911255,-6.0447096824646,-8.243850708007812
1788893156362546200,54.27554614257812,-0.5194046497344971,-5.648543834686279,-8.592911720275879
1788893156372566800,54.28556689453125,-0.661799430847168,-5.460770130157471,-8.767465591430664
1788893156382588400,54.29558837890625,-0.9502289295196533,-4.449770450592041,-9.06959342956543
1788893156392610600,54.30561059570312,-1.393909215927124,-2.575223445892334,-8.322429656982422
1788893156402633200,54.31563330078125,-1.6017098426818848,-0.9443635940551758,-8.250873565673828
1788893156412656600,54.32565673828125,-1.2022829055786133,0.39069223403930664,-8.041969299316406
1788893156422680300,54.33568041992187,-0.2923111915588379,0.9936375617980957,-7.072323322296143
1788893156432704500,54.34570458984375,0.847257137298584,0.9038796424865723,-6.283205509185791
1788893156442729000,54.35572900390625,1.6261711120605469,0.40720462799072266,-5.928078651428223
1788893156452753400,54.36575341796875,1.4701004028320312,-0.27118873596191406,-5.2154388427734375
1788893156462777600,54.375777587890624,0.7016997337341309,-1.13037109375,-4.575618743896484
1788893156472799000,54.38579907226563,-0.17116260528564453,-1.6234149932861328,-2.8707003593444824
1788893156482817800,54.39581787109375,-1.196944236755371,-1.7984733581542969,-1.03041410446167
1788893156492836600,54.405836669921875,-2.3946850299835205,-1.3654675483703613,0.45316123962402344
1788893156502855700,54.415855712890625,-3.5266635417938232,-0.724909782409668,1.5241060256958008
1788893156512875300,54.42587524414063,-4.453306674957275,-0.11755704879760742,2.01137638092041
1788893156522895000,54.43589501953125,-4.956587314605713,0.5173554420471191,2.2553935050964355
1788893156532915700,54.44591577148437,-5.000763416290283,0.9178037643432617,2.5057759284973145
1788893156542936600,54.4559365234375,-4.616910934448242,1.1301202774047852,2.7696385383605957
1788893156552958000,54.4659580078125,-3.9052248001098633,1.2465791702270508,3.0333023071289062
1788893156562979600,54.4759794921875,-3.1549577713012695,1.1776633262634277,3.170036792755127
1788893156573002000,54.486001953125,-2.5356192588806152,0.9419741630554199,3.338205337524414
1788893156583024600,54.496024658203126,-1.9107208251953125,0.6499581336975098,3.520559072494507
1788893156593047600,54.50604760742188,-1.3270094394683838,0.27506017684936523,3.667785167694092
1788893156603070700,54.51607080078125,-0.8003649711608887,-0.026021957397460938,3.9617836475372314
1788893156613094000,54.52609399414062,-0.32244181632995605,-0.20248794555664062,3.967072010040283
1788893156623117300,54.536117431640626,0.019805192947387695,-0.42476558685302734,3.591949939727783
1788893156633146000,54.54614599609375,0.1901683807373047,-0.48387718200683594,3.0887093544006348
1788893156643162600,54.55616259765625,0.29694175720214844,-0.6148009300231934,2.388444423675537
1788893156653179100,54.56617919921875,0.349001407623291,-0.9702367782592773,1.7086167335510254
1788893156663196200,54.57619604492187,0.22425627708435059,-1.403937816619873,0.8222551345825195
1788893156673213400,54.58621337890625,0.13156461715698242,-1.6285505294799805,-1.3043851852416992
1788893156683231700,54.59623168945313,0.28632450103759766,-1.724174976348877,-3.3462934494018555
1788893156693250600,54.60625048828125,1.0123059749603271,-2.0226221084594727,-5.337893486022949
1788893156703270400,54.6162705078125,1.584779977798462,-2.6532764434814453,-6.375788688659668
1788893156713291000,54.626291015625,2.0613532066345215,-3.4041495323181152,-6.999057769775391
1788893156723312400,54.6363125,2.3575797080993652,-4.085271835327148,-6.442490577697754
1788893156733334800,54.64633471679687,2.41682505607605,-4.322315216064453,-5.16141414642334
1788893156743358000,54.65635791015625,2.026585340499878,-4.162599563598633,-3.9348325729370117
1788893156753381600,54.66638159179688,1.3201043605804443,-3.623845100402832,-2.8279552459716797
1788893156763405800,54.67640576171875,0.770982027053833,-2.8729355335235596,-1.9626007080078125
1788893156773430500,54.68643041992188,0.4407796859741211,-2.3535783290863037,-1.3146848678588867
1788893156783455500,54.69645556640625,0.13840436935424805,-2.13405179977417,-0.5821971893310547
1788893156793480400,54.70648046875,-0.2627594470977783,-1.9828300476074219,-0.35698890686035156
1788893156803504600,54.71650463867188,-0.5759336948394775,-1.7776269912719727,-0.4689292907714844
1788893156813526300,54.7265263671875,-0.6300060749053955,-1.4911003112792969,-0.6905975341796875
1788893156823547400,54.73654736328125,-0.30486416816711426,-1.2086374759674072,-0.5139646530151367
1788893156833566200,54.746566162109374,0.23104262351989746,-0.8374271392822266,0.05830574035644531
1788893156843585000,54.7565849609375,0.6305921077728271,-0.4769625663757324,0.7541208267211914
1788893156853604000,54.76660400390625,0.8472216129302979,-0.196044921875,1.1843342781066895
1788893156863623700,54.77662377929688,0.8254556655883789,0.18249988555908203,1.6791839599609375
1788893156873643800,54.78664379882812,0.6778151988983154,0.8011221885681152,2.3874950408935547
1788893156883664100,54.7966640625,0.48807859420776367,1.5223193168640137,3.083977699279785
1788893156893685000,54.80668505859375,0.16789889335632324,1.423619270324707,3.3208484649658203
1788893156903706400,54.81670629882812,-0.1496734619140625,1.162083625793457,3.2473154067993164
1788893156913728300,54.82672827148438,-0.47933387756347656,1.3303728103637695,2.9995274543762207
1788893156923750400,54.83675048828125,-0.6507232189178467,1.528749942779541,2.506589412689209
1788893156933773000,54.84677294921875,-0.5532586574554443,1.3170561790466309,1.5524888038635254
1788893156943796000,54.8567958984375,-0.36755847930908203,1.0422916412353516,0.0059680938720703125
1788893156953819100,54.86681909179688,-0.01248466968536377,0.6717138290405273,-1.8415937423706055
1788893156963842300,54.87684228515625,0.8649697303771973,0.10671758651733398,-3.5135903358459473
1788893156973865700,54.88686572265625,1.8934388160705566,-0.7290306091308594,-4.924022674560547
1788893156983894800,54.89689477539063,3.148960828781128,-1.2786364555358887,-5.302012920379639
1788893156993911000,54.9069111328125,4.429324150085449,-1.327127456665039,-5.0472517013549805
1788893157003927800,54.916927734375,5.069352149963379,-1.1495842933654785,-4.2965240478515625
1788893157013944800,54.92694482421875,5.157555103302002,-0.583855152130127,-3.166463851928711
1788893157023962400,54.93696240234375,4.481243133544922,-0.15752172470092773,-2.0700273513793945
1788893157033980400,54.94698046875,3.0304086208343506,0.3319358825683594,-1.0294404029846191
1788893157043999200,54.95699926757813,1.40049147605896,0.7936267852783203,-0.20934009552001953
1788893157054019000,54.96701904296875,-0.0009493827819824219,1.072563648223877,0.38301658630371094
1788893157064039700,54.97703979492187,-1.1770379543304443,1.1194729804992676,1.1673097610473633
1788893157074061000,54.98706103515625,-2.084397792816162,1.1145496368408203,1.8398780822753906
1788893157084083200,54.99708325195313,-2.652897357940674,1.2587180137634277,2.3231964111328125
1788893157094106400,55.0071064453125,-2.952118158340454,1.4344515800476074,2.6846275329589844
1788893157104130000,55.01713012695313,-3.057041883468628,1.596635341644287,3.1291956901550293
1788893157114154200,55.027154296875,-2.9493019580841064,1.6482138633728027,3.664398670196533
1788893157124179000,55.037178955078126,-2.760230779647827,1.7207226753234863,4.1309380531311035
1788893157134203600,55.04720361328125,-2.6424522399902344,1.765890121459961,4.660799026489258
1788893157144228900,55.05722875976563,-2.539881944656372,1.8626885414123535,5.307998180389404
1788893157154253600,55.06725366210937,-2.4012606143951416,2.0491294860839844,5.900017738342285
1788893157164275000,55.07727490234375,-2.239154815673828,2.2586212158203125,6.177630424499512
1788893157174296300,55.08729638671875,-2.1482462882995605,2.6061806678771973,6.2353925704956055
1788893157184315000,55.09731494140625,-2.2225306034088135,2.8725051879882812,6.134073257446289
1788893157194333700,55.107333740234374,-2.440829038619995,3.0062484741210938,5.838667869567871
1788893157204352800,55.117352783203124,-2.6527843475341797,3.12368106842041,5.745505332946777
1788893157214372400,55.127372314453126,-2.786410093307495,3.10092830657959,5.801183700561523
1788893157224392400,55.13739233398437,-2.8496735095977783,2.8999314308166504,5.743013381958008
1788893157234412800,55.14741284179688,-2.583629608154297,2.542555809020996,4.647936820983887
1788893157244433700,55.15743359375,-2.0265214443206787,2.2102575302124023,3.621929407119751
1788893157254455000,55.167455078125,-1.7353723049163818,1.6673812866210938,3.263850212097168
1788893157264477000,55.17747680664063,-2.260173797607422,0.7569618225097656,3.66823148727417
1788893157274499000,55.1874990234375,-3.275513172149658,-0.7755179405212402,4.317997932434082
1788893157284521700,55.197521728515625,-4.348268032073975,-2.3968372344970703,2.441643714904785
1788893157294544600,55.207544677734376,-5.051217079162598,-3.640059471130371,-2.4464988708496094
1788893157304567800,55.21756787109375,-5.908543109893799,-4.4295525550842285,-6.074490547180176
1788893157314591200,55.22759130859375,-5.931611061096191,-4.265995025634766,-9.666138648986816
1788893157324614700,55.23761474609375,-4.76827335357666,-3.9389686584472656,-13.508628845214844
1788893157334643500,55.2476435546875,-3.1528334617614746,-3.0861783027648926,-15.637600898742676
1788893157344660000,55.257659912109375,-1.900926113128662,-2.1868972778320312,-15.734657287597656
1788893157354676700,55.2676767578125,-1.0637636184692383,-1.4493122100830078,-14.870083808898926
1788893157364694000,55.277694091796874,-0.17362260818481445,-0.7474653720855713,-12.647196769714355
1788893157374711600,55.287711669921876,0.4750959873199463,-0.0867452621459961,-9.830876350402832
1788893157384729900,55.29772973632812,0.5740370750427246,0.3187716007232666,-6.784685134887695
1788893157394749000,55.3077490234375,-0.03363990783691406,0.4281473159790039,-3.781534194946289
1788893157404768800,55.317768798828126,-1.0897915363311768,0.0734720230102539,-1.7917518615722656
1788893157414789400,55.327789306640625,-2.2248001098632812,-0.43212223052978516,-0.905919075012207
1788893157424810800,55.33781079101563,-3.0922739505767822,-0.750868558883667,-0.5712690353393555
1788893157434833000,55.3478330078125,-3.700176239013672,-0.9067916870117188,-0.16290569305419922
1788893157444856000,55.35785595703125,-4.353816986083984,-0.9238085746765137,0.715540885925293
1788893157454879500,55.36787939453125,-4.87587833404541,-0.8176784515380859,1.1596879959106445
1788893157464903700,55.37790356445313,-5.220822334289551,-0.8959341049194336,1.672914981842041
1788893157474928000,55.38792822265625,-5.430129528045654,-0.9794528484344482,2.1357545852661133
1788893157484953000,55.397953125,-5.629930019378662,-0.6987614631652832,2.239696502685547
1788893157494977800,55.40797778320312,-5.7199602127075195,-0.24947905540466309,2.1748971939086914
1788893157505002500,55.41800244140625,-5.62576961517334,0.07924127578735352,2.424128532409668
1788893157515024000,55.42802392578125,-5.29411506652832,0.34870147705078125,2.634897232055664
1788893157525042400,55.43804248046875,-4.921786308288574,0.5101957321166992,2.5633292198181152
1788893157535061500,55.4480615234375,-4.585610389709473,0.5105326175689697,2.200089931488037
1788893157545080600,55.45808056640625,-4.198281288146973,0.40616941452026367,1.375490665435791
1788893157555100200,55.46810009765625,-3.5522778034210205,0.32048559188842773,-0.2217116355895996
1788893157565120000,55.4781201171875,-2.682922840118408,0.10972476005554199,-2.435764789581299
1788893157575140600,55.488140625,-1.5373802185058594,-0.11283707618713379,-4.029801845550537
1788893157585161500,55.49816137695313,-0.5861592292785645,-0.848696231842041,-4.2174506187438965
1788893157595182800,55.50818286132812,0.13936662673950195,-1.7125518321990967,-4.305358409881592
1788893157605204500,55.51820458984375,0.9474010467529297,-2.002060890197754,-3.6651482582092285
1788893157615227000,55.528226806640625,1.8040404319763184,-1.5499114990234375,-3.609696388244629
1788893157625249300,55.538249267578124,2.3791284561157227,-0.6135427951812744,-4.558110237121582
1788893157635272200,55.548272216796875,2.660815715789795,0.20017743110656738,-5.540689468383789
1788893157645295400,55.55829541015625,3.1170175075531006,0.6132428646087646,-6.829063415527344
1788893157655318800,55.56831884765625,3.2166225910186768,0.469097375869751,-7.263171195983887
1788893157665342200,55.57834228515625,3.20438551902771,0.43570590019226074,-7.913801193237305
1788893157675371000,55.58837109375,3.5895590782165527,0.7060341835021973,-8.959457397460938
1788893157685387800,55.5983876953125,4.259919166564941,1.1517724990844727,-8.654511451721191
1788893157695404300,55.608404296875,4.8550496101379395,1.3921983242034912,-7.484500885009766
1788893157705421600,55.61842163085937,5.06095027923584,1.5099830627441406,-6.135913848876953
1788893157715439000,55.628439208984375,4.695860385894775,1.2948064804077148,-4.412421703338623
1788893157725457400,55.63845751953125,3.8851518630981445,1.261983871459961,-2.8805789947509766
1788893157735476200,55.64847631835938,2.785860061645508,1.400761604309082,-1.6188082695007324
1788893157745496000,55.65849609375,1.684192180633545,1.830397129058838,-0.7932229042053223
1788893157755516700,55.6685166015625,0.5877914428710938,2.4946279525756836,-0.1935105323791504
1788893157765538000,55.6785380859375,-0.4148573875427246,3.2003211975097656,0.46048784255981445
1788893157775560400,55.688560546875,-1.1423418521881104,3.9534482955932617,1.1220307350158691
1788893157785583400,55.698583251953124,-1.5416696071624756,4.602253437042236,1.7813215255737305
1788893157795607000,55.70860693359375,-1.6710257530212402,5.042734146118164,2.4021005630493164
1788893157805631000,55.718630859375,-1.5296123027801514,5.343199729919434,2.900660514831543
1788893157815655700,55.72865576171875,-1.14723801612854,5.45546817779541,3.1023542881011963
1788893157825680400,55.73868041992188,-0.5850255489349365,5.290977954864502,3.205920457839966
1788893157835705300,55.74870532226562,0.07888913154602051,4.8979926109313965,3.1908702850341797
1788893157845727500,55.7587275390625,0.853236198425293,4.351600646972656,3.0285608768463135
1788893157855749600,55.76874951171875,1.5011615753173828,3.726360321044922,2.6373229026794434
1788893157865777400,55.77877734375,1.9068639278411865,2.9730992317199707,2.1239089965820312
1788893157875794400,55.78879443359375,2.1260626316070557,2.201810836791992,1.722093105316162
1788893157885811500,55.7988115234375,2.3355956077575684,1.5726432800292969,1.4913654327392578
1788893157895829000,55.8088291015625,2.6500377655029297,1.3041996955871582,1.2667288780212402
1788893157905847000,55.818846923828126,3.0329065322875977,1.091881275177002,1.188401222229004
1788893157915865600,55.828865478515624,3.1469674110412598,0.7250070571899414,1.202390193939209
1788893157925885000,55.838885009765626,2.9399447441101074,0.18465757369995117,1.1712865829467773
1788893157935904800,55.84890478515625,2.691965103149414,-0.3322153091430664,1.1030182838439941
1788893157945925400,55.85892529296875,2.6798501014709473,-0.6584019660949707,1.148087978363037
1788893157955947000,55.868947021484374,2.6552059650421143,-0.9244217872619629,1.6623964309692383
1788893157965969200,55.87896923828125,2.5903677940368652,-1.101285457611084,2.0717201232910156
1788893157975992000,55.88899194335937,2.368056297302246,-1.0970520973205566,2.2803213596343994
1788893157986015500,55.899015380859375,2.023906946182251,-1.0352702140808105,2.7058756351470947
1788893157996039400,55.90903930664062,1.5824689865112305,-1.029067039489746,2.9981777667999268
1788893158006063600,55.91906372070312,0.9984982013702393,-0.9256882667541504,3.15048885345459
1788893158016088000,55.92908813476563,0.2143383026123047,-0.6463079452514648,3.001396656036377
1788893158026112800,55.93911279296875,-0.4938352108001709,-0.5413355827331543,2.455549478530884
1788893158036137000,55.94913696289063,-0.9086170196533203,-0.6825046539306641,1.898423194885254
1788893158046158300,55.95915844726562,-1.0515964031219482,-0.8001742362976074,1.343684434890747
1788893158056179700,55.9691796875,-0.974414587020874,-0.7513027191162109,0.5596480369567871
1788893158066198500,55.97919848632812,-0.8390004634857178,-0.6464533805847168,-0.257199764251709
1788893158076217300,55.98921728515625,-0.7377743721008301,-0.43530941009521484,-0.7527074813842773
1788893158086236700,55.99923657226562,-0.9239110946655273,-0.09317970275878906,-0.9615225791931152
1788893158096256000,56.009256103515625,-1.3108813762664795,0.33589601516723633,-1.1179416179656982
1788893158106276000,56.01927612304687,-1.6932945251464844,0.800847053527832,-1.2701420783996582
1788893158116296400,56.02929638671875,-2.0086171627044678,1.2391948699951172,-1.0954465866088867
1788893158126317300,56.0393173828125,-2.1583850383758545,1.4986515045166016,-0.9051544666290283
1788893158136338700,56.04933862304687,-2.1094768047332764,1.5079360008239746,-0.6526138782501221
1788893158146360600,56.059360595703126,-1.9217376708984375,1.3807530403137207,-0.2646808624267578
1788893158156382700,56.0693828125,-1.644862174987793,1.1334600448608398,0.2529776096343994
1788893158166405400,56.0794052734375,-1.4853630065917969,0.8333792686462402,0.6874053478240967
1788893158176428300,56.08942822265625,-1.2702670097351074,0.4740467071533203,0.7835943698883057
1788893158186451500,56.099451416015626,-1.0944948196411133,-0.10592794418334961,1.006293535232544
1788893158196475000,56.10947485351563,-1.5249643325805664,-0.7651858329772949,1.3590633869171143
1788893158206498300,56.119498291015624,-2.320507526397705,-1.6430940628051758,1.3043590784072876
1788893158216527000,56.129527099609376,-2.973585605621338,-2.519343852996826,0.917279839515686
1788893158226543900,56.1395439453125,-3.050281524658203,-2.92938232421875,0.03728914260864258
1788893158236560600,56.149560546875,-2.664553642272949,-2.7515292167663574,-0.7568418979644775
1788893158246578000,56.15957788085937,-2.1123695373535156,-2.666727066040039,-1.4829444885253906
1788893158256595500,56.169595458984375,-1.3183627128601074,-2.4156789779663086,-2.5206775665283203
1788893158266613800,56.17961376953125,-0.5204973220825195,-2.5314135551452637,-2.5610175132751465
1788893158276632800,56.1896328125,0.1687464714050293,-2.6198043823242188,-2.4872167110443115
1788893158286652700,56.199652587890625,0.4908180236816406,-2.4878134727478027,-2.4417357444763184
1788893158296673300,56.20967333984375,0.37593603134155273,-2.3367972373962402,-2.1158194541931152
1788893158306694700,56.21969458007813,-0.0559239387512207,-2.163349151611328,-1.6312873363494873
1788893158316717000,56.229717041015626,-0.759911060333252,-1.9367918968200684,-1.4239060878753662
1788893158326740000,56.239739990234376,-1.4299449920654297,-1.743727684020996,-1.2545444965362549
1788893158336763400,56.24976342773437,-1.592973232269287,-1.6384940147399902,-1.216937780380249
1788893158346787600,56.25978759765625,-1.1964077949523926,-1.789888858795166,-1.019761085510254
1788893158356812000,56.26981201171875,-0.7194581031799316,-2.030945301055908,-0.6774542331695557
1788893158366837000,56.2798369140625,-0.5053229331970215,-2.2004833221435547,-0.4962913990020752
1788893158376862000,56.289862060546874,-0.4408912658691406,-2.381197929382324,-0.5630671977996826
1788893158386886400,56.29988647460937,-0.5357084274291992,-2.402336597442627,-0.7692642211914062
1788893158396907800,56.30990771484375,-0.7642660140991211,-2.1604509353637695,-1.1507806777954102
1788893158406926600,56.319926513671874,-1.0445022583007812,-1.8916335105895996,-1.5642917156219482
1788893158416945400,56.3299453125,-1.2372980117797852,-1.419339656829834,-2.1185483932495117
1788893158426964700,56.33996484375,-1.2424602508544922,-0.8975014686584473,-2.7839834690093994
1788893158436984000,56.349984130859376,-0.9905815124511719,-0.41506195068359375,-3.4845457077026367
1788893158447004200,56.36000415039062,-0.4481062889099121,-0.05844259262084961,-4.060267448425293
1788893158457024500,56.3700244140625,0.4231448173522949,-0.06806468963623047,-4.281436920166016
1788893158467045400,56.38004541015625,1.302870750427246,-0.2834296226501465,-4.1314802169799805
1788893158477066800,56.39006665039062,2.009322166442871,-0.43805408477783203,-3.567159652709961
1788893158487088600,56.40008862304688,2.543966293334961,-0.7369399070739746,-2.9356117248535156
1788893158497110800,56.41011083984375,2.9719724655151367,-1.0402851104736328,-2.223259925842285
1788893158507133400,56.420133544921875,2.9736270904541016,-1.34653902053833,-1.5182453393936157
1788893158517156400,56.43015625,2.3330936431884766,-1.6386308670043945,-1.2925477027893066
1788893158527179500,56.440179443359376,1.1713600158691406,-1.790860652923584,-1.7530827522277832
1788893158537203000,56.45020288085937,0.055397987365722656,-1.6695528030395508,-2.280604362487793
1788893158547226400,56.460226318359375,-0.6634564399719238,-1.2542815208435059,-2.69027042388916
1788893158557255200,56.47025512695313,-1.1244020462036133,-0.9128217697143555,-3.033541202545166
1788893158567272000,56.48027197265625,-1.481888771057129,-0.6524014472961426,-3.537602424621582
1788893158577289000,56.4902890625,-1.7386212348937988,-0.3025951385498047,-4.006059646606445
1788893158587306200,56.50030615234375,-1.8708395957946777,-0.015162467956542969,-4.279667854309082
1788893158597324000,56.51032397460938,-1.9662699699401855,0.1951141357421875,-4.330074310302734
1788893158607342300,56.52034228515625,-2.0513482093811035,0.254575252532959,-4.214930057525635
1788893158617361400,56.530361328125,-2.252087116241455,0.25240468978881836,-4.014000415802002
1788893158627381500,56.54038159179687,-2.5070762634277344,0.2630300521850586,-3.7909111976623535
1788893158637402000,56.55040209960937,-2.730203628540039,0.32226133346557617,-3.5498099327087402
1788893158647423500,56.560423583984374,-2.9307475090026855,0.4364609718322754,-3.280611515045166
1788893158657446000,56.57044580078125,-3.055614948272705,0.5444245338439941,-2.887162685394287
1788893158667468800,56.58046875,-3.133718967437744,0.6359171867370605,-2.4431841373443604
1788893158677492200,56.5904921875,-3.2416844367980957,0.7430391311645508,-2.0548441410064697
1788893158687516400,56.600516357421874,-3.2360615730285645,0.8783717155456543,-1.7561631202697754
1788893158697540900,56.610540771484374,-3.117305278778076,0.9867405891418457,-1.4750739336013794
1788893158707565300,56.6205654296875,-2.880490779876709,1.1044020652770996,-1.3458330631256104
1788893158717590300,56.63059033203125,-2.506319046020508,1.190474033355713,-1.4274386167526245
1788893158727614700,56.64061474609375,-2.1716785430908203,1.1700458526611328,-1.4211053848266602
1788893158737636000,56.650635986328126,-1.8007655143737793,1.005241870880127,-1.3301961421966553
1788893158747655000,56.660655029296876,-1.4286327362060547,0.776951789855957,-1.240166425704956
1788893158757673700,56.670673828125,-1.138509750366211,0.6618437767028809,-1.1776275634765625
1788893158767693000,56.68069311523438,-0.9424295425415039,0.7167062759399414,-1.0591883659362793
1788893158777712400,56.69071240234375,-0.7900457382202148,0.904057502746582,-0.9211784601211548
1788893158787732500,56.700732421875,-0.7166967391967773,1.0541834831237793,-0.866447389125824
1788893158797752800,56.7107529296875,-0.6425762176513672,1.180434226989746,-0.812149167060852
1788893158807773700,56.72077368164062,-0.6216702461242676,1.3445391654968262,-0.6091604232788086
1788893158817795000,56.730795166015625,-0.7453293800354004,1.5278687477111816,-0.2813361585140228
1788893158827817000,56.74081689453125,-1.074033260345459,1.6568074226379395,-0.09902209043502808
1788893158837839000,56.750839111328126,-1.471005916595459,1.7783746719360352,-0.03482329845428467
1788893158847861800,56.76086181640625,-1.9711227416992188,1.6910991668701172,0.06913435459136963
1788893158857884700,56.770884765625,-2.4603185653686523,1.1979308128356934,0.3867732286453247
1788893158867908000,56.780908203125,-2.8074536323547363,0.3483390808105469,0.19637727737426758
1788893158877931300,56.79093115234375,-2.2538809776306152,-0.19867944717407227,-2.049467086791992
1788893158887955000,56.80095483398438,-0.4288315773010254,0.16370058059692383,-4.150331497192383
1788893158897983700,56.81098364257812,1.7586426734924316,-0.45615673065185547,-4.9434356689453125
1788893158908000300,56.82100024414063,3.436990261077881,-1.7224140167236328,-4.832119941711426
1788893158918017000,56.83101708984375,4.444646835327148,-2.8825020790100098,-4.272251129150391
1788893158928034000,56.841033935546875,4.958807945251465,-3.278409957885742,-4.2321343421936035
1788893158938051800,56.8510517578125,5.681735992431641,-2.4130430221557617,-3.9543473720550537
1788893158948070000,56.86106982421875,6.366599082946777,-1.5693159103393555,-3.5437917709350586
1788893158958089000,56.8710888671875,5.995479583740234,-1.0492534637451172,-3.49969482421875
1788893158968108800,56.88110888671875,4.953451156616211,-0.27779674530029297,-3.3469154834747314
1788893158978129400,56.89112939453125,3.4724478721618652,0.26661014556884766,-2.9138007164001465
1788893158988150800,56.90115087890625,2.114555835723877,0.48603057861328125,-2.273902654647827
1788893158998173200,56.91117309570313,1.1548094749450684,0.6075711250305176,-1.7336323261260986
1788893159008196000,56.92119604492188,0.5418095588684082,0.8064899444580078,-1.1167197227478027
1788893159018219800,56.9312197265625,0.038619041442871094,0.8787245750427246,-0.291642427444458
1788893159028244000,56.94124389648437,-0.5067901611328125,0.8428874015808105,0.22549939155578613
1788893159038268400,56.95126831054687,-0.9914193153381348,1.1055045127868652,0.5704255104064941
1788893159048293400,56.96129345703125,-1.2313604354858398,1.5997724533081055,1.0345909595489502
1788893159058318300,56.971318359375,-1.4451026916503906,1.6041526794433594,1.2292027473449707
1788893159068343000,56.981343017578126,-1.774580478668213,1.7372760772705078,1.4467973709106445
1788893159078364700,56.99136474609375,-1.9062376022338867,1.9050045013427734,1.7473089694976807
1788893159088383200,57.00138330078125,-1.7400617599487305,1.7957096099853516,1.8651974201202393
1788893159098402000,57.01140209960938,-1.2719464302062988,1.564277172088623,1.8878159523010254
1788893159108421400,57.02142138671875,-0.826810359954834,1.2634367942810059,1.8912053108215332
1788893159118441000,57.03144091796875,-0.5619912147521973,0.9276714324951172,1.7393319606781006
1788893159128461000,57.0414609375,-0.14232492446899414,0.6301851272583008,1.4013149738311768
1788893159138481400,57.0514814453125,0.3612804412841797,0.343325138092041,1.0343289375305176
1788893159148502300,57.061502197265625,0.7447671890258789,0.0883321762084961,0.5936942100524902
1788893159158523600,57.07152368164063,1.0683259963989258,-0.10758829116821289,0.20656156539916992
1788893159168545500,57.081545654296875,1.3362665176391602,-0.20723533630371094,-0.07053852081298828
1788893159178568000,57.09156787109375,1.5746946334838867,-0.2880229949951172,-0.478515625
1788893159188590600,57.10159057617187,1.6977601051330566,-0.3840060234069824,-0.7951445579528809
1788893159198613500,57.111613525390624,1.5294818878173828,-0.3647794723510742,-0.9672751426696777
1788893159208636700,57.12163671875,1.2179393768310547,-0.3041524887084961,-1.1409015655517578
1788893159218660000,57.13166015625,0.914792537689209,-0.26092529296875,-1.2194457054138184
1788893159228683500,57.14168359375,0.6652021408081055,-0.1886906623840332,-1.2654509544372559
1788893159238712600,57.15171264648438,0.5029826164245605,-0.14515304565429688,-1.421454906463623
1788893159248728800,57.16172875976562,0.5806570053100586,-0.17428064346313477,-1.6338911056518555
1788893159258745300,57.17174536132813,0.8206415176391602,-0.28035402297973633,-1.7607412338256836
1788893159268762400,57.18176245117188,1.0409307479858398,-0.42128539085388184,-1.8874742984771729
1788893159278780000,57.19177978515625,1.1456718444824219,-0.5268247127532959,-2.104506015777588
1788893159288798000,57.2017978515625,1.1931161880493164,-0.5645434856414795,-2.290384531021118
1788893159298816800,57.211816650390624,1.123366355895996,-0.5203559398651123,-2.3787779808044434
1788893159308836600,57.22183666992188,0.9014854431152344,-0.37914228439331055,-2.387662649154663
1788893159318857200,57.231857177734376,0.5586681365966797,-0.17717337608337402,-2.365753173828125
1788893159328878600,57.24187866210937,0.1679840087890625,0.07294034957885742,-2.3154349327087402
1788893159338901000,57.25190087890625,-0.28356266021728516,0.34563183784484863,-2.1202971935272217
1788893159348924200,57.26192407226562,-0.7380352020263672,0.5494444370269775,-1.857769250869751
1788893159358948000,57.271947998046876,-1.1232380867004395,0.7313761711120605,-1.5472536087036133
1788893159368972300,57.28197216796875,-1.4494104385375977,0.9418463706970215,-1.2243139743804932
1788893159378997000,57.2919970703125,-1.7123241424560547,1.0823397636413574,-0.9573590755462646
1788893159389022000,57.30202197265625,-1.9222302436828613,1.1586450338363647,-0.766862154006958
1788893159399047200,57.31204711914062,-2.0316853523254395,1.2237292528152466,-0.634148359298706
1788893159409071600,57.32207153320312,-1.999098300933838,1.2713226079940796,-0.5947134494781494
1788893159419093200,57.33209326171875,-1.7833433151245117,1.211578369140625,-0.6449284553527832
1788893159429111800,57.34211181640625,-1.4818706512451172,1.1121630668640137,-0.7664384841918945
1788893159439130600,57.35213061523437,-1.1148180961608887,1.0163922309875488,-0.8573966026306152
1788893159449150000,57.36214990234375,-0.7974190711975098,0.9248213768005371,-0.8389396667480469
1788893159459169500,57.37216943359375,-0.567840576171875,0.9163050651550293,-0.8909182548522949
1788893159469189600,57.38218969726562,-0.40656185150146484,0.9411604404449463,-0.915377140045166
1788893159479210000,57.3922099609375,-0.3233985900878906,0.9359209537506104,-0.8215193748474121
1788893159489230800,57.40223095703125,-0.3095378875732422,0.9523980617523193,-0.7642498016357422
1788893159499252500,57.41225244140625,-0.3138723373413086,0.9754514694213867,-0.7804384231567383
1788893159509274000,57.42227416992188,-0.19527721405029297,1.179518461227417,-1.0019876956939697
1788893159519296500,57.432296630859376,0.48664093017578125,1.5220870971679688,-1.2167072296142578
1788893159529319200,57.442319091796875,1.0084152221679688,1.3275535106658936,-0.7798666954040527
1788893159539342000,57.452342041015626,0.7209796905517578,1.1518957614898682,-0.8263518810272217
1788893159549365500,57.46236547851562,0.05190753936767578,1.1155362129211426,-0.8062677383422852
1788893159559388700,57.472388671875,-0.6345467567443848,0.9341309070587158,-0.5301446914672852
1788893159569412000,57.482412109375,-1.0845670700073242,0.6997900009155273,-0.2838606834411621
1788893159579441200,57.49244116210937,-1.2332143783569336,0.5519111156463623,-0.13180041313171387
1788893159589457400,57.50245751953125,-1.2613420486450195,0.4204716682434082,-0.16295695304870605
1788893159599474200,57.51247412109375,-1.258707046508789,0.23444175720214844,-0.31686878204345703
1788893159609491200,57.5224912109375,-1.1905059814453125,0.09001564979553223,-0.6185824871063232
1788893159619508700,57.5325087890625,-1.065913200378418,-0.03778243064880371,-0.9121360778808594
1788893159629526800,57.54252685546875,-0.9232897758483887,-0.16995525360107422,-1.123600721359253
1788893159639545900,57.5525458984375,-0.815636157989502,-0.23680996894836426,-1.2613930702209473
1788893159649565400,57.5625654296875,-0.7577643394470215,-0.2583639621734619,-1.2881066799163818
1788893159659586300,57.57258642578125,-0.6875290870666504,-0.2965998649597168,-1.1280808448791504
1788893159669607700,57.582607666015626,-0.6764998435974121,-0.33213281631469727,-0.9919934272766113
1788893159679630000,57.592630126953125,-0.7385592460632324,-0.3642106056213379,-0.8513503074645996
1788893159689653200,57.6026533203125,-0.7971720695495605,-0.35339951515197754,-0.7510631084442139
1788893159699677000,57.612677001953124,-0.7855029106140137,-0.2949705123901367,-0.6866154670715332
1788893159709701000,57.622701171875,-0.7423968315124512,-0.19491195678710938,-0.6436808109283447
1788893159719725800,57.63272583007812,-0.6928629875183105,-0.03589630126953125,-0.5848884582519531
1788893159729750800,57.642750732421874,-0.6375918388366699,0.16216659545898438,-0.5161378383636475
1788893159739775700,57.652775634765625,-0.5581173896789551,0.3748049736022949,-0.37645554542541504
1788893159749800400,57.662800537109376,-0.455294132232666,0.5630040168762207,-0.11459112167358398
1788893159759821800,57.67282177734375,-0.4204878807067871,0.6791338920593262,-0.00939321517944336
1788893159769840600,57.68284057617188,-0.4153933525085449,0.7045397758483887,0.0011150836944580078
1788893159779859500,57.692859375,-0.381807804107666,0.6492562294006348,0.00972437858581543
1788893159789878800,57.70287866210938,-0.34744977951049805,0.580085277557373,-0.03790926933288574
1788893159799898400,57.7128984375,-0.29303503036499023,0.4672842025756836,-0.16358518600463867
1788893159809918200,57.722918212890626,-0.4047703742980957,0.5578980445861816,-0.016162633895874023
1788893159819938800,57.732938720703125,-0.5190844535827637,0.7056856155395508,0.2065436840057373
1788893159829959700,57.742959716796875,-0.37938547134399414,0.6525945663452148,0.3814353942871094
1788893159839981000,57.75298095703125,-0.03674507141113281,0.6019277572631836,0.7348003387451172
1788893159850003000,57.7630029296875,0.16716575622558594,0.48934364318847656,1.049497365951538
1788893159860025300,57.773025390625,0.1656351089477539,0.29162168502807617,0.9808144569396973
1788893159870048000,57.78304809570312,0.2362060546875,0.17816543579101562,0.5175135135650635
1788893159880071000,57.79307080078125,0.8171882629394531,0.08718204498291016,-0.0319209098815918
1788893159890094000,57.803093994140625,1.5198478698730469,-0.22727298736572266,-0.8087613582611084
1788893159900117500,57.81311743164063,2.039788246154785,-0.7672100067138672,-1.3940155506134033
1788893159910141000,57.82314086914062,2.140134811401367,-1.3091588020324707,-1.3569471836090088
1788893159920169700,57.833169677734375,2.037814140319824,-1.6515898704528809,-1.3045682907104492
1788893159930186200,57.84318627929687,1.820694923400879,-1.9053921699523926,-1.3185439109802246
1788893159940203000,57.853203125,1.2807741165161133,-1.99908447265625,-1.1934785842895508
1788893159950220000,57.86321997070313,0.5539875030517578,-1.8343281745910645,-1.0409519672393799
1788893159960237600,57.87323754882812,0.013631820678710938,-1.4263482093811035,-0.695183277130127
1788893159970256000,57.883255859375,-0.22172021865844727,-1.1116809844970703,-0.44881701469421387
1788893159980274700,57.893274658203126,-0.306429386138916,-0.8407831192016602,-0.22913551330566406
1788893159990294500,57.90329443359375,-0.11916589736938477,-0.6284608840942383,0.04006075859069824
1788893160000315100,57.91331518554688,0.32118892669677734,-0.7551717758178711,0.277965784072876
1788893160010336500,57.92333642578125,0.8017120361328125,-0.9868240356445312,0.30571556091308594
1788893160020359000,57.93335888671875,1.0169239044189453,-1.1072769165039062,0.3159468173980713
1788893160030381800,57.9433818359375,0.8260660171508789,-1.0692815780639648,0.47090673446655273
1788893160040405800,57.95340576171875,0.3241147994995117,-0.9682459831237793,0.7611279487609863
1788893160050430000,57.963429931640626,-0.08418750762939453,-0.7349562644958496,1.0303993225097656
1788893160060454400,57.973454345703125,-0.2543673515319824,-0.42778825759887695,1.262709140777588
1788893160070479400,57.983479248046876,-0.3489346504211426,-0.28439903259277344,1.2046070098876953
1788893160080504300,57.99350439453125,-0.4827141761779785,-0.3380775451660156,0.9910285472869873
1788893160090529300,58.003529296875,-0.49382829666137695,-0.44617700576782227,0.8373270034790039
1788893160100551000,58.013551025390626,-0.36510515213012695,-0.5587773323059082,0.8480453491210938
1788893160110572300,58.023572265625,-0.23664236068725586,-0.6548953056335449,0.9471096992492676
1788893160120590800,58.0335908203125,-0.21030569076538086,-0.6938877105712891,0.994943380355835
1788893160130610000,58.04360986328125,-0.31965017318725586,-0.7437138557434082,0.9680721759796143
1788893160140629000,58.05362890625,-0.48742151260375977,-0.8136811256408691,0.8962249755859375
1788893160150648600,58.06364868164062,-0.5788378715515137,-0.9035663604736328,0.6907570362091064
1788893160160668700,58.073668701171876,-0.6548314094543457,-0.9788913726806641,0.5929086208343506
1788893160170689000,58.08368896484375,-0.6901164054870605,-0.9805026054382324,0.6178829669952393
1788893160180710100,58.093710205078125,-0.75531005859375,-1.0648293495178223,0.5753495693206787
1788893160190731500,58.1037314453125,-0.8305940628051758,-1.0499043464660645,0.4428987503051758
1788893160200753400,58.11375341796875,-0.8914632797241211,-0.9389982223510742,0.6353394985198975
1788893160210775600,58.12377563476562,-0.7473726272583008,-0.8984665870666504,0.8576369285583496
1788893160220798200,58.13379809570313,-0.4585089683532715,-0.8161835670471191,0.9544448852539062
1788893160230821000,58.14382104492187,-0.3193840980529785,-0.6716318130493164,1.0429143905639648
1788893160240844500,58.153844482421874,-0.2919001579284668,-0.5419769287109375,1.041445016860962
1788893160250867700,58.16386767578125,-0.31818628311157227,-0.4137759208679199,0.9045686721801758
1788893160260891400,58.17389135742187,-0.4027533531188965,-0.2447957992553711,0.8490583896636963
1788893160270920200,58.183920166015625,-0.48770952224731445,-0.06369829177856445,0.7945425510406494
1788893160280936700,58.19393676757812,-0.5966196060180664,0.02001047134399414,0.6792283058166504
1788893160290953200,58.203953125,-0.6004009246826172,0.12150764465332031,0.541212797164917
1788893160300970200,58.21397021484375,-0.5140604972839355,0.17770147323608398,0.38575267791748047
1788893160310987800,58.22398779296875,-0.4003567695617676,0.17771005630493164,0.2044677734375
1788893160321006000,58.234006103515625,-0.28290700912475586,0.15507268905639648,0.08916807174682617
1788893160331025000,58.24402490234375,-0.19432878494262695,0.12966489791870117,0.11243700981140137
1788893160341044700,58.25404467773438,-0.21943902969360352,0.12215089797973633,0.1262800693511963
1788893160351065300,58.2640654296875,-0.25694990158081055,0.12958145141601562,0.13915371894836426
1788893160361087000,58.2740869140625,-0.1875596046447754,0.13812780380249023,0.21189188957214355
1788893160371109400,58.284109375,-0.1553478240966797,0.18068456649780273,0.3103458881378174
1788893160381132500,58.29413256835937,-0.12296581268310547,0.2852764129638672,0.3659524917602539
1788893160391156200,58.30415625,0.12766551971435547,0.4931058883666992,0.49181365966796875
1788893160401180700,58.3141806640625,1.110426902770996,0.986602783203125,0.5346128940582275
1788893160411205400,58.32420532226563,-0.34233951568603516,0.9307346343994141,0.7642433643341064
1788893160421230300,58.33423022460938,-0.3614468574523926,0.8884921073913574,0.5286223888397217
1788893160431255600,58.344255615234374,-0.32262372970581055,0.8573393821716309,0.2927532196044922
1788893160441279700,58.35427978515625,-0.37406349182128906,0.8618159294128418,0.007942676544189453
1788893160451301000,58.364301025390624,-0.3983802795410156,0.732459545135498,-0.06045675277709961
1788893160461322500,58.374322509765626,-0.2117757797241211,0.6773500442504883,-0.20670175552368164
1788893160471341300,58.38434130859375,0.2315807342529297,0.57427978515625,-0.3156576156616211
1788893160481360100,58.394360107421875,0.7123150825500488,0.4360041618347168,-0.38262367248535156
1788893160491379500,58.40437939453125,0.9505572319030762,0.358889102935791,-0.4324979782104492
1788893160501399000,58.41439892578125,1.0220932960510254,0.31279563903808594,-0.48082518577575684
1788893160511419100,58.424419189453126,0.9937849044799805,0.26928281784057617,-0.3476419448852539
1788893160521439500,58.434439453125,0.8182439804077148,0.20584487915039062,-0.3074066638946533
1788893160531460400,58.44446044921875,0.4926266670227051,0.21530675888061523,-0.268324613571167
1788893160541481700,58.454481689453125,0.12990140914916992,0.407958984375,0.0504603385925293
1788893160551503600,58.46450366210937,-0.05861616134643555,0.4007434844970703,0.08142518997192383
1788893160561526000,58.47452612304688,0.016303062438964844,0.30770206451416016,0.02498769760131836
1788893160571548700,58.48454858398438,0.19083690643310547,0.2416548728942871,0.04477810859680176
1788893160581571600,58.49457153320313,0.44026947021484375,0.28116321563720703,0.03282642364501953
1788893160591594800,58.5045947265625,0.6503934860229492,0.23726606369018555,0.022518634796142578
1788893160601618200,58.5146181640625,0.7082138061523438,0.0030841827392578125,-0.19962739944458008
1788893160611641900,58.52464184570312,0.7797727584838867,-0.1847977638244629,-0.7908182144165039
1788893160621670700,58.534670654296875,1.169011116027832,-0.16552019119262695,-1.2701504230499268
1788893160631687200,58.54468725585937,1.5973548889160156,-0.2507762908935547,-1.7824039459228516
1788893160641704000,58.55470385742188,1.8110160827636719,-0.5379681587219238,-1.8727962970733643
1788893160651721000,58.56472094726563,1.9460935592651367,-0.8815264701843262,-1.9092121124267578
1788893160661738500,58.57473852539062,2.0391435623168945,-1.0442352294921875,-2.0764033794403076
1788893160671756500,58.584756591796875,1.9963092803955078,-1.0626411437988281,-1.982485055923462
1788893160681775600,58.594775634765625,1.734786033630371,-1.0230021476745605,-1.6808223724365234
1788893160691795500,58.60479541015625,1.205352783203125,-0.8775467872619629,-1.3771231174468994
1788893160701816000,58.61481616210938,0.5449466705322266,-0.6498754024505615,-1.0858049392700195
1788893160711837700,58.62483764648437,-0.13860607147216797,-0.4063291549682617,-0.8400707244873047
1788893160721860000,58.63486010742187,-0.7618622779846191,-0.22790098190307617,-0.45272397994995117
1788893160731883000,58.64488305664062,-1.3375740051269531,-0.06316208839416504,-0.18520474433898926
1788893160741906700,58.65490673828125,-1.8613314628601074,0.11286711692810059,-0.04247641563415527
1788893160751931000,58.664930908203125,-2.272672653198242,0.21906232833862305,0.1546769142150879
1788893160761955600,58.67495556640625,-2.4670987129211426,0.23121976852416992,0.19156789779663086
1788893160771980500,58.68498046875,-2.4411606788635254,0.3581690788269043,0.09726285934448242
1788893160782005500,58.69500561523437,-2.17856502532959,0.3914475440979004,-0.06342720985412598
1788893160792030200,58.7050302734375,-1.6300559043884277,0.2900421619415283,-0.24102997779846191
1788893160802051600,58.715051513671874,-0.9989738464355469,0.05463671684265137,-0.3835105895996094
1788893160812070400,58.7250703125,-0.4207897186279297,-0.08081912994384766,-0.6425881385803223
1788893160822089500,58.73508935546875,0.06552982330322266,-0.20275521278381348,-0.8196799755096436
1788893160832108500,58.745108642578124,0.2646169662475586,-0.29520225524902344,-0.93556809425354
1788893160842128100,58.755128173828126,0.2829122543334961,-0.27272844314575195,-1.0554723739624023
1788893160852148200,58.76514819335937,0.14502906799316406,-0.15326404571533203,-1.1754255294799805
1788893160862168600,58.77516845703125,-0.06194496154785156,0.04685091972351074,-1.339679479598999
1788893160872189700,58.78518969726562,-0.24181365966796875,0.2064814567565918,-1.4498040676116943
1788893160882211000,58.795211181640624,-0.3981475830078125,0.3003838062286377,-1.5204391479492188
1788893160892233000,58.80523291015625,-0.5253925323486328,0.3256983757019043,-1.627802848815918
1788893160902255000,58.815255126953126,-0.5095052719116211,0.31123852729797363,-1.7634997367858887
1788893160912277800,58.82527783203125,-0.29906368255615234,0.23647356033325195,-1.87546706199646
1788893160922300700,58.83530078125,-0.08081722259521484,0.09408020973205566,-1.8372104167938232
1788893160932324000,58.84532397460937,0.016490936279296875,-0.0269773006439209,-1.675499439239502
1788893160942347500,58.855347412109374,-0.006405830383300781,-0.04663276672363281,-1.3838598728179932
1788893160952371000,58.86537084960938,-0.10974597930908203,0.02685236930847168,-1.0707523822784424
1788893160962399700,58.87539965820312,-0.29223060607910156,0.15239286422729492,-0.7735118865966797
1788893160972416300,58.88541625976563,-0.5575799942016602,0.2753417491912842,-0.4731872081756592
1788893160982432800,58.895432861328125,-0.809908390045166,0.40299248695373535,-0.2766263484954834
1788893160992449800,58.90544970703125,-0.9255776405334473,0.46971869468688965,-0.1334214210510254
1788893161002467600,58.915467529296876,-0.8623003959655762,0.48064422607421875,-0.011078596115112305
1788893161012485600,58.92548559570312,-0.6784029006958008,0.43422651290893555,0.00934910774230957
1788893161022504700,58.93550463867187,-0.4844999313354492,0.3619091510772705,0.000545501708984375
1788893161032524500,58.94552465820313,-0.3338956832885742,0.2853870391845703,0.02002859115600586
1788893161042545200,58.955545166015625,-0.27439308166503906,0.23233771324157715,0.09216570854187012
1788893161052566800,58.96556689453125,-0.3105297088623047,0.22611379623413086,0.22211694717407227
1788893161062589200,58.97558911132813,-0.4034881591796875,0.2673337459564209,0.33367061614990234
1788893161072612000,58.98561206054688,-0.5433006286621094,0.38084959983825684,0.4074995517730713
1788893161082635800,58.9956357421875,-0.6340970993041992,0.5295915603637695,0.45735692977905273
1788893161092660000,59.00565991210937,-0.637211799621582,0.6718494892120361,0.47886133193969727
1788893161102684700,59.0156845703125,-0.5959281921386719,0.7739901542663574,0.48642587661743164
1788893161112709600,59.025709716796875,-0.5105648040771484,0.8067033290863037,0.5327949523925781
1788893161122734600,59.03573461914063,-0.4006977081298828,0.7837955951690674,0.612713098526001
1788893161132759300,59.04575927734375,-0.26206493377685547,0.7190194129943848,0.7110857963562012
1788893161142780700,59.05578076171875,-0.08071136474609375,0.6787431240081787,0.7511132955551147
1788893161152799500,59.06579956054688,0.08527374267578125,0.6427462100982666,0.7223430871963501
1788893161162818300,59.075818359375,0.20218276977539062,0.5683417320251465,0.6425410509109497
1788893161172837600,59.08583764648437,0.3179359436035156,0.4798550605773926,0.5256845951080322
1788893161182857200,59.09585717773437,0.40916919708251953,0.35823750495910645,0.39734959602355957
1788893161192877000,59.105876953125,0.42922115325927734,0.11776947975158691,0.29444122314453125
1788893161202897700,59.115897705078126,0.4888572692871094,-0.17420077323913574,0.06180715560913086
1788893161212918500,59.12591845703125,0.5547676086425781,-0.36936306953430176,-0.34232497215270996
1788893161222940000,59.13593994140625,0.6990165710449219,-0.5242233276367188,-0.6973659992218018
1788893161232961800,59.1459619140625,0.8544473648071289,-0.690481424331665,-0.9858150482177734
1788893161242984200,59.15598413085937,0.9675006866455078,-0.9266581535339355,-1.2194297313690186
1788893161253006800,59.1660068359375,1.0800237655639648,-1.1331150531768799,-1.3972551822662354
1788893161263029800,59.17602978515625,1.262955665588379,-1.268782138824463,-1.553063154220581
1788893161273053000,59.186052978515626,1.3297815322875977,-1.3307948112487793,-1.6225063800811768
1788893161283076400,59.19607641601562,1.2381248474121094,-1.315171480178833,-1.5796122550964355
1788893161293099800,59.206099853515624,0.993556022644043,-1.2793307304382324,-1.408682107925415
1788893161303128800,59.21612890625,0.6782073974609375,-1.193878412246704,-1.0897042751312256
1788893161313145300,59.226145263671874,0.3166923522949219,-0.9862892627716064,-0.8370919227600098
1788893161323162000,59.236162109375,-0.042366981506347656,-0.6929559707641602,-0.626899242401123
1788893161333179100,59.24617919921875,-0.33121299743652344,-0.4116024971008301,-0.5026278495788574
1788893161343196700,59.25619677734375,-0.5261831283569336,-0.2698206901550293,-0.3995232582092285
1788893161353215000,59.26621508789062,-0.5712347030639648,-0.3017916679382324,-0.27246761322021484
1788893161363234000,59.27623413085937,-0.5301399230957031,-0.40391087532043457,-0.16220474243164062
1788893161373253600,59.286253662109374,-0.47603797912597656,-0.5161821842193604,-0.14683294296264648
1788893161383274200,59.29627416992187,-0.4383249282836914,-0.5971481800079346,-0.14056611061096191
1788893161393296000,59.3062958984375,-0.48906612396240234,-0.6579005718231201,-0.12382364273071289
1788893161403318000,59.316318115234374,-0.6090507507324219,-0.6608850955963135,-0.10569190979003906
1788893161413341200,59.326341064453125,-0.7883024215698242,-0.5914452075958252,-0.17188692092895508
1788893161423364900,59.33636474609375,-0.9161996841430664,-0.4295315742492676,-0.3119661808013916
1788893161433389000,59.34638916015625,-0.9727792739868164,-0.269700288772583,-0.4566843509674072
1788893161443413800,59.35641381835938,-0.9716033935546875,-0.15409493446350098,-0.6176376342773438
1788893161453438500,59.3664384765625,-0.9318923950195312,-0.09256672859191895,-0.7986700534820557
1788893161463463700,59.376463623046874,-0.8254203796386719,-0.12886738777160645,-0.8611001968383789
1788893161473488400,59.38648828125,-0.7622432708740234,-0.22041893005371094,-0.8328795433044434
1788893161483509800,59.396509765625,-0.7332162857055664,-0.27799248695373535,-0.7948966026306152
1788893161493528600,59.406528564453126,-0.8817358016967773,-0.2966151237487793,-0.5718650817871094
1788893161503547600,59.416547607421876,-1.0778584480285645,-0.23102092742919922,-0.33794283866882324
1788893161513566700,59.426566650390626,-1.2729601860046387,-0.1359577178955078,-0.12321090698242188
1788893161523586300,59.43658642578125,-1.4330105781555176,-0.07041740417480469,0.03637433052062988
1788893161533606400,59.4466064453125,-1.4524645805358887,-0.04158902168273926,0.07284986972808838
1788893161543626800,59.45662670898437,-1.3744912147521973,-0.07798218727111816,0.030263900756835938
1788893161553647900,59.46664794921875,-1.266120433807373,-0.15163564682006836,-0.09892153739929199
1788893161563669200,59.476669189453126,-1.16579008102417,-0.23986434936523438,-0.21752238273620605
1788893161573691100,59.48669116210937,-0.8452882766723633,-0.3168632984161377,-0.32080984115600586
1788893161583713300,59.49671337890625,-0.5381584167480469,-0.1435868740081787,-0.15197539329528809
1788893161593736000,59.50673583984375,-0.35908985137939453,0.13011479377746582,0.2612040042877197
1788893161603759000,59.51675903320312,0.018707275390625,0.3162970542907715,0.196274995803833
1788893161613782300,59.5267822265625,-1.1507182121276855,0.2216649055480957,0.2910526990890503
1788893161623805700,59.5368056640625,-1.1029553413391113,-0.06763720512390137,0.22567200660705566
1788893161633829000,59.5468291015625,-1.2889189720153809,-0.1064295768737793,0.23112177848815918
1788893161643858000,59.55685791015625,-1.3485865592956543,-0.1737508773803711,0.2738983631134033
1788893161653874400,59.56687451171875,-1.3477234840393066,-0.361752986907959,0.2550199031829834
1788893161663891000,59.57689086914063,-1.3758931159973145,-0.537449836730957,0.17986607551574707
1788893161673908000,59.586907958984376,-1.1600193977355957,-0.6225533485412598,0.020449161529541016
1788893161683925800,59.59692578125,-0.7541475296020508,-0.7305104732513428,-0.09767436981201172
