time,seconds_elapsed,z,y,x
1788893102237826800,0.150826904296875,0.3952127993106842,-0.02210422046482563,-0.11318425834178925
1788893102247842600,0.160842529296875,0.5305013060569763,0.20692746341228485,-0.16112112998962402
1788893102257858600,0.170858642578125,0.6231792569160461,0.42850229144096375,-0.21544957160949707
1788893102267875000,0.180875,0.6689855456352234,0.568051815032959,-0.2612559199333191
1788893102277891800,0.190891845703125,0.6455497741699219,0.5978792309761047,-0.32091066241264343
1788893102287909600,0.20090966796875,0.5944170951843262,0.6564686894416809,-0.3837612271308899
1788893102297928200,0.21092822265625,0.5613939166069031,0.7608645558357239,-0.45619916915893555
1788893102307947500,0.220947509765625,0.5592634081840515,0.8950877785682678,-0.5286371111869812
1788893102317968000,0.2309677734375,0.5869602560997009,1.0026793479919434,-0.6010749936103821
1788893102327989000,0.240989013671875,0.6476802825927734,1.044224739074707,-0.6799045205116272
1788893102338011100,0.25101123046875,0.7510108947753906,0.9739173054695129,-0.7576687932014465
1788893102348034000,0.261033935546875,0.8660593628883362,0.8098666667938232,-0.8247803449630737
1788893102358057700,0.2710576171875,0.9534109830856323,0.5797697305679321,-0.8737825155258179
1788893102368082000,0.28108203125,0.997086763381958,0.3315632939338684,-0.8844351172447205
1788893102378106400,0.2911064453125,0.9949562549591064,0.10679268091917038,-0.8503466844558716
1788893102388131300,0.30113134765625,0.9683246612548828,-0.0732368752360344,-0.7843003273010254
1788893102398156300,0.31115625,0.9267793893814087,-0.1808284968137741,-0.7086666226387024
1788893102408180700,0.3211806640625,0.8617982864379883,-0.19893798232078552,-0.6490118503570557
1788893102418201900,0.331201904296875,0.80001300573349,-0.1861548274755478,-0.6213150024414062
1788893102428223000,0.341222900390625,0.7765771746635437,-0.20106850564479828,-0.629837155342102
1788893102438241300,0.3512412109375,0.7957519292831421,-0.28628960251808167,-0.6745781898498535
1788893102448260000,0.361260009765625,0.8575372099876404,-0.4343612492084503,-0.7395592927932739
1788893102458279000,0.37127880859375,0.9640635848045349,-0.5227781534194946,-0.7917572259902954
1788893102468298200,0.38129833984375,1.0918952226638794,-0.5270391702651978,-0.7917572259902954
1788893102478317800,0.39131787109375,1.1643331050872803,-0.4247738718986511,-0.7544729709625244
1788893102488338000,0.401337890625,1.1643331050872803,-0.2564622163772583,-0.6937529444694519
1788893102498358500,0.411358642578125,1.0993521213531494,-0.09347688406705856,-0.6255760788917542
1788893102508379600,0.421379638671875,0.988564670085907,0.00985368900001049,-0.5723128914833069
1788893102518401300,0.4314013671875,0.8735162019729614,-0.007190529722720385,-0.5414202213287354
1788893102528423200,0.441423095703125,0.7946866750717163,-0.1478053331375122,-0.5318328738212585
1788893102538445600,0.451445556640625,0.7701855897903442,-0.35659700632095337,-0.529702365398407
1788893102548468200,0.46146826171875,0.8032087683677673,-0.5366265773773193,-0.5147886276245117
1788893102558491100,0.4714912109375,0.8607330322265625,-0.6335655450820923,-0.47537389397621155
1788893102568514300,0.481514404296875,0.8735162019729614,-0.5984118580818176,-0.41465386748313904
1788893102578537500,0.491537353515625,0.817057192325592,-0.450340211391449,-0.3464770019054413
1788893102588566000,0.50156591796875,0.6998782157897949,-0.2234390527009964,-0.28682222962379456
1788893102598582300,0.511582275390625,0.5496760606765747,0.026897907257080078,-0.2516685426235199
1788893102608598800,0.521598876953125,0.38775596022605896,0.20160114765167236,-0.24634221196174622
1788893102618615600,0.531615478515625,0.2258358895778656,0.27403905987739563,-0.2708432674407959
1788893102628632800,0.5416328125,0.08735162019729614,0.24421168863773346,-0.31025803089141846
1788893102638651000,0.55165087890625,-0.0031957910396158695,0.1249021589756012,-0.349672794342041
1788893102648669700,0.561669677734375,-0.03621896356344223,-0.05086633935570717,-0.38589176535606384
1788893102658689000,0.57168896484375,-0.026631591841578484,-0.22024326026439667,-0.40400123596191406
1788893102668709600,0.581709716796875,0.0010652636410668492,-0.32463908195495605,-0.39974018931388855
1788893102678730800,0.591730712890625,0.04793686419725418,-0.3225085735321045,-0.37736964225769043
1788893102688752600,0.601752685546875,0.11078742146492004,-0.22983063757419586,-0.3507380485534668
1788893102698775300,0.611775390625,0.1789642870426178,-0.11371689289808273,-0.33795487880706787
1788893102708798700,0.621798828125,0.245010644197464,-0.040213704109191895,-0.34434646368026733
1788893102718822700,0.63182275390625,0.3142527639865875,-0.04234423115849495,-0.3784348964691162
1788893102728846800,0.641846923828125,0.3760380744934082,-0.09454214572906494,-0.42850229144096375
1788893102738871300,0.651871337890625,0.433562308549881,-0.20106850564479828,-0.48070022463798523
1788893102748896000,0.66189599609375,0.47723811864852905,-0.3416832983493805,-0.5147886276245117
1788893102758920400,0.67192041015625,0.4665854871273041,-0.5387570858001709,-0.508397102355957
1788893102768941800,0.68194189453125,0.39840859174728394,-0.6005423665046692,-0.4828307330608368
1788893102778960100,0.691960205078125,0.3185138404369354,-0.4588623046875,-0.47111284732818604
1788893102788978700,0.701978759765625,0.20985694229602814,-0.36298859119415283,-0.47111284732818604
1788893102798997800,0.711997802734375,0.13422322273254395,-0.4269044101238251,-0.4679170548915863
1788893102809016800,0.722016845703125,0.11611373722553253,-0.5440834164619446,-0.4540686309337616
1788893102819036700,0.73203662109375,0.14807164669036865,-0.5749760270118713,-0.42850229144096375
1788893102829056800,0.742056884765625,0.19600850343704224,-0.5451486706733704,-0.39547911286354065
1788893102839077400,0.752077392578125,0.2396843135356903,-0.5036033987998962,-0.36778226494789124
1788893102849098500,0.762098388671875,0.26098960638046265,-0.4460791349411011,-0.35286858677864075
1788893102859120000,0.7721201171875,0.24394537508487701,-0.3470096290111542,-0.3635212182998657
1788893102869142000,0.78214208984375,0.18216007947921753,-0.1435442715883255,-0.4071970283985138
1788893102879164400,0.792164306640625,0.09587372839450836,0.11744531989097595,-0.4721781015396118
1788893102889187000,0.80218701171875,-0.018109481781721115,0.44235071539878845,-0.5328981280326843
1788893102899210000,0.8122099609375,-0.15446323156356812,0.6905571818351746,-0.5850960612297058
1788893102909233200,0.822233154296875,-0.2620548605918884,0.7906919121742249,-0.6213150024414062
1788893102919256300,0.83225634765625,-0.3153180480003357,0.8088014125823975,-0.6394245028495789
1788893102929284900,0.842284912109375,-0.28868645429611206,0.7800393104553223,-0.622380256652832
1788893102939301000,0.852301025390625,-0.1832253485918045,0.7139929533004761,-0.5573992133140564
1788893102949318000,0.86231787109375,-0.06072002649307251,0.6617950201034546,-0.4338286221027374
1788893102959334700,0.872334716796875,0.02450106292963028,0.6585992574691772,-0.26871275901794434
1788893102969352200,0.882352294921875,-0.008522109128534794,0.7885614037513733,-0.09400951862335205
1788893102979370200,0.892370361328125,-0.1928127259016037,0.9057404398918152,0.06151897460222244
1788893102989389000,0.90238916015625,-0.5155876278877258,0.9558078050613403,0.20532956719398499
1788893102999408600,0.91240869140625,-0.9001477956771851,0.982439398765564,0.3406180441379547
1788893103009429000,0.922428955078125,-1.2506195306777954,0.9941573143005371,0.45673179626464844
1788893103019450400,0.932450439453125,-1.525457501411438,0.9845699071884155,0.5515402555465698
1788893103029472300,0.94247216796875,-1.7235965728759766,0.9558078050613403,0.6165213584899902
1788893103039495200,0.9524951171875,-1.8535587787628174,0.894022524356842,0.6580666303634644
1788893103049518600,0.9625185546875,-1.9291924238204956,0.7981488108634949,0.6804371476173401
1788893103059542300,0.972542236328125,-1.9781945943832397,0.6703171730041504,0.6900244951248169
1788893103069566700,0.982566650390625,-2.0218703746795654,0.5563339591026306,0.6942855715751648
1788893103079591200,0.992591064453125,-2.0602197647094727,0.5020055174827576,0.6974813938140869
1788893103089616000,1.002615966796875,-2.0761988162994385,0.5222455263137817,0.6996119022369385
1788893103099639800,1.012639892578125,-2.0612852573394775,0.568051815032959,0.70174241065979
1788893103109661000,1.022660888671875,-2.0271966457366943,0.5872265696525574,0.7038729786872864
1788893103119682000,1.03268212890625,-1.9760640859603882,0.546746551990509,0.7081339955329895
1788893103129700600,1.04270068359375,-1.9206703901290894,0.4487423002719879,0.7187866568565369
1788893103139719200,1.05271923828125,-1.8642113208770752,0.34328120946884155,0.7432876825332642
1788893103149738000,1.062738037109375,-1.8024260997772217,0.293213814496994,0.7848330140113831
1788893103159757300,1.07275732421875,-1.7374449968338013,0.33475908637046814,0.8402267098426819
1788893103169777000,1.08277685546875,-1.6703333854675293,0.5105276107788086,0.8956204056739807
1788893103179797200,1.09279736328125,-1.6074827909469604,0.8141277432441711,0.936100423336029
1788893103189817900,1.10281787109375,-1.5446323156356812,1.1400984525680542,0.9478183388710022
1788893103199839000,1.1128388671875,-1.4753901958465576,1.4096101522445679,0.9329046607017517
1788893103209860400,1.1228603515625,-1.4104090929031372,1.597096562385559,0.890294075012207
1788893103219882500,1.132882568359375,-1.3528847694396973,1.664208173751831,0.8370308876037598
1788893103229905000,1.14290478515625,-1.2921648025512695,1.5981618165969849,0.7784414291381836
1788893103239927600,1.152927490234375,-1.2165310382843018,1.4255890846252441,0.7166560888290405
1788893103249950500,1.162950439453125,-1.123853087425232,1.1986879110336304,0.6506097912788391
1788893103259973600,1.1729736328125,-1.01413094997406,0.9867004752159119,0.580302357673645
1788893103269996800,1.182996826171875,-0.884168803691864,0.8119972348213196,0.5078644156455994
1788893103280025600,1.193025634765625,-0.7371624112129211,0.6372939944267273,0.4269044101238251
1788893103290041900,1.203041748046875,-0.5837644934654236,0.435959130525589,0.337422251701355
1788893103300058400,1.213058349609375,-0.43036651611328125,0.20160114765167236,0.23089589178562164
1788893103310075100,1.2230751953125,-0.27057695388793945,-0.07962846010923386,0.11478215456008911
1788893103320092700,1.2330927734375,-0.10546109825372696,-0.4077296555042267,-0.008788425475358963
1788893103330110700,1.24311083984375,0.066046342253685,-0.7347655892372131,-0.11957584321498871
1788893103340129300,1.25312939453125,0.23435799777507782,-1.0021467208862305,-0.2090579867362976
1788893103350148900,1.26314892578125,0.4005391299724579,-1.1736541986465454,-0.2697780132293701
1788893103360169200,1.273169189453125,0.5720465779304504,-1.2855068445205688,-0.30599698424339294
1788893103370190600,1.283190673828125,0.7446193099021912,-1.3792500495910645,-0.32091066241264343
1788893103380212500,1.29321240234375,0.8820382952690125,-1.4772543907165527,-0.32943278551101685
1788893103390235100,1.303235107421875,0.9779120087623596,-1.5624754428863525,-0.33902016282081604
1788893103400258600,1.313258544921875,1.039697289466858,-1.5869765281677246,-0.34860754013061523
1788893103410282500,1.323282470703125,1.06419837474823,-1.5209301710128784,-0.3635212182998657
1788893103420306700,1.333306640625,1.0535457134246826,-1.3440964221954346,-0.3890875577926636
1788893103430331100,1.3433310546875,1.0290446281433105,-1.0756499767303467,-0.4295675754547119
1788893103440355800,1.35335595703125,1.0130656957626343,-0.7741803526878357,-0.47537389397621155
1788893103450377700,1.363377685546875,1.0226531028747559,-0.4918854832649231,-0.5158539414405823
1788893103460399600,1.373399658203125,1.058872103691101,-0.2330264151096344,-0.5446160435676575
1788893103470421800,1.383421875,1.1281142234802246,-0.025300011038780212,-0.5563339591026306
1788893103480449300,1.39344921875,1.2197269201278687,0.14727269113063812,-0.546746551990509
1788893103490465300,1.40346533203125,1.3358405828475952,0.3028011918067932,-0.5115928649902344
1788893103500481500,1.4134814453125,1.465802788734436,0.11957584321498871,-0.4583296775817871
1788893103510498300,1.423498291015625,1.545697569847107,-1.1342394351959229,-0.44661179184913635
1788893103520515600,1.433515625,1.7001607418060303,-1.4239912033081055,-0.4902876019477844
1788893103530533400,1.443533447265625,1.939845085144043,-0.7283740043640137,-0.6426202654838562
1788893103540552000,1.453552001953125,2.168876886367798,0.2751043438911438,-0.8269109129905701
1788893103550571500,1.463571533203125,2.3627548217773438,0.8876309394836426,-1.0143972635269165
1788893103560592000,1.473591796875,2.436257839202881,1.352085828781128,-0.7608645558357239
1788893103570613000,1.483613037109375,2.3137526512145996,1.9518293142318726,-0.4402202069759369
1788893103580635100,1.49363525390625,2.082590341567993,2.1734042167663574,-0.4125233590602875
1788893103590658000,1.503657958984375,1.7960344552993774,2.1979053020477295,-0.31451907753944397
1788893103600681500,1.513681396484375,1.500956416130066,2.026397705078125,-0.11957584321498871
1788893103610705700,1.52370556640625,1.222922682762146,1.8687387704849243,0.023169483989477158
1788893103620730400,1.53373046875,0.9821730852127075,1.6460986137390137,0.08921582996845245
1788893103630755000,1.543755126953125,0.7701855897903442,1.4468942880630493,0.08282424509525299
1788893103640780000,1.553780029296875,0.5507413148880005,1.2903006076812744,-0.004527370445430279
1788893103650804200,1.56380419921875,0.37284228205680847,1.1837742328643799,-0.10146636515855789
1788893103660825300,1.573825439453125,0.26098960638046265,1.0783131122589111,-0.22716747224330902
1788893103670844000,1.583843994140625,0.23755379021167755,0.9025446176528931,-0.360325425863266
1788893103680862700,1.59386279296875,0.30466538667678833,0.651142418384552,-0.3262369930744171
1788893103690881500,1.603881591796875,0.4474107325077057,0.4487423002719879,-0.21012325584888458
1788893103700900900,1.61390087890625,0.6274402737617493,0.26871275901794434,-0.2090579867362976
1788893103710920700,1.623920654296875,0.867124617099762,0.22290641069412231,-0.2836264371871948
1788893103720940800,1.63394091796875,1.1547458171844482,0.25806012749671936,-0.41358861327171326
1788893103730961700,1.643961669921875,1.4295837879180908,0.2569948434829712,-0.6149234175682068
1788893103740982800,1.653982666015625,1.6767250299453735,0.1291632205247879,-0.7874961495399475
1788893103751004400,1.66400439453125,1.89297354221344,-0.03275685757398605,-0.9025446176528931
1788893103761026300,1.6740263671875,2.0463714599609375,-0.0732368752360344,-0.9792435765266418
1788893103771048700,1.684048583984375,2.148636817932129,-0.002929474925622344,-0.9590035676956177
1788893103781071400,1.6940712890625,2.2146830558776855,0.14194637537002563,-0.8311719298362732
1788893103791094500,1.704094482421875,2.1965737342834473,0.3304980397224426,-0.6937529444694519
1788893103801117400,1.714117431640625,1.9590197801589966,0.3091927766799927,-0.629837155342102
1788893103811140900,1.724140869140625,1.54995858669281,0.2005358785390854,-0.6884266138076782
1788893103821169400,1.73416943359375,1.2495542764663696,0.12809795141220093,-0.7118624448776245
1788893103831185700,1.744185546875,1.1494194269180298,0.005592633970081806,-0.6660560965538025
1788893103841202200,1.7542021484375,1.1696594953536987,-0.06151897460222244,-0.6490118503570557
1788893103851219000,1.764218994140625,1.2708594799041748,-0.03701791167259216,-0.6948181986808777
1788893103861236200,1.774236328125,1.398691177368164,-0.007190529722720385,-0.7821698188781738
1788893103871254000,1.78425390625,1.4871079921722412,0.0141147430986166,-0.885500431060791
1788893103881272800,1.79427294921875,1.5339796543121338,0.12809795141220093,-1.0026793479919434
1788893103891292400,1.80429248046875,1.5648722648620605,0.2324937880039215,-1.08363938331604
1788893103901312800,1.814312744140625,1.5062828063964844,0.2143843024969101,-1.1145321130752563
1788893103911334100,1.824334228515625,1.379516363143921,0.18029586970806122,-1.09109628200531
1788893103921356300,1.834356201171875,1.2442278861999512,0.0727042406797409,-1.0271804332733154
1788893103931379000,1.84437890625,1.0833730697631836,-0.028495801612734795,-0.9739173054695129
1788893103941402400,1.85440234375,0.9395625591278076,-0.05725792050361633,-0.9281109571456909
1788893103951426600,1.864426513671875,0.8447540402412415,-0.018908429890871048,-0.8812393546104431
1788893103961451000,1.874450927734375,0.8138614296913147,-0.009321057237684727,-0.7992140650749207
1788893103971475700,1.884475830078125,0.8372972011566162,-0.04980107396841049,-0.6820350289344788
1788893103981500400,1.89450048828125,0.8799077868461609,-0.0732368752360344,-0.5733781456947327
1788893103991524900,1.90452490234375,0.9150614738464355,-0.11904320865869522,-0.45193809270858765
1788893104001546000,1.9145458984375,0.9938910007476807,-0.20319904386997223,-0.3880222737789154
1788893104011564500,1.924564453125,1.1600720882415771,-0.2191779911518097,-0.4029359817504883
1788893104021583000,1.9345830078125,1.2367711067199707,-0.09241162240505219,-0.3965443968772888
1788893104031602200,1.944602294921875,1.1664637327194214,0.11851058155298233,-0.3230412006378174
1788893104041621500,1.95462158203125,1.0194573402404785,0.31878015398979187,-0.32091066241264343
1788893104051641300,1.964641357421875,0.884168803691864,0.15472954511642456,-0.32410645484924316
1788893104061661400,1.974661376953125,0.7009434700012207,0.31558436155319214,-0.28682222962379456
1788893104071682000,1.98468212890625,0.5017392039299011,0.5030707716941833,-0.052464235574007034
1788893104081703200,1.994703125,0.5219792127609253,0.22077588737010956,0.18722008168697357
1788893104091724800,2.004724853515625,0.6615287065505981,0.00985368900001049,0.2937464416027069
1788893104101747000,2.014746826171875,0.619983434677124,-0.03169159218668938,0.2564622163772583
1788893104111769300,2.024769287109375,0.5187833905220032,-0.009321057237684727,0.23622220754623413
1788893104121792000,2.0347919921875,0.50706547498703,0.04607265070080757,0.23089589178562164
1788893104131815000,2.04481494140625,0.5123918056488037,0.05459476262331009,0.18295903503894806
1788893104141838000,2.054838134765625,0.4559328258037567,0.07483477145433426,0.08815056830644608
1788893104151861200,2.064861328125,0.36005911231040955,0.08335687965154648,0.016777902841567993
1788893104161890000,2.07489013671875,0.28975170850753784,0.0727042406797409,-0.04500738903880119
1788893104171906600,2.084906494140625,0.23755379021167755,0.008788425475358963,-0.11318425834178925
1788893104181923000,2.094923095703125,0.15659375488758087,0.032224226742982864,-0.15579481422901154
1788893104191940000,2.104940185546875,0.06391581892967224,0.036485280841588974,-0.16005586087703705
1788893104201957600,2.11495751953125,0.02024000883102417,0.031158961355686188,-0.07909582555294037
1788893104211975700,2.1249755859375,0.06072002649307251,0.13342426717281342,0.0007989477599039674
1788893104221994500,2.134994384765625,0.122505322098732,0.2942790687084198,0.024234747514128685
1788893104232014000,2.14501416015625,0.18535587191581726,0.5073317885398865,0.002929474925622344
1788893104242034700,2.15503466796875,0.19387798011302948,0.7395592927932739,0.003994738683104515
1788893104252055800,2.165055908203125,0.14274533092975616,0.8897614479064941,0.029561065137386322
1788893104262078000,2.175077880859375,0.07776424288749695,0.7363634705543518,0.08069372177124023
1788893104272100900,2.185100830078125,-0.005326318088918924,0.500940203666687,0.21598219871520996
1788893104282124300,2.195124267578125,-0.11185268312692642,0.2804306447505951,0.33422645926475525
1788893104292148200,2.205148193359375,-0.2876211702823639,-0.04234423115849495,0.3278348743915558
1788893104302172400,2.21517236328125,-0.5475454926490784,-0.1765674501657486,0.270310640335083
1788893104312197000,2.225197021484375,-0.8735162019729614,-0.1392832249403,0.20106850564479828
1788893104322221800,2.235221923828125,-1.1877689361572266,-0.09880319982767105,0.13076111674308777
1788893104332245800,2.245245849609375,-1.3550153970718384,-0.23941799998283386,0.0636495053768158
1788893104342267100,2.25526708984375,-1.3230574131011963,-0.4769718050956726,0.012516847811639309
1788893104352285400,2.265285400390625,-1.1664637327194214,-0.5653886795043945,-0.026897907257080078
1788893104362304300,2.27530419921875,-0.9374319911003113,-0.45992758870124817,-0.07057371735572815
1788893104372323000,2.285322998046875,-0.6849645376205444,-0.17017586529254913,-0.08974846452474594
1788893104382342400,2.29534228515625,-0.5145223140716553,0.20799273252487183,-0.09081372618675232
1788893104392362200,2.3053623046875,-0.40586546063423157,0.4775044322013855,-0.12596742808818817
1788893104402382300,2.31538232421875,-0.3291664719581604,0.6064013242721558,-0.20586219429969788
1788893104412403200,2.3254033203125,-0.30360013246536255,0.7534077167510986,-0.2751043438911438
1788893104422424300,2.33542431640625,-0.3238401412963867,0.8599340915679932,-0.32091066241264343
1788893104432446000,2.345446044921875,-0.3675159513950348,0.961134135723114,-0.3464770019054413
1788893104442467800,2.3554677734375,-0.49108654260635376,1.0229194164276123,-0.26338642835617065
1788893104452490200,2.365490234375,-0.6711161136627197,1.1720563173294067,-0.1153147891163826
1788893104462513200,2.37551318359375,-0.8575372099876404,1.3456943035125732,0.010386320762336254
1788893104472536000,2.3855361328125,-1.0311752557754517,1.4149364233016968,0.09773793816566467
1788893104482559200,2.395559326171875,-1.1643331050872803,1.3414332866668701,0.16804534196853638
1788893104492582700,2.405582763671875,-1.2783163785934448,1.2040141820907593,0.24580958485603333
1788893104502611200,2.415611083984375,-1.3017522096633911,1.0708563327789307,0.32890015840530396
1788893104512627700,2.425627685546875,-1.2250531911849976,0.8088014125823975,0.40986019372940063
1788893104522644200,2.435644287109375,-1.1153310537338257,0.40400123596191406,0.48336338996887207
1788893104532661000,2.445660888671875,-0.9949562549591064,0.006657897960394621,0.5462139248847961
1788893104542678500,2.455678466796875,-0.9321056604385376,-0.1243695318698883,0.593085527420044
1788893104552696300,2.4656962890625,-0.8862993717193604,-0.138217955827713,0.6399571299552917
1788893104562715100,2.475715087890625,-0.8788425326347351,-0.4013380706310272,0.6868287324905396
1788893104572734700,2.485734619140625,-0.9150614738464355,-0.7816371917724609,0.7400919198989868
1788893104582755000,2.495755126953125,-0.9363667368888855,-0.9392961859703064,0.7741803526878357
1788893104592776400,2.5057763671875,-0.9161267280578613,-0.8391614556312561,0.5877591967582703
1788893104602798600,2.515798583984375,-0.7850993275642395,-0.8285087943077087,0.10199899226427078
1788893104612821200,2.5258212890625,-0.5880255103111267,-0.693220317363739,0.013582111336290836
1788893104622845000,2.535844970703125,-0.3802991211414337,-0.5472791790962219,-0.18349166214466095
1788893104632868900,2.545868896484375,-0.2577938139438629,-0.4546012580394745,-0.34328120946884155
1788893104642893300,2.555893310546875,-0.22903168201446533,-0.34381383657455444,-0.3315632939338684
1788893104652918000,2.56591796875,-0.18109482526779175,-0.261788547039032,-0.2186453640460968
1788893104662942700,2.575942626953125,-0.1555284857749939,-0.21278640627861023,-0.08655267208814621
1788893104672967200,2.58596728515625,-0.2311622053384781,-0.21598219871520996,0.08069372177124023
1788893104682988300,2.59598828125,-0.4005391299724579,-0.2798980176448822,0.27350643277168274
1788893104693006800,2.6060068359375,-0.5581981539726257,-0.36192330718040466,0.48016759753227234
1788893104703025700,2.616025634765625,-0.7073350548744202,-0.5004075765609741,0.6687192320823669
1788893104713044500,2.62604443359375,-0.8639287948608398,-0.626108705997467,0.8263782858848572
1788893104723064000,2.63606396484375,-0.9992172718048096,-0.7337003350257874,0.9542099237442017
1788893104733083600,2.646083740234375,-1.0673941373825073,-0.8657930493354797,1.0351699590682983
1788893104743104000,2.65610400390625,-1.1046783924102783,-1.0202562808990479,1.086302638053894
1788893104753124600,2.66612451171875,-1.123853087425232,-1.0777804851531982,1.1108036041259766
1788893104763146000,2.67614599609375,-1.1046783924102783,-1.0309089422225952,1.0926941633224487
1788893104773167600,2.686167724609375,-1.1025478839874268,-1.0042773485183716,1.0106688737869263
1788893104783189800,2.696189697265625,-1.1078741550445557,-0.9872331023216248,0.8796414732933044
1788893104793212200,2.706212158203125,-1.0748510360717773,-0.9701888561248779,0.7475487589836121
1788893104803234800,2.71623486328125,-1.0034784078598022,-0.9371656775474548,0.6207823753356934
1788893104813258000,2.726258056640625,-0.9065393805503845,-0.8924246430397034,0.48016759753227234
1788893104823281200,2.73628125,-0.7968171834945679,-0.8221172094345093,0.3736412227153778
1788893104833304300,2.74630419921875,-0.6988129615783691,-0.7177214026451111,0.2841590642929077
1788893104843332900,2.756332763671875,-0.6444845199584961,-0.6186518669128418,0.22024326026439667
1788893104853349000,2.76634912109375,-0.6263750195503235,-0.5494097471237183,0.1712411344051361
1788893104863365400,2.776365478515625,-0.6423539519309998,-0.48442864418029785,0.1339569091796875
1788893104873382100,2.786382080078125,-0.6828339695930481,-0.4258391261100769,0.09880319982767105
1788893104883399400,2.7963994140625,-0.7286403179168701,-0.41412124037742615,0.07430213689804077
1788893104893417500,2.80641748046875,-0.7755119204521179,-0.448209673166275,0.0732368752360344
1788893104903436000,2.81643603515625,-0.8223835229873657,-0.4950812757015228,0.10199899226427078
1788893104913455600,2.82645556640625,-0.867124617099762,-0.5494097471237183,0.17017586529254913
1788893104923476000,2.83647607421875,-0.8990825414657593,-0.6197171211242676,0.2788327634334564
1788893104933497300,2.846497314453125,-0.9310404062271118,-0.6889592409133911,0.4162517786026001
1788893104943519500,2.85651953125,-0.9555414915084839,-0.7315698266029358,0.571780264377594
1788893104953542400,2.86654248046875,-0.9747162461280823,-0.7379614114761353,0.739026665687561
1788893104963566000,2.876566162109375,-0.9864341020584106,-0.7070687413215637,0.8934898972511292
1788893104973590000,2.886590087890625,-1.017326831817627,-0.6463487148284912,1.0138646364212036
1788893104983614700,2.89661474609375,-1.0833730697631836,-0.5558013319969177,1.1001510620117188
1788893104993639700,2.9066396484375,-1.1579415798187256,-0.48975494503974915,1.1523489952087402
1788893105003664400,2.916664306640625,-1.2197269201278687,-0.448209673166275,1.1789805889129639
1788893105013688800,2.926688720703125,-1.260206937789917,-0.41412124037742615,1.1864373683929443
1788893105023710000,2.9367099609375,-1.2847079038619995,-0.41518649458885193,1.1800458431243896
1788893105033731300,2.9467314453125,-1.290034294128418,-0.41305598616600037,1.1672626733779907
1788893105043749600,2.95674951171875,-1.2815121412277222,-0.4269044101238251,1.1566100120544434
1788893105053768400,2.9667685546875,-1.269794225692749,-0.44288337230682373,1.1555447578430176
1788893105063787500,2.97678759765625,-1.2857731580734253,-0.3885549008846283,1.1619362831115723
1788893105073806800,2.986806884765625,-1.336905837059021,-0.2745717167854309,1.1821763515472412
1788893105083826700,2.99682666015625,-1.454084873199463,-0.14141374826431274,1.217329978942871
1788893105093846800,3.0068466796875,-1.6202659606933594,-0.016777902841567993,1.2705931663513184
1788893105103867600,3.01686767578125,-1.8290576934814453,0.0918789878487587,1.3206605911254883
1788893105113888800,3.026888671875,-2.082590341567993,0.14088112115859985,1.341965913772583
1788893105123910400,3.036910400390625,-2.367015838623047,0.09933583438396454,1.317464828491211
1788893105133932500,3.0469326171875,-2.64931058883667,-0.015712639316916466,1.2439615726470947
1788893105143955000,3.056954833984375,-2.9071044921875,-0.1808284968137741,1.1321089267730713
1788893105153977900,3.066977783203125,-3.106308698654175,-0.36724963784217834,1.0032119750976562
1788893105164000800,3.077000732421875,-3.2266836166381836,-0.5291697382926941,0.8924246430397034
1788893105174024000,3.08702392578125,-3.255445718765259,-0.6538055539131165,0.8167908787727356
1788893105184047000,3.097047119140625,-3.2107045650482178,-0.7294392585754395,0.7805719375610352
1788893105194076000,3.107075927734375,-3.159571886062622,-0.739026665687561,0.7965508699417114
1788893105204092200,3.117092041015625,-3.1467888355255127,-0.684698224067688,0.8700540661811829
1788893105214108700,3.127108642578125,-3.125483512878418,-0.6197171211242676,0.9723193645477295
1788893105224125400,3.13712548828125,-3.1020476818084717,-0.5739107728004456,1.0735194683074951
1788893105234142700,3.147142822265625,-3.0743508338928223,-0.5355613231658936,1.145957350730896
1788893105244160500,3.157160400390625,-3.0232181549072266,-0.5185170769691467,1.1875026226043701
1788893105254179300,3.167179443359375,-2.94225811958313,-0.5004075765609741,1.2034815549850464
1788893105264199000,3.177198974609375,-2.8559718132019043,-0.439687579870224,1.1864373683929443
1788893105274219500,3.187219482421875,-2.8016433715820312,-0.3640538454055786,1.0894984006881714
1788893105284240600,3.19724072265625,-2.7718160152435303,-0.21172115206718445,0.8583361506462097
1788893105294263000,3.207262939453125,-2.6855297088623047,-0.27670222520828247,0.6314350366592407
1788893105304286000,3.217285888671875,-2.504434823989868,-0.37151068449020386,0.5025381445884705
1788893105314309400,3.227309326171875,-2.281794786453247,-0.29268118739128113,0.4546012580394745
1788893105324333600,3.23733349609375,-2.0463714599609375,-0.16165375709533691,0.4205128252506256
1788893105334358000,3.24735791015625,-1.8141440153121948,-0.0732368752360344,0.38962018489837646
1788893105344383000,3.257383056640625,-1.6192007064819336,0.02157158963382244,0.3683148920536041
1788893105354407700,3.26740771484375,-1.4817817211151123,0.13768532872200012,0.35233595967292786
1788893105364432000,3.277431884765625,-1.398691177368164,0.21544957160949707,0.3502054214477539
1788893105374453200,3.287453369140625,-1.3592764139175415,0.34754225611686707,0.36298859119415283
1788893105384471600,3.297471435546875,-1.3262531757354736,0.33475908637046814,0.3779022693634033
1788893105394490400,3.307490478515625,-1.3017522096633911,0.45087283849716187,0.4258391261100769
1788893105404509400,3.317509521484375,-1.3102742433547974,0.5243760347366333,0.4162517786026001
1788893105414528800,3.32752880859375,-1.2985563278198242,0.23355905711650848,0.20532956719398499
1788893105424548600,3.337548583984375,-1.1941605806350708,0.0141147430986166,-0.01837579719722271
1788893105434568700,3.347568603515625,-1.0482194423675537,0.13022847473621368,-0.13768532872200012
1788893105444589600,3.357589599609375,-0.9044088125228882,0.5371592044830322,-0.11851058155298233
1788893105454610700,3.367610595703125,-0.7563371658325195,-0.15419691801071167,0.023169483989477158
1788893105464632300,3.37763232421875,-0.6849645376205444,-0.3747064769268036,0.21598219871520996
1788893105474654500,3.387654541015625,-0.6242445111274719,0.017310533672571182,0.4077296555042267
1788893105484676900,3.3976767578125,-0.574177086353302,0.3592601716518402,0.6410223841667175
1788893105494699800,3.40769970703125,-0.5826992392539978,0.5478118062019348,0.7944203615188599
1788893105504722700,3.41772265625,-0.678572952747345,0.5243760347366333,0.9371656775474548
1788893105514745900,3.427745849609375,-0.8500803709030151,0.4103928208351135,1.0351699590682983
1788893105524769000,3.43776904296875,-1.0439584255218506,0.24953800439834595,1.0894984006881714
1788893105534797800,3.4477978515625,-1.239966869354248,0.06418213248252869,1.1150647401809692
1788893105544814000,3.45781396484375,-1.4210617542266846,-0.10519478470087051,1.1097383499145508
1788893105554830600,3.46783056640625,-1.5425018072128296,-0.24154852330684662,1.04475736618042
1788893105564847600,3.47784765625,-1.6351796388626099,-0.3640538454055786,0.9424920082092285
1788893105574865000,3.487864990234375,-1.721466064453125,-0.37683701515197754,0.8157256245613098
1788893105584883000,3.497883056640625,-1.8269271850585938,-0.09241162240505219,0.7262434959411621
1788893105594901800,3.50790185546875,-1.9291924238204956,0.3518033027648926,0.7070687413215637
1788893105604921300,3.51792138671875,-1.9686071872711182,0.6543381810188293,0.7464835047721863
1788893105614941700,3.527941650390625,-1.9334535598754883,0.7736477255821228,0.790159285068512
1788893105624963000,3.537963134765625,-1.7917734384536743,0.6021402478218079,0.6772413849830627
1788893105634985000,3.54798486328125,-1.5105438232421875,0.11638005077838898,-0.1525990217924118
1788893105645008000,3.5580078125,-1.2559458017349243,-0.2649843394756317,-0.7640603184700012
1788893105655031300,3.56803125,-1.0418277978897095,-0.24900537729263306,-1.217862606048584
1788893105665055500,3.578055419921875,-0.8181225061416626,-0.011451584286987782,-1.6503597497940063
1788893105675080000,3.588079833984375,-0.5645897388458252,0.09827057272195816,-2.0200061798095703
1788893105685104400,3.5981044921875,-0.2833601236343384,0.10892320424318314,-2.3768694400787354
1788893105695129300,3.60812939453125,-0.010652636177837849,0.1579253375530243,-2.6485116481781006
1788893105705154000,3.618154052734375,0.2822948694229126,0.2889527678489685,-2.845585584640503
1788893105715175200,3.628175048828125,0.5986781716346741,0.5712476372718811,-2.910566568374634
1788893105725193700,3.63819384765625,0.9491499066352844,0.8759130239486694,-2.859433889389038
1788893105735212500,3.648212646484375,1.3060132265090942,1.1699258089065552,-2.677273750305176
1788893105745231600,3.658231689453125,1.6554197072982788,1.4096101522445679,-2.4152190685272217
1788893105755251000,3.6682509765625,1.9462367296218872,1.565138578414917,-2.1872525215148926
1788893105765270800,3.678270751953125,2.1209399700164795,1.582182765007019,-2.045572519302368
1788893105775291100,3.688291015625,2.1070914268493652,1.5140058994293213,-1.9603514671325684
1788893105785311700,3.698311767578125,1.9259966611862183,1.430915355682373,-1.8463681936264038
1788893105795332900,3.708332763671875,1.6202659606933594,1.3361068964004517,-1.652490258216858
1788893105805354500,3.7183544921875,1.2303794622421265,1.2711257934570312,-1.4596774578094482
1788893105815376600,3.728376708984375,0.8554067015647888,1.2231889963150024,-1.3414332866668701
1788893105825399000,3.73839892578125,0.5347623229026794,1.1720563173294067,-1.1976226568222046
1788893105835422000,3.748421875,0.2961432933807373,1.1560773849487305,-1.0591384172439575
1788893105845444900,3.75844482421875,0.1459411233663559,1.1965574026107788,-0.9526119828224182
1788893105855468000,3.768468017578125,0.06924213469028473,1.2391679286956787,-0.8503466844558716
1788893105865491500,3.778491455078125,0.07456845790147781,1.242363691329956,-0.7736477255821228
1788893105875520000,3.78852001953125,0.16405059397220612,1.2136015892028809,-0.735298216342926
1788893105885536500,3.79853662109375,0.32810118794441223,1.1731215715408325,-0.7416898012161255
1788893105895552800,3.808552734375,0.5507413148880005,1.1560773849487305,-0.7928224802017212
1788893105905569800,3.81856982421875,0.8010782599449158,1.1795132160186768,-0.8791088461875916
1788893105915587000,3.828587158203125,1.0450236797332764,1.2221237421035767,-0.9803088903427124
1788893105925605000,3.838605224609375,1.2538152933120728,1.2700605392456055,-1.0729868412017822
1788893105935624000,3.8486240234375,1.4199963808059692,1.3190627098083496,-1.1486204862594604
1788893105945643500,3.8586435546875,1.5435670614242554,1.3691301345825195,-1.205079436302185
1788893105955664000,3.868663818359375,1.6287881135940552,1.4106754064559937,-1.242363691329956
1788893105965685200,3.878685302734375,1.704421877861023,1.4319806098937988,-1.2508858442306519
1788893105975707400,3.888707275390625,1.7949692010879517,1.4415680170059204,-1.2285152673721313
1788893105985730300,3.898730224609375,1.902560830116272,1.4468942880630493,-1.1869699954986572
1788893105995753700,3.908753662109375,2.02826189994812,1.4777870178222656,-1.1486204862594604
1788893106005778000,3.91877783203125,2.1710073947906494,1.5491596460342407,-1.1358373165130615
1788893106015802400,3.92880224609375,2.3276009559631348,1.6301196813583374,-1.1603384017944336
1788893106025827000,3.9388271484375,2.4778032302856445,1.7132102251052856,-1.225319504737854
1788893106035852000,3.94885205078125,2.6322665214538574,1.778191328048706,-1.3329111337661743
1788893106045876200,3.958876220703125,2.7995128631591797,1.820801854133606,-1.4671343564987183
1788893106055897600,3.968897705078125,2.9742159843444824,1.8729997873306274,-1.6056185960769653
1788893106065918700,3.978918701171875,3.1393320560455322,1.8612818717956543,-1.7132102251052856
1788893106075937300,3.988937255859375,3.284207820892334,1.7973660230636597,-1.7643429040908813
1788893106085955800,3.998955810546875,3.402451992034912,1.7100144624710083,-1.7387765645980835
1788893106095975000,4.008974853515625,3.4844772815704346,1.602422833442688,-1.6514250040054321
1788893106105994200,4.018994140625,3.5036520957946777,1.4958964586257935,-1.5331807136535645
1788893106116014000,4.02901416015625,3.4653027057647705,1.3478248119354248,-1.3872395753860474
1788893106126034400,4.039034423828125,3.3768856525421143,1.158207893371582,-1.217862606048584
1788893106136055000,4.049054931640625,3.2714245319366455,0.9376983046531677,-1.0154625177383423
1788893106146076200,4.059076171875,3.175550937652588,0.7044056057929993,-0.8013445734977722
1788893106156098000,4.06909814453125,3.09991717338562,0.481765478849411,-0.6000097393989563
1788893106166120000,4.079119873046875,3.046653985977173,0.27190855145454407,-0.4125233590602875
1788893106176142600,4.089142578125,3.015761375427246,0.07696529477834702,-0.24421168863773346
1788893106186165200,4.099165283203125,3.021087646484375,-0.09986846894025803,-0.105727419257164
1788893106196188200,4.109188232421875,3.0594372749328613,-0.21598219871520996,-0.005592633970081806
1788893106206211300,4.11921142578125,3.1233530044555664,-0.26285380125045776,0.03808317333459854
1788893106216234800,4.12923486328125,3.2128350734710693,-0.2756369709968567,0.014647374860942364
1788893106226263300,4.13926318359375,3.339601516723633,-0.24900537729263306,-0.06311687082052231
1788893106236279800,4.14927978515625,3.501521587371826,-0.19680745899677277,-0.19734008610248566
1788893106246296300,4.15929638671875,3.711378574371338,-0.12756532430648804,-0.39547911286354065
1788893106256313300,4.169313232421875,3.978759765625,-0.0018642114009708166,-0.6585992574691772
1788893106266331000,4.179330810546875,4.2642502784729,0.16857796907424927,-0.9771130681037903
1788893106276349000,4.189348876953125,4.493281841278076,0.33369383215904236,-1.3350416421890259
1788893106286367700,4.19936767578125,4.620048522949219,0.43276336789131165,-1.7132102251052856
1788893106296387300,4.20938720703125,4.623244285583496,0.47004759311676025,-2.0636820793151855
1788893106306407700,4.21940771484375,4.4868903160095215,0.546746551990509,-2.334259033203125
1788893106316429000,4.229428955078125,4.248271465301514,0.7012097835540771,-2.5057663917541504
1788893106326451200,4.239451171875,3.9617154598236084,0.8503466844558716,-2.617619037628174
1788893106336473900,4.249473876953125,3.641071081161499,0.9877657294273376,-2.706035852432251
1788893106346497300,4.259497314453125,3.318296194076538,1.158207893371582,-2.7646255493164062
1788893106356521200,4.269521240234375,3.0146961212158203,1.3701953887939453,-2.7944529056549072
1788893106366545700,4.279545654296875,2.7302706241607666,1.5662038326263428,-2.8285412788391113
1788893106376570400,4.2895703125,2.4575631618499756,1.6876438856124878,-2.875412940979004
1788893106386595000,4.299594970703125,2.2061610221862793,1.7451682090759277,-2.9009792804718018
1788893106396619800,4.309619873046875,1.9739335775375366,1.7046881914138794,-2.880739212036133
1788893106406641000,4.319640869140625,1.771533489227295,1.5693997144699097,-2.7944529056549072
1788893106416659500,4.329659423828125,1.6064175367355347,1.3680648803710938,-2.6240105628967285
1788893106426678300,4.33967822265625,1.4498238563537598,1.1006836891174316,-2.3704779148101807
1788893106436697300,4.349697265625,1.2623374462127686,0.8066709041595459,-2.0338547229766846
1788893106446716700,4.359716552734375,1.0759162902832031,0.5318328738212585,-1.6407723426818848
1788893106456736500,4.369736572265625,0.8820382952690125,0.30173593759536743,-1.2636690139770508
1788893106466756600,4.379756591796875,0.6668550372123718,0.09720530360937119,-0.9568730592727661
1788893106476777500,4.389777587890625,0.4367581009864807,-0.10519478470087051,-0.7299718856811523
1788893106486798600,4.399798583984375,0.19068218767642975,-0.27244117856025696,-0.596813976764679
1788893106496820200,4.4098203125,-0.07669898122549057,-0.3587275445461273,-0.538224458694458
1788893106506842400,4.41984228515625,-0.3621896505355835,-0.3448790907859802,-0.5339633822441101
1788893106516864800,4.42986474609375,-0.6317013502120972,-0.24900537729263306,-0.5755086541175842
1788893106526887400,4.439887451171875,-0.8617982864379883,-0.09347688406705856,-0.6703171730041504
1788893106536910600,4.44991064453125,-1.0503499507904053,0.08655267208814621,-0.7874961495399475
1788893106546933800,4.459933837890625,-1.1920300722122192,0.25806012749671936,-0.8897614479064941
1788893106556957000,4.46995703125,-1.2910995483398438,0.39121806621551514,-0.9600688815116882
1788893106566985700,4.47998583984375,-1.3411669731140137,0.48496127128601074,-0.9941573143005371
1788893106577002000,4.490001953125,-1.3528847694396973,0.5478118062019348,-0.9877657294273376
1788893106587018200,4.500018310546875,-1.3422322273254395,0.5914876461029053,-0.9376983046531677
1788893106597035000,4.510034912109375,-1.3262531757354736,0.6170539855957031,-0.84821617603302
1788893106607052500,4.520052490234375,-1.3177311420440674,0.6213150024414062,-0.7289066314697266
1788893106617070300,4.5300703125,-1.324122667312622,0.6127929091453552,-0.5893571376800537
1788893106627089200,4.540089111328125,-1.3518195152282715,0.5957486629486084,-0.4391549229621887
1788893106637108700,4.550108642578125,-1.3954954147338867,0.5605949759483337,-0.28256118297576904
1788893106647129000,4.560129150390625,-1.454084873199463,0.508397102355957,-0.11424952745437622
1788893106657150500,4.570150390625,-1.520131230354309,0.44767704606056213,0.06578002870082855
1788893106667172900,4.5801728515625,-1.5819164514541626,0.3826959729194641,0.2522011697292328
1788893106677195800,4.59019580078125,-1.622396469116211,0.32091066241264343,0.43223071098327637
1788893106687219200,4.60021923828125,-1.634114384651184,0.26871275901794434,0.5909550189971924
1788893106697243400,4.610243408203125,-1.6351796388626099,0.21118851006031036,0.7241129875183105
1788893106707267800,4.620267822265625,-1.6181354522705078,0.13235901296138763,0.8391614556312561
1788893106717292800,4.630292724609375,-1.5915038585662842,0.03009369783103466,0.9307740926742554
1788893106727317500,4.6403173828125,-1.5531543493270874,-0.06684529036283493,1.0053426027297974
1788893106737341700,4.650341796875,-1.500956416130066,-0.14460954070091248,1.0681930780410767
1788893106747363000,4.660363037109375,-1.4327795505523682,-0.2181127369403839,1.1129342317581177
1788893106757381600,4.670381591796875,-1.340101718902588,-0.28735485672950745,1.1640667915344238
1788893106767400200,4.680400146484375,-1.2431626319885254,-0.3587275445461273,1.2450268268585205
1788893106777419300,4.690419189453125,-1.1536805629730225,-0.4311654567718506,1.3536838293075562
1788893106787438600,4.7004384765625,-1.051415205001831,-0.4450138807296753,1.4836459159851074
1788893106797458400,4.71045849609375,-0.9757815003395081,-0.4173170328140259,1.6370439529418945
1788893106807478800,4.720478759765625,-0.9715204238891602,-0.3970770239830017,1.7819197177886963
1788893106817499400,4.73049951171875,-1.058872103691101,-0.3736412227153778,1.8841850757598877
1788893106827520800,4.740520751953125,-1.215465784072876,-0.3683148920536041,1.9438397884368896
1788893106837542400,4.75054248046875,-1.391234278678894,-0.3789675533771515,1.9640798568725586
1788893106847564300,4.760564208984375,-1.5584807395935059,-0.3704454302787781,1.9534271955490112
1788893106857587000,4.7705869140625,-1.7108134031295776,-0.3406180441379547,1.937448263168335
1788893106867609600,4.780609619140625,-1.838645100593567,-0.22450430691242218,1.9257303476333618
1788893106877632500,4.790632568359375,-1.944106101989746,0.011984216049313545,1.920404076576233
1788893106887656000,4.800656005859375,-2.02826189994812,0.30599698424339294,1.9140124320983887
1788893106897679000,4.81067919921875,-2.0868513584136963,0.5744433999061584,1.8937724828720093
1788893106907707600,4.820707763671875,-2.144375801086426,0.7992140650749207,1.8469008207321167
1788893106917724000,4.830723876953125,-2.1965737342834473,1.006940484046936,1.7606145143508911
1788893106927740400,4.840740478515625,-2.2349231243133545,1.1763173341751099,1.619999647140503
1788893106937757200,4.850757080078125,-2.266880989074707,1.279647946357727,1.4303827285766602
1788893106947774700,4.860774658203125,-2.2849905490875244,1.3414332866668701,1.2247868776321411
1788893106957792500,4.87079248046875,-2.2892515659332275,1.3691301345825195,1.0383657217025757
1788893106967811300,4.880811279296875,-2.2839252948760986,1.3563469648361206,0.8956204056739807
1788893106977831200,4.8908310546875,-2.2690114974975586,1.3211932182312012,0.7986814379692078
1788893106987851500,4.9008515625,-2.2402493953704834,1.2732564210891724,0.7475487589836121
1788893106997873000,4.910872802734375,-2.2008347511291504,1.2210584878921509,0.7337003350257874
1788893107007895000,4.92089501953125,-2.1603546142578125,1.158207893371582,0.7464835047721863
1788893107017918000,4.93091796875,-2.09324312210083,1.0633994340896606,0.7944203615188599
1788893107027941400,4.94094140625,-1.9504977464675903,0.9494162201881409,0.8839024901390076
1788893107037965600,4.950965576171875,-1.726792335510254,0.84821617603302,1.0085383653640747
1788893107047990000,4.960989990234375,-1.4700638055801392,0.7757782340049744,1.163001537322998
1788893107058014700,4.9710146484375,-1.1888341903686523,0.6916224360466003,1.3483574390411377
1788893107068039400,4.981039306640625,-0.9470193982124329,0.546746551990509,1.5486270189285278
1788893107078063900,4.99106396484375,-0.8266445994377136,0.37204334139823914,1.7499618530273438
1788893107088085000,5.0010849609375,-0.8617982864379883,0.23142851889133453,1.941709280014038
1788893107098103600,5.011103515625,-1.02158784866333,0.1525990217924118,2.110020875930786
1788893107108122400,5.021122314453125,-1.3230574131011963,0.011984216049313545,2.214416742324829
1788893107118141400,5.031141357421875,-1.6948344707489014,-0.12650005519390106,2.2186777591705322
1788893107128160800,5.041160888671875,-2.059154510498047,-0.19467693567276,2.1291956901550293
1788893107138180600,5.0511806640625,-2.395777940750122,-0.23409168422222137,1.9608840942382812
1788893107148200700,5.06120068359375,-2.6770074367523193,-0.25007063150405884,1.7265260219573975
1788893107158221600,5.0712216796875,-2.8740813732147217,-0.2575274705886841,1.4538185596466064
1788893107168242700,5.08124267578125,-2.9699549674987793,-0.2426137924194336,1.1555447578430176
1788893107178264300,5.091264404296875,-2.980607748031616,-0.19893798232078552,0.851944625377655
1788893107188286500,5.101286376953125,-2.9198875427246094,-0.13715268671512604,0.5653886795043945
1788893107198308900,5.111308837890625,-2.803773880004883,-0.07856319099664688,0.31505173444747925
1788893107208331500,5.12133154296875,-2.6354622840881348,-0.024234747514128685,0.10519478470087051
1788893107218354700,5.131354736328125,-2.4277358055114746,0.031158961355686188,-0.07057371735572815
1788893107228377900,5.1413779296875,-2.1901819705963135,0.07803056389093399,-0.22610220313072205
1788893107238401000,5.151401123046875,-1.9291924238204956,0.1153147891163826,-0.3635212182998657
1788893107248429800,5.161429931640625,-1.6575502157211304,0.14940322935581207,-0.4881570637226105
1788893107258446000,5.171446044921875,-1.3763206005096436,0.17070849239826202,-0.6021402478218079
1788893107268462600,5.181462646484375,-1.0716552734375,0.1675127148628235,-0.7001445293426514
1788893107278479400,5.191479248046875,-0.7297055721282959,0.14727269113063812,-0.7757782340049744
1788893107288496600,5.20149658203125,-0.34514543414115906,0.11957584321498871,-0.8173235058784485
1788893107298514700,5.2115146484375,0.07882951200008392,0.08974846452474594,-0.8119972348213196
1788893107308533500,5.221533447265625,0.5081307291984558,0.029028434306383133,-0.7608645558357239
1788893107318553000,5.231552978515625,0.905474066734314,-0.0966726765036583,-0.6639255881309509
1788893107328573700,5.24157373046875,1.2165310382843018,-0.3257043659687042,-0.5222455263137817
1788893107338594800,5.2515947265625,1.4199963808059692,-0.6026729345321655,-0.32091066241264343
1788893107348617000,5.261616943359375,1.5169354677200317,-0.827443540096283,-0.024767380207777023
1788893107358639900,5.271639892578125,1.4402364492416382,-0.9829720258712769,0.3459443747997284
1788893107368663300,5.281663330078125,1.1451584100723267,-1.0852373838424683,0.6942855715751648
1788893107378687500,5.2916875,0.7115961313247681,-1.1129342317581177,0.9680583477020264
1788893107388711700,5.301711669921875,0.22690115869045258,-1.0639320611953735,1.1267826557159424
1788893107398736400,5.311736328125,-0.2354232668876648,-1.0032119750976562,1.1566100120544434
1788893107408761300,5.32176123046875,-0.6306360960006714,-0.9733846783638,1.0607362985610962
1788893107418785800,5.331785888671875,-0.9289098978042603,-0.9691236019134521,0.881771981716156
1788893107428807000,5.341806884765625,-1.1600720882415771,-0.9350351691246033,0.6420876383781433
1788893107438828300,5.351828369140625,-1.3049479722976685,-0.8391614556312561,0.36618438363075256
1788893107448846600,5.3618466796875,-1.368863821029663,-0.6644582152366638,0.09347688406705856
1788893107458865400,5.371865478515625,-1.3837774991989136,-0.4311654567718506,-0.15686006844043732
1788893107468884500,5.381884521484375,-1.3347753286361694,-0.15419691801071167,-0.3731085956096649
1788893107478903800,5.39190380859375,-1.2207921743392944,0.14194637537002563,-0.5659213066101074
1788893107488923600,5.401923583984375,-1.094025731086731,0.42317599058151245,-0.7512772083282471
1788893107498943700,5.41194384765625,-0.9651288390159607,0.6735129356384277,-0.945155143737793
1788893107508964600,5.421964599609375,-0.8266445994377136,0.8865656852722168,-1.1422289609909058
1788893107518985700,5.43198583984375,-0.665789783000946,1.0261151790618896,-1.342498540878296
1788893107529007400,5.44200732421875,-0.48682549595832825,1.0857700109481812,-1.5566165447235107
1788893107539029500,5.452029541015625,-0.28975170850753784,1.0879005193710327,-1.7877787351608276
1788893107549052000,5.462052001953125,-0.07350318878889084,1.0783131122589111,-2.016810417175293
1788893107559074800,5.47207470703125,0.15446323156356812,1.0644646883010864,-2.2128188610076904
1788893107569097700,5.48209765625,0.3962780833244324,1.031441569328308,-2.3608906269073486
1788893107579121000,5.492120849609375,0.641288697719574,0.945155143737793,-2.4514379501342773
1788893107589144300,5.502144287109375,0.9097351431846619,0.7342329621315002,-2.4844610691070557
1788893107599172900,5.5121728515625,1.2144005298614502,0.40932756662368774,-2.447176933288574
1788893107609189000,5.522189208984375,1.55741548538208,-0.03701791167259216,-2.2756693363189697
1788893107619205600,5.53220556640625,1.9132134914398193,-0.5419528484344482,-1.917740821838379
1788893107629222400,5.542222412109375,2.1901819705963135,-1.041561484336853,-1.3808480501174927
1788893107639240000,5.552239990234375,2.331862211227417,-1.418664813041687,-0.6926876902580261
1788893107649257700,5.5622578125,2.3084263801574707,-1.5912375450134277,0.09028109163045883
1788893107659276500,5.572276611328125,2.0559587478637695,-1.619999647140503,0.8583361506462097
1788893107669296400,5.58229638671875,1.5936343669891357,-1.5986944437026978,1.5017554759979248
1788893107679316700,5.592316650390625,0.997086763381958,-1.52306067943573,1.9406440258026123
1788893107689338000,5.602338134765625,0.3568633198738098,-1.4069468975067139,2.1835241317749023
1788893107699360300,5.6123603515625,-0.2833601236343384,-1.2737890481948853,2.253831624984741
1788893107709383200,5.622383056640625,-0.8713856339454651,-1.1470226049423218,2.1686105728149414
1788893107719406600,5.632406494140625,-1.344362735748291,-1.03730046749115,1.954492449760437
1788893107729430500,5.642430419921875,-1.6937692165374756,-0.9126646518707275,1.644500732421875
1788893107739455000,5.652455078125,-1.9110829830169678,-0.7763108611106873,1.2897679805755615
1788893107749479700,5.662479736328125,-1.999499797821045,-0.6442182064056396,0.9414267539978027
1788893107759504400,5.67250439453125,-1.9867167472839355,-0.5281044244766235,0.6090644598007202
1788893107769528800,5.68252880859375,-1.9014955759048462,-0.41518649458885193,0.29694223403930664
1788893107779550200,5.69255029296875,-1.7598155736923218,-0.29161593317985535,0.01784316636621952
1788893107789568500,5.702568603515625,-1.5733944177627563,-0.17337165772914886,-0.23142851889133453
1788893107799587300,5.71258740234375,-1.3507542610168457,-0.08602003753185272,-0.43808966875076294
1788893107809606400,5.7226064453125,-1.1004173755645752,-0.002929474925622344,-0.592552900314331
1788893107819625700,5.732625732421875,-0.8372972011566162,0.10466215014457703,-0.6926876902580261
1788893107829645600,5.7426455078125,-0.5635244846343994,0.2569948434829712,-0.7406245470046997
1788893107839665700,5.752665771484375,-0.2684464454650879,0.47111284732818604,-0.7502118945121765
1788893107849686500,5.7626865234375,0.03195790946483612,0.7118624448776245,-0.7597993016242981
1788893107859707600,5.772707763671875,0.30892646312713623,0.9121319651603699,-0.8056056499481201
1788893107869729300,5.782729248046875,0.5603286623954773,0.9973530769348145,-0.8801741003990173
1788893107879751400,5.79275146484375,0.77870774269104,0.9366330504417419,-0.9664604663848877
1788893107889773800,5.80277392578125,0.9917604327201843,0.7640603184700012,-1.016527771949768
1788893107899796700,5.812796630859375,1.1888341903686523,0.49348339438438416,-0.9920267462730408
1788893107909819600,5.822819580078125,1.344362735748291,0.13555480539798737,-0.8737825155258179
1788893107919842800,5.8328427734375,1.4434322118759155,-0.2468748539686203,-0.6383592486381531
1788893107929866200,5.8428662109375,1.4626070261001587,-0.5270391702651978,-0.27723485231399536
1788893107939894800,5.852894775390625,1.3582111597061157,-0.601607620716095,0.18402428925037384
1788893107949911000,5.8629111328125,1.125983715057373,-0.4737760126590729,0.7049382328987122
1788893107959927600,5.872927490234375,0.7808382511138916,-0.1808284968137741,1.2024163007736206
1788893107969944300,5.8829443359375,0.3460775315761566,0.10839057713747025,1.5611438751220703
1788893107979961600,5.892961669921875,-0.17803218960762024,0.3278348743915558,1.733716607093811
1788893107989979400,5.9029794921875,-0.6978808641433716,0.49827706813812256,1.7731313705444336
1788893107999998200,5.912998291015625,-1.136769413948059,0.5909550189971924,1.7347818613052368
1788893108010017800,5.923017822265625,-1.479784369468689,0.563258171081543,1.625059723854065
1788893108020038400,5.933038330078125,-1.7343823909759521,0.45140546560287476,1.490836501121521
1788893108030059800,5.943059814453125,-1.8888455629348755,0.35659700632095337,1.366200566291809
1788893108040082000,5.95308203125,-1.935717225074768,0.32676962018013,1.2564784288406372
1788893108050104800,5.963104736328125,-1.8749971389770508,0.35233595967292786,1.1531479358673096
1788893108060128300,5.973128173828125,-1.71733820438385,0.4460791349411011,1.0444910526275635
1788893108070152400,5.98315234375,-1.5010895729064941,0.5696497559547424,0.909202516078949
1788893108080177000,5.993177001953125,-1.2635358572006226,0.7155908346176147,0.7281076908111572
1788893108090201900,6.003201904296875,-1.0100030899047852,0.8498140573501587,0.5075981020927429
1788893108100226800,6.013226806640625,-0.7575356364250183,0.9467530846595764,0.25193485617637634
1788893108110250800,6.023250732421875,-0.5263733863830566,1.0159951448440552,-0.02396843209862709
1788893108120272100,6.033272216796875,-0.3207775056362152,1.0692583322525024,-0.29880645871162415
1788893108130290400,6.04329052734375,-0.15246586501598358,1.1044120788574219,-0.5534044504165649
1788893108140309200,6.053309326171875,-0.02463422156870365,1.1257174015045166,-0.7803056240081787
1788893108150328300,6.063328369140625,0.06697845458984375,1.1480878591537476,-0.9624657034873962
1788893108160347600,6.07334765625,0.13622058928012848,1.1576752662658691,-1.081775188446045
1788893108170367500,6.083367431640625,0.20333220064640045,1.1278479099273682,-1.1329078674316406
1788893108180387600,6.0933876953125,0.24700801074504852,1.0330394506454468,-1.123320460319519
1788893108190408400,6.103408447265625,0.26511749625205994,0.8242477178573608,-1.0530130863189697
1788893108200429600,6.1134296875,0.27470487356185913,0.4641886353492737,-0.8889625072479248
1788893108210451200,6.123451171875,0.2587259113788605,0.048735812306404114,-0.5842971205711365
1788893108220473300,6.133473388671875,0.17457008361816406,-0.31451907753944397,-0.14434322714805603
1788893108230495700,6.143495849609375,0.004127896390855312,-0.568051815032959,0.39254966378211975
1788893108240518400,6.153518310546875,-0.2323606312274933,-0.680969774723053,0.9645962119102478
1788893108250541600,6.16354150390625,-0.5050681233406067,-0.6777740120887756,1.5089459419250488
1788893108260564700,6.173564697265625,-0.8044071793556213,-0.6032055616378784,1.9286597967147827
1788893108270588000,6.183587890625,-1.106942057609558,-0.5701823830604553,2.1608872413635254
1788893108280616700,6.19361669921875,-1.3764537572860718,-0.5819002389907837,2.2141504287719727
1788893108290633000,6.203633056640625,-1.5788538455963135,-0.6000097393989563,2.119342088699341
1788893108300649500,6.2136494140625,-1.7045550346374512,-0.6095971465110779,1.9158766269683838
1788893108310666200,6.223666259765625,-1.7429044246673584,-0.6149234175682068,1.6335817575454712
1788893108320683500,6.23368359375,-1.6832497119903564,-0.6127929091453552,1.2937626838684082
1788893108330701600,6.24370166015625,-1.5309170484542847,-0.5872265696525574,0.9081372618675232
1788893108340720400,6.253720458984375,-1.345561146736145,-0.5573992133140564,0.49161916971206665
1788893108350740000,6.263739990234375,-1.1261168718338013,-0.5350286364555359,0.08149266988039017
1788893108360760300,6.27376025390625,-0.8725841045379639,-0.5190497040748596,-0.287088543176651
1788893108370781700,6.28378173828125,-0.5956155061721802,-0.508397102355957,-0.6141244769096375
1788893108380803800,6.293803955078125,-0.302668035030365,-0.49987494945526123,-0.900680422782898
1788893108390826500,6.303826416015625,0.011584741994738579,-0.49348339438438416,-1.1329078674316406
1788893108400850000,6.313849853515625,0.35353437066078186,-0.4689823091030121,-1.3054805994033813
1788893108410874000,6.3238740234375,0.715723991394043,-0.42317599058151245,-1.4120069742202759
1788893108420898600,6.333898681640625,1.0651304721832275,-0.3592601716518402,-1.4642049074172974
1788893108430923300,6.34392333984375,1.380448579788208,-0.31451907753944397,-1.4737921953201294
1788893108440948000,6.353947998046875,1.6382423639297485,-0.35819488763809204,-1.4439648389816284
1788893108450972700,6.36397265625,1.8374465703964233,-0.5254412889480591,-1.361939549446106
1788893108460994000,6.373994140625,1.9642130136489868,-0.7523424625396729,-1.2117373943328857
1788893108471015200,6.38401513671875,1.987648844718933,-0.9334372878074646,-0.9944236278533936
1788893108481033700,6.39403369140625,1.8821877241134644,-1.0399636030197144,-0.7089329361915588
1788893108491052300,6.40405224609375,1.6606128215789795,-1.0591384172439575,-0.3680485785007477
1788893108501071400,6.4140712890625,1.3516863584518433,-1.0005488395690918,0.006924213841557503
1788893108511090700,6.424090576171875,1.0044105052947998,-0.8503466844558716,0.3573959469795227
1788893108521110500,6.434110595703125,0.664591372013092,-0.6458160877227783,0.5970802903175354
1788893108531131000,6.444130859375,0.3567301630973816,-0.48496127128601074,0.6972150802612305
1788893108541151500,6.4541513671875,0.13409006595611572,-0.416784405708313,0.6791055798530579
1788893108551172600,6.464172607421875,0.009454214945435524,-0.3784348964691162,0.5640571117401123
1788893108561194200,6.4741943359375,0.005193160381168127,-0.37736964225769043,0.3755054473876953
1788893108571216400,6.48421630859375,0.12237215787172318,-0.46578651666641235,0.15180006623268127
1788893108581238800,6.49423876953125,0.30772802233695984,-0.6106624007225037,-0.05592634156346321
1788893108591261700,6.50426171875,0.4877575933933258,-0.7097318768501282,-0.20612850785255432
1788893108601284600,6.51428466796875,0.6134586930274963,-0.7299718856811523,-0.2743053734302521
1788893108611307800,6.524307861328125,0.6581997871398926,-0.5861613154411316,-0.276435911655426
1788893108621331200,6.534331298828125,0.6368945240974426,-0.29534435272216797,-0.2444780021905899
1788893108631359700,6.54435986328125,0.5761744976043701,0.011451584286987782,-0.24234747886657715
1788893108641376000,6.5543759765625,0.47603967785835266,0.2287653684616089,-0.33715593814849854
1788893108651392500,6.564392578125,0.34501224756240845,0.3651190996170044,-0.5171855092048645
1788893108661409300,6.5744091796875,0.1639174371957779,0.4066644012928009,-0.7323687672615051
1788893108671426600,6.584426513671875,-0.07896266877651215,0.3683148920536041,-0.9539436101913452
1788893108681444600,6.594444580078125,-0.3207775056362152,0.2884201407432556,-1.1744531393051147
1788893108691463200,6.604463134765625,-0.537026047706604,0.1957421898841858,-1.3843101263046265
1788893108701482800,6.614482666015625,-0.734099805355072,0.09454214572906494,-1.554752230644226
1788893108711503400,6.62450341796875,-0.8917587995529175,-0.02583264373242855,-1.647430181503296
1788893108721524700,6.634524658203125,-0.9876325726509094,-0.14194637537002563,-1.642103910446167
1788893108731547000,6.644546875,-1.0100030899047852,-0.25379905104637146,-1.5398385524749756
1788893108741569800,6.65456982421875,-0.943956732749939,-0.40506649017333984,-1.3587437868118286
1788893108751593500,6.664593505859375,-0.7958850860595703,-0.5765739679336548,-1.0977542400360107
1788893108761617400,6.674617431640625,-0.6009418368339539,-0.7470161318778992,-0.7568697929382324
1788893108771642000,6.68464208984375,-0.39428070187568665,-0.906805694103241,-0.34993910789489746
1788893108781666800,6.694666748046875,-0.1982721984386444,-1.036767840385437,0.10492847114801407
1788893108791691800,6.70469189453125,-0.02463422156870365,-1.1305110454559326,0.577905535697937
1788893108801716000,6.714716064453125,0.11491531878709793,-1.205079436302185,1.009337306022644
1788893108811737000,6.724737060546875,0.19267955422401428,-1.2956268787384033,1.3416996002197266
1788893108821755600,6.734755615234375,0.2203764170408249,-1.4042837619781494,1.5654048919677734
1788893108831774200,6.744774169921875,0.196940615773201,-1.4990922212600708,1.69643235206604
1788893108841793300,6.754793212890625,0.1394163817167282,-1.5683343410491943,1.7422386407852173
1788893108851812600,6.7648125,0.07763108611106873,-1.6162712574005127,1.7070850133895874
1788893108861832400,6.77483251953125,0.025433169677853584,-1.6365113258361816,1.5952322483062744
1788893108871852800,6.784852783203125,-0.018242640420794487,-1.5992270708084106,1.4322469234466553
1788893108881873400,6.794873291015625,-0.051265813410282135,-1.498026967048645,1.2415647506713867
1788893108891894500,6.80489453125,-0.059787921607494354,-1.359542727470398,1.0370341539382935
1788893108901916200,6.814916259765625,-0.035286858677864075,-1.1976226568222046,0.8154593110084534
1788893108911938300,6.824938232421875,0.03502054139971733,-1.0154625177383423,0.577905535697937
1788893108921960700,6.834960693359375,0.14367742836475372,-0.8205193281173706,0.32650330662727356
1788893108931983600,6.844983642578125,0.2821617126464844,-0.6021402478218079,0.07723161578178406
1788893108942006500,6.855006591796875,0.43769019842147827,-0.349672794342041,-0.16564849019050598
1788893108952029700,6.86502978515625,0.6070671081542969,-0.08335687965154648,-0.4127896726131439
1788893108962053000,6.87505322265625,0.7839008569717407,0.1712411344051361,-0.67484450340271
1788893108972081700,6.88508154296875,0.9809746742248535,0.3842938542366028,-0.9358341097831726
1788893108982098200,6.89509814453125,1.1993536949157715,0.534496009349823,-1.1755183935165405
1788893108992114700,6.90511474609375,1.423059105873108,0.601607620716095,-1.369396448135376
1788893109002131500,6.91513134765625,1.6371771097183228,0.601607620716095,-1.50361967086792
1788893109012149000,6.92514892578125,1.821467638015747,0.571780264377594,-1.5845797061920166
1788893109022166800,6.935166748046875,1.96847403049469,0.4950812757015228,-1.6112112998962402
1788893109032185600,6.945185546875,2.064347743988037,0.3970770239830017,-1.5792533159255981
1788893109042205200,6.955205078125,2.089914083480835,0.30546435713768005,-1.4791185855865479
1788893109052225500,6.9652255859375,2.035585641860962,0.2372874766588211,-1.3182637691497803
1788893109062247000,6.975246826171875,1.8981666564941406,0.22237378358840942,-1.113733172416687
1788893109072269000,6.98526904296875,1.688309669494629,0.2649843394756317,-0.8921582698822021
1788893109082291700,6.995291748046875,1.4251896142959595,0.34274858236312866,-0.6854971647262573
1788893109092315400,7.0053154296875,1.1269158124923706,0.3747064769268036,-0.5118591785430908
1788893109102339300,7.01533935546875,0.7785745859146118,0.3502054214477539,-0.38402754068374634
1788893109112363800,7.02536376953125,0.42064598202705383,0.2990727722644806,-0.27110961079597473
1788893109122388500,7.035388427734375,0.11385004967451096,0.22450430691242218,-0.1464737504720688
1788893109132413200,7.0454130859375,-0.14607428014278412,0.138217955827713,-0.006924213841557503
1788893109142438000,7.05543798828125,-0.35699647665023804,0.08921582996845245,0.15606112778186798
1788893109152459300,7.065459228515625,-0.49761128425598145,0.09773793816566467,0.34035173058509827
1788893109162477600,7.0754775390625,-0.5817670822143555,0.148870587348938,0.5214465260505676
1788893109172496400,7.085496337890625,-0.5977460741996765,0.22024326026439667,0.6514087319374084
1788893109182515500,7.095515380859375,-0.5412870645523071,0.2852243483066559,0.6918887495994568
1788893109192534800,7.10553466796875,-0.44008705019950867,0.3502054214477539,0.6524739861488342
1788893109202554600,7.1155546875,-0.32397329807281494,0.43329599499702454,0.5427518486976624
1788893109212574700,7.12557470703125,-0.19614167511463165,0.5227781534194946,0.37337490916252136
1788893109222595600,7.135595703125,-0.06298371404409409,0.5877591967582703,0.1592569202184677
1788893109232616700,7.14561669921875,0.07123950868844986,0.626108705997467,-0.08362319320440292
1788893109242638300,7.155638427734375,0.18309219181537628,0.6303697824478149,-0.3563306927680969
1788893109252660500,7.165660400390625,0.26511749625205994,0.5707150101661682,-0.6141244769096375
1788893109262683000,7.175682861328125,0.3055975139141083,0.4546012580394745,-0.8048067092895508
1788893109272705500,7.18570556640625,0.2992059290409088,0.3075948655605316,-0.9113330245018005
1788893109282728700,7.195728759765625,0.24913853406906128,0.14034847915172577,-0.9305077791213989
1788893109292752000,7.205751953125,0.19054903090000153,-0.07376950979232788,-0.8474172353744507
1788893109302775000,7.215775146484375,0.11278478801250458,-0.30067065358161926,-0.662061333656311
1788893109312803800,7.225803955078125,-0.0033289489801973104,-0.5062665343284607,-0.3850927948951721
1788893109322820400,7.2358203125,-0.14607428014278412,-0.6468813419342041,-0.020772641524672508
1788893109332836900,7.2458369140625,-0.2973417043685913,-0.6990792751312256,0.39787596464157104
1788893109342854000,7.25585400390625,-0.4336954653263092,-0.7044056057929993,0.8133288025856018
1788893109352871400,7.265871337890625,-0.5572660565376282,-0.7065361142158508,1.1744531393051147
1788893109362889500,7.275889404296875,-0.6467481851577759,-0.7491466403007507,1.4098764657974243
1788893109372908300,7.285908203125,-0.6904240250587463,-0.8428898453712463,1.5121417045593262
1788893109382928000,7.295927978515625,-0.7085334658622742,-0.9281109571456909,1.515337586402893
1788893109392948500,7.305948486328125,-0.6978808641433716,-1.0048099756240845,1.4301164150238037
1788893109402969900,7.315969970703125,-0.658466100692749,-1.066595196723938,1.2511521577835083
1788893109412991700,7.32599169921875,-0.5711144804954529,-1.116662621498108,1.0082720518112183
1788893109423014700,7.3360146484375,-0.4336954653263092,-1.153946876525879,0.7270424365997314
1788893109433038000,7.3460380859375,-0.25686168670654297,-1.170991063117981,0.41705071926116943
1788893109443062000,7.35606201171875,-0.05446160212159157,-1.170991063117981,0.09108003973960876
1788893109453086500,7.36608642578125,0.16604797542095184,-1.1624689102172852,-0.23382537066936493
1788893109463111200,7.376111083984375,0.4046670198440552,-1.150750994682312,-0.5363602638244629
1788893109473135900,7.386135986328125,0.6677871346473694,-1.1326415538787842,-0.7973498106002808
1788893109483160300,7.396160400390625,0.9532778263092041,-1.103879451751709,-1.026381492614746
1788893109493181400,7.406181396484375,1.2408989667892456,-1.0815088748931885,-1.2202595472335815
1788893109503200000,7.416199951171875,1.5210633277893066,-1.0633994340896606,-1.3800489902496338
1788893109513218800,7.42621875,1.7905750274658203,-1.053812026977539,-1.5089459419250488
1788893109523238000,7.43623779296875,2.040911912918091,-1.0633994340896606,-1.6186680793762207
1788893109533257200,7.44625732421875,2.2656826972961426,-1.0889657735824585,-1.70388925075531
1788893109543277000,7.456277099609375,2.457430124282837,-1.1102709770202637,-1.7571523189544678
1788893109553297200,7.466297119140625,2.606566905975342,-1.13370680809021,-1.776327133178711
1788893109563318000,7.476318115234375,2.7035059928894043,-1.1773825883865356,-1.7646092176437378
1788893109573339100,7.486339111328125,2.7471816539764404,-1.238102674484253,-1.7251944541931152
1788893109583360800,7.49636083984375,2.7429206371307373,-1.3009532690048218,-1.6655397415161133
1788893109593383000,7.5063828125,2.6981797218322754,-1.3765869140625,-1.5962976217269897
1788893109603405300,7.5164052734375,2.6172196865081787,-1.4820480346679688,-1.5185333490371704
1788893109613428200,7.52642822265625,2.5128238201141357,-1.615206003189087,-1.4428995847702026
1788893109623451100,7.536451171875,2.3956446647644043,-1.7504944801330566,-1.3779184818267822
1788893109633474300,7.546474365234375,2.2859225273132324,-1.875130295753479,-1.326785922050476
1788893109643497700,7.556497802734375,2.2017667293548584,-1.9933745861053467,-1.2809795141220093
1788893109653526300,7.5665263671875,2.163417339324951,-2.1030967235565186,-1.2319773435592651
1788893109663542800,7.576542724609375,2.169808864593506,-2.1925787925720215,-1.1669963598251343
1788893109673559600,7.5865595703125,2.2113542556762695,-2.2532989978790283,-1.0828404426574707
1788893109683576600,7.59657666015625,2.282726764678955,-2.2905831336975098,-0.9827057123184204
1788893109693594000,7.606593994140625,2.381796360015869,-2.3033664226531982,-0.8857667446136475
1788893109703612200,7.616612060546875,2.5032362937927246,-2.2980399131774902,-0.8080024719238281
1788893109713631200,7.62663134765625,2.6491775512695312,-2.2980399131774902,-0.7621961236000061
1788893109723650800,7.63665087890625,2.795118570327759,-2.3310632705688477,-0.7728487849235535
1788893109733671400,7.64667138671875,2.9261460304260254,-2.377934694290161,-0.833568811416626
1788893109743692800,7.65669287109375,3.031607151031494,-2.403501033782959,-0.9326383471488953
1788893109753715000,7.66671484375,3.0944576263427734,-2.402435779571533,-1.0679267644882202
1788893109763737900,7.67673779296875,3.1093714237213135,-2.3715431690216064,-1.2255858182907104
1788893109773761300,7.68676123046875,3.0742177963256836,-2.3065621852874756,-1.386440634727478
1788893109783785200,7.69678515625,2.993257761001587,-2.204296827316284,-1.533447027206421
1788893109793809700,7.7068095703125,2.868621826171875,-2.066877841949463,-1.654887080192566
1788893109803834400,7.71683447265625,2.7173542976379395,-1.9134798049926758,-1.7518260478973389
1788893109813859000,7.726859130859375,2.556499481201172,-1.7579513788223267,-1.817872405052185
1788893109823883000,7.736883056640625,2.403101682662964,-1.6002923250198364,-1.8519608974456787
1788893109833904000,7.746904052734375,2.2763352394104004,-1.4543511867523193,-1.8498302698135376
1788893109843922700,7.756922607421875,2.179396152496338,-1.3243889808654785,-1.8168071508407593
1788893109853941500,7.76694140625,2.1122846603393555,-1.208275318145752,-1.7518260478973389
1788893109863960600,7.776960693359375,2.070739269256592,-1.116662621498108,-1.671931266784668
1788893109873980000,7.78697998046875,2.0377161502838135,-1.0623341798782349,-1.5899059772491455
1788893109883999700,7.796999755859375,2.0036277770996094,-1.0431593656539917,-1.5014890432357788
1788893109894020000,7.80702001953125,1.9588866233825684,-1.0484857559204102,-1.4141374826431274
1788893109904040700,7.817040771484375,1.8981666564941406,-1.0708563327789307,-1.3310469388961792
1788893109914061800,7.827061767578125,1.8204023838043213,-1.1155973672866821,-1.252217411994934
1788893109924083500,7.83708349609375,1.7341160774230957,-1.1677953004837036,-1.173387885093689
1788893109934105600,7.847105712890625,1.6371771097183228,-1.2114710807800293,-1.0966888666152954
1788893109944128300,7.857128173828125,1.524259090423584,-1.2370374202728271,-1.0189247131347656
1788893109954151000,7.86715087890625,1.3996232748031616,-1.2444941997528076,-0.9454214572906494
1788893109964174000,7.877174072265625,1.2739222049713135,-1.238102674484253,-0.8804404139518738
1788893109974197200,7.887197265625,1.1460905075073242,-1.2146668434143066,-0.8282424807548523
1788893109984220700,7.897220703125,1.0342378616333008,-1.1699258089065552,-0.7888277173042297
1788893109994249500,7.90724951171875,0.9447556734085083,-1.1230541467666626,-0.7760445475578308
1788893110004265700,7.917265625,0.88297039270401,-1.0804436206817627,-0.7856319546699524
1788893110014282200,7.9272822265625,0.8467514514923096,-1.0346373319625854,-0.812263548374176
1788893110024299300,7.93729931640625,0.8339682817459106,-0.9813741445541382,-0.8559393286705017
1788893110034316800,7.94731689453125,0.8414251208305359,-0.9185235500335693,-0.9145288467407227
1788893110044334800,7.9573349609375,0.8669914603233337,-0.8322372436523438,-0.9773793816566467
1788893110054353700,7.967353759765625,0.9010798931121826,-0.7289066314697266,-1.0370341539382935
1788893110064373200,7.977373291015625,0.9479514956474304,-0.6287718415260315,-1.0753836631774902
1788893110074393600,7.9873935546875,1.0044105052947998,-0.5520728826522827,-1.0732531547546387
1788893110084415000,7.9974150390625,1.0619347095489502,-0.5115928649902344,-1.0114678144454956
1788893110094437000,8.00743701171875,1.10454523563385,-0.5094623565673828,-0.8921582698822021
1788893110104460000,8.0174599609375,1.1183936595916748,-0.559529721736908,-0.7323687672615051
1788893110114483500,8.0274833984375,1.1205241680145264,-0.6447508335113525,-0.5310339331626892
1788893110124507400,8.03750732421875,1.10454523563385,-0.7214497923851013,-0.29348012804985046
1788893110134531800,8.04753173828125,1.0321073532104492,-0.7502118945121765,-0.04740423336625099
1788893110144556500,8.057556640625,0.8904272317886353,-0.7118624448776245,0.16245271265506744
1788893110154581500,8.06758154296875,0.6784397959709167,-0.6415550112724304,0.31158962845802307
1788893110164606000,8.07760595703125,0.4131891429424286,-0.559529721736908,0.400006502866745
1788893110174627300,8.08762744140625,0.13409006595611572,-0.47004759311676025,0.4468781054019928
1788893110184648400,8.0976484375,-0.14500901103019714,-0.37630438804626465,0.46285703778266907
1788893110194667000,8.1076669921875,-0.40280282497406006,-0.2601906359195709,0.4511391520500183
1788893110204685800,8.117685791015624,-0.6094639897346497,-0.12170637398958206,0.4223770201206207
1788893110214705000,8.127704833984374,-0.7500787377357483,0.013582111336290836,0.3818970024585724
1788893110224724200,8.13772412109375,-0.8278430104255676,0.12117373943328857,0.33609068393707275
1788893110234744000,8.147744140625,-0.8448871970176697,0.19467693567276,0.28389275074005127
1788893110244764400,8.157764404296875,-0.8033419251441956,0.23835274577140808,0.211454838514328
1788893110254785000,8.167784912109376,-0.7213166356086731,0.2522011697292328,0.10066741704940796
1788893110264806400,8.177806396484375,-0.6307692527770996,0.28202855587005615,-0.04420844092965126
1788893110274828000,8.187828125,-0.5402218103408813,0.36298859119415283,-0.21252009272575378
1788893110284850200,8.19785009765625,-0.4539354741573334,0.48868969082832336,-0.4032022953033447
1788893110294872600,8.20787255859375,-0.3633880615234375,0.6356960535049438,-0.6173202991485596
1788893110304895500,8.2178955078125,-0.2547311782836914,0.768854022026062,-0.8410256505012512
1788893110314918400,8.22791845703125,-0.11837742477655411,0.8540751338005066,-1.0572742223739624
1788893110324941800,8.23794189453125,0.05952160432934761,0.873249888420105,-1.2500869035720825
1788893110334965000,8.247965087890625,0.27470487356185913,0.827443540096283,-1.3981585502624512
1788893110344993800,8.257993896484376,0.5090628862380981,0.7198519110679626,-1.4865753650665283
1788893110355010300,8.26801025390625,0.7391598224639893,0.5973466038703918,-1.4940322637557983
1788893110365026800,8.27802685546875,0.950082004070282,0.4716454744338989,-1.4077459573745728
1788893110375043800,8.2880439453125,1.1365031003952026,0.3555317521095276,-1.2309120893478394
1788893110385061000,8.29806103515625,1.2973579168319702,0.251135915517807,-0.9784446358680725
1788893110395079200,8.3080791015625,1.4187979698181152,0.13715268671512604,-0.6673876643180847
1788893110405098000,8.318097900390624,1.4731264114379883,-0.001331579522229731,-0.31265488266944885
1788893110415117600,8.32811767578125,1.4582127332687378,-0.15153375267982483,0.0655137151479721
1788893110425138200,8.33813818359375,1.365534782409668,-0.2889527678489685,0.4245075583457947
1788893110435159600,8.34815966796875,1.2036147117614746,-0.4114580750465393,0.699345588684082
1788893110445181700,8.358181640625,0.9724525213241577,-0.5542033910751343,0.8644614219665527
1788893110455204400,8.368204345703125,0.7103977203369141,-0.6980140209197998,0.9326383471488953
1788893110465228000,8.37822802734375,0.451538622379303,-0.7960182428359985,0.9113330245018005
1788893110475252000,8.388251953125,0.20439745485782623,-0.8524772524833679,0.8048067092895508
1788893110485276400,8.3982763671875,0.011584741994738579,-0.8727172613143921,0.6269076466560364
1788893110495301400,8.40830126953125,-0.09813741594552994,-0.8578035235404968,0.3914843797683716
1788893110505326000,8.418326171875,-0.13009531795978546,-0.7981488108634949,0.11451584100723267
1788893110515350800,8.428350830078125,-0.09281109273433685,-0.705470860004425,-0.1837579756975174
1788893110525372000,8.438371826171876,0.010519478470087051,-0.5808349847793579,-0.49588021636009216
1788893110535393300,8.448393310546875,0.16498270630836487,-0.4306328296661377,-0.825046718120575
1788893110545411800,8.458411865234375,0.3609912097454071,-0.27403905987739563,-1.1691268682479858
1788893110555430700,8.4684306640625,0.5900229215621948,-0.12596742808818817,-1.5259901285171509
1788893110565449700,8.47844970703125,0.8329030275344849,0.008255792781710625,-1.892440915107727
1788893110575469000,8.488468994140625,1.0768483877182007,0.12223900109529495,-2.256761074066162
1788893110585489000,8.498489013671875,1.3069453239440918,0.20213377475738525,-2.61042857170105
1788893110595509200,8.50850927734375,1.518932819366455,0.2277000993490219,-2.9438560009002686
1788893110605529900,8.51852978515625,1.7085497379302979,0.1627190262079239,-3.2463910579681396
1788893110615551200,8.52855126953125,1.876861333847046,0.014647374860942364,-3.488205909729004
1788893110625572900,8.53857275390625,2.0515646934509277,-0.18242639303207397,-3.6394731998443604
1788893110635595000,8.548594970703125,2.2305288314819336,-0.4199801981449127,-3.685279607772827
1788893110645617700,8.55861767578125,2.381796360015869,-0.7384940385818481,-3.630951166152954
1788893110655640300,8.568640380859375,2.467017412185669,-1.1219888925552368,-3.4647700786590576
1788893110665663500,8.57866357421875,2.4936490058898926,-1.5193322896957397,-3.155843496322632
1788893110675686700,8.588686767578125,2.4339942932128906,-1.8314545154571533,-2.7073676586151123
1788893110685710000,8.5987099609375,2.2560951709747314,-2.030658721923828,-2.1544957160949707
1788893110695739000,8.60873876953125,1.9738004207611084,-2.106292486190796,-1.524924874305725
1788893110705755100,8.618755126953126,1.6062843799591064,-2.042376756668091,-0.8580698370933533
1788893110715771600,8.628771728515625,1.1705915927886963,-1.8612818717956543,-0.21571588516235352
1788893110725788400,8.638788330078125,0.6880271434783936,-1.6045533418655396,0.30732855200767517
1788893110735806000,8.648805908203125,0.22250694036483765,-1.371260643005371,0.6695181727409363
1788893110745824000,8.658823974609374,-0.16844481229782104,-1.1933616399765015,0.8996151685714722
1788893110755842800,8.6688427734375,-0.4986765384674072,-1.0516815185546875,1.014663577079773
1788893110765862400,8.6788623046875,-0.7245124578475952,-0.9355677962303162,1.039164662361145
1788893110775883000,8.688883056640625,-0.8321040868759155,-0.8439550995826721,0.9827057123184204
1788893110785904000,8.698904052734376,-0.8480830192565918,-0.7928224802017212,0.8697877526283264
1788893110795926300,8.70892626953125,-0.7703187465667725,-0.7843003273010254,0.7323687672615051
1788893110805949200,8.71894921875,-0.6179860830307007,-0.7597993016242981,0.5747097134590149
1788893110815972900,8.728972900390625,-0.4251733422279358,-0.7523424625396729,0.40213701128959656
1788893110825997000,8.7389970703125,-0.20146799087524414,-0.7576687932014465,0.22849905490875244
1788893110836021500,8.749021484375,0.03821633383631706,-0.7661908864974976,0.0655137151479721
1788893110846046200,8.759046142578125,0.3002711832523346,-0.7448856234550476,-0.07829687744379044
1788893110856071200,8.7690712890625,0.610262930393219,-0.6532729268074036,-0.1837579756975174
1788893110866095900,8.779095947265626,0.9426251649856567,-0.5105276107788086,-0.26684853434562683
1788893110876117000,8.789116943359375,1.2675305604934692,-0.4071970283985138,-0.34993910789489746
1788893110886135600,8.799135498046875,1.5647391080856323,-0.49348339438438416,-0.42557281255722046
1788893110896154400,8.809154296875,1.787379264831543,-0.7150582075119019,-0.4415517747402191
1788893110906173400,8.81917333984375,1.901362419128418,-1.0048099756240845,-0.3659180700778961
1788893110916192800,8.82919287109375,1.896036148071289,-1.2391679286956787,-0.2263685166835785
1788893110926212600,8.839212646484375,1.767139196395874,-1.3254542350769043,-0.03249054029583931
1788893110936233000,8.84923291015625,1.548760175704956,-1.2572773694992065,0.1933453530073166
1788893110946253800,8.85925390625,1.2824442386627197,-1.0676604509353638,0.38722333312034607
1788893110956275000,8.86927490234375,1.0044105052947998,-0.8673909306526184,0.475640207529068
1788893110966296600,8.879296630859375,0.7135934829711914,-0.6862961053848267,0.44474756717681885
1788893110976318700,8.889318603515624,0.4366249442100525,-0.5339633822441101,0.332894891500473
1788893110986341400,8.89934130859375,0.20013640820980072,-0.44128546118736267,0.16351796686649323
1788893110996364000,8.909364013671874,0.014780532568693161,-0.3933486044406891,-0.061252661049366
1788893111006387200,8.91938720703125,-0.13435637950897217,-0.35393384099006653,-0.3286338448524475
1788893111016410400,8.929410400390625,-0.2408827394247055,-0.2900180220603943,-0.5960150361061096
1788893111026433800,8.939433837890626,-0.3069290816783905,-0.20373167097568512,-0.8676572442054749
1788893111036462600,8.949462646484376,-0.3495396375656128,-0.11744531989097595,-1.1329078674316406
1788893111046479000,8.95947900390625,-0.3719101548194885,-0.02583264373242855,-1.3875058889389038
1788893111056495600,8.96949560546875,-0.3719101548194885,0.08282424509525299,-1.6207985877990723
1788893111066512600,8.9795126953125,-0.33675646781921387,0.18935060501098633,-1.8242639303207397
1788893111076530200,8.9895302734375,-0.2323606312274933,0.23835274577140808,-1.9787272214889526
1788893111086548200,8.99954833984375,-0.026764748618006706,0.20213377475738525,-2.057556629180908
1788893111096567000,9.009567138671875,0.28855329751968384,0.03169159218668938,-2.0373167991638184
1788893111106586600,9.019586669921875,0.6763092279434204,-0.2793653905391693,-1.9116156101226807
1788893111116607200,9.029607177734375,1.0406293869018555,-0.6937529444694519,-1.6484954357147217
1788893111126628600,9.039628662109376,1.305880069732666,-1.1795132160186768,-1.2543479204177856
1788893111136650800,9.049650634765625,1.4241243600845337,-1.6546207666397095,-0.7888277173042297
1788893111146673700,9.059673583984376,1.3708611726760864,-2.0327892303466797,-0.287088543176651
1788893111156697000,9.069697021484375,1.1578084230422974,-2.2522337436676025,0.2167811542749405
1788893111166721000,9.079720947265624,0.7945535182952881,-2.2905831336975098,0.6279729008674622
1788893111176745500,9.089745361328125,0.3812312185764313,-2.1137492656707764,0.8293077349662781
1788893111186770200,9.099770263671875,0.024367906153202057,-1.820801854133606,0.8293077349662781
1788893111196795100,9.109795166015624,-0.2515353858470917,-1.4958964586257935,0.6950845122337341
1788893111206819800,9.11981982421875,-0.4379565119743347,-1.1795132160186768,0.464987576007843
1788893111216841000,9.129841064453124,-0.5295692086219788,-0.8844351172447205,0.14966954290866852
1788893111226859800,9.13985986328125,-0.5231776237487793,-0.6085318326950073,-0.21891167759895325
1788893111236878600,9.149878662109375,-0.4379565119743347,-0.36671701073646545,-0.6173202991485596
1788893111246897400,9.1598974609375,-0.2930806577205658,-0.19307903945446014,-1.0253162384033203
1788893111256917000,9.1699169921875,-0.11518163233995438,-0.09614004194736481,-1.4056153297424316
1788893111266936800,9.179936767578125,0.0786963477730751,-0.02263685315847397,-1.7294554710388184
1788893111276957200,9.189957275390626,0.27896592020988464,0.05193160101771355,-1.9734009504318237
1788893111286977800,9.199977783203124,0.49947547912597656,0.11904320865869522,-2.1150810718536377
1788893111296999200,9.209999267578125,0.7082671523094177,0.18935060501098633,-2.1715400218963623
1788893111307020800,9.220020751953125,0.8978840708732605,0.26285380125045776,-2.157691478729248
1788893111317043000,9.23004296875,1.0640652179718018,0.31611698865890503,-2.0703399181365967
1788893111327065600,9.240065673828125,1.1705915927886963,0.3416832983493805,-1.9297250509262085
1788893111337088300,9.250088134765624,1.2281157970428467,0.3470096290111542,-1.743303894996643
1788893111347111400,9.260111328125,1.238768458366394,0.33316120505332947,-1.5270553827285767
1788893111357134600,9.270134521484374,1.201484203338623,0.29161593317985535,-1.2958931922912598
1788893111367158000,9.280157958984375,1.1215894222259521,0.20532956719398499,-1.0487520694732666
1788893111377186800,9.290186767578126,1.0097367763519287,0.07004108279943466,-0.7824361324310303
1788893111387203000,9.300203125,0.8701872229576111,-0.09294424951076508,-0.510793924331665
1788893111397219800,9.3102197265625,0.6922882199287415,-0.23036326467990875,-0.2348906397819519
1788893111407236900,9.32023681640625,0.4920186400413513,-0.32091066241264343,0.03994738683104515
1788893111417254100,9.330254150390624,0.27790066599845886,-0.38163068890571594,0.3051980435848236
1788893111427272400,9.3402724609375,0.05632581561803818,-0.40080544352531433,0.5427518486976624
1788893111437291300,9.350291259765624,-0.15779218077659607,-0.3795001804828644,0.7440866827964783
1788893111447310800,9.360310791015625,-0.34314805269241333,-0.3230412006378174,0.909202516078949
1788893111457331500,9.37033154296875,-0.4848281145095825,-0.2324937880039215,1.039164662361145
1788893111467352800,9.380352783203126,-0.5785713195800781,-0.09720530360937119,1.1339731216430664
1788893111477375000,9.390375,-0.6414218544960022,0.08069372177124023,1.1925626993179321
1788893111487398000,9.40039794921875,-0.6616618633270264,0.261788547039032,1.2213248014450073
1788893111497421300,9.41042138671875,-0.6488786935806274,0.4343612492084503,1.205345869064331
1788893111507445200,9.4204453125,-0.6350302696228027,0.5600623488426208,1.1456910371780396
1788893111517469700,9.4304697265625,-0.6158555150032043,0.5962813496589661,1.072187900543213
1788893111527494400,9.440494384765625,-0.5764408111572266,0.5589970946311951,1.0072067975997925
1788893111537519000,9.45051904296875,-0.5487439036369324,0.5089297294616699,0.9645962119102478
1788893111547544000,9.4605439453125,-0.5231776237487793,0.48016759753227234,0.9539436101913452
1788893111557565200,9.470565185546874,-0.48695865273475647,0.48868969082832336,0.9784446358680725
1788893111567586600,9.480586669921875,-0.45606598258018494,0.5355613231658936,1.022120475769043
1788893111577608000,9.49060791015625,-0.44008705019950867,0.626108705997467,1.0551435947418213
1788893111587626500,9.50062646484375,-0.43689125776290894,0.7411571741104126,1.034903645515442
1788893111597645000,9.51064501953125,-0.44008705019950867,0.8455530405044556,0.9528783559799194
1788893111607664000,9.5206640625,-0.4475438892841339,0.9307740926742554,0.8197203874588013
1788893111617683700,9.53068359375,-0.46991443634033203,1.0159951448440552,0.6407560706138611
1788893111627703600,9.54070361328125,-0.4944154918193817,1.1022815704345703,0.4234423041343689
1788893111637724000,9.550723876953125,-0.5103944540023804,1.1672626733779907,0.1837579756975174
1788893111647744500,9.56074462890625,-0.5253081321716309,1.2109384536743164,-0.058056868612766266
1788893111657766000,9.570765869140626,-0.5338302254676819,1.2215911149978638,-0.2785664498806
1788893111667787500,9.58078759765625,-0.5253081321716309,1.1875026226043701,-0.45433494448661804
1788893111677809700,9.5908095703125,-0.499741792678833,1.1225215196609497,-0.5629918575286865
1788893111687832300,9.600832275390625,-0.45073968172073364,1.0351699590682983,-0.5938844680786133
1788893111697855000,9.61085498046875,-0.3996070325374603,0.9414267539978027,-0.5459476113319397
1788893111707878100,9.620878173828125,-0.35593122243881226,0.8721846342086792,-0.4234423041343689
1788893111717901600,9.630901611328126,-0.31332066655158997,0.8466182947158813,-0.2540653645992279
1788893111727925000,9.640925048828125,-0.28455856442451477,0.8849677443504333,-0.07403582334518433
1788893111737953800,9.650953857421875,-0.2781669795513153,0.9797762632369995,0.0708400309085846
1788893111747970000,9.660969970703125,-0.2984069883823395,1.0500836372375488,0.1368863731622696
1788893111757986600,9.670986572265624,-0.32823434472084045,1.0926941633224487,0.10492847114801407
1788893111768003300,9.68100341796875,-0.3410175144672394,1.1001510620117188,-0.0015978955198079348
1788893111778020900,9.691020751953126,-0.32290804386138916,1.031974196434021,-0.16351796686649323
1788893111788039000,9.701038818359375,-0.28136277198791504,0.8050730228424072,-0.3616569936275482
1788893111798057700,9.7110576171875,-0.23555642366409302,0.38962018489837646,-0.5416865348815918
1788893111808077300,9.721077392578126,-0.20146799087524414,-0.08868319541215897,-0.6247771382331848
1788893111818098000,9.731097900390624,-0.18122798204421997,-0.5318328738212585,-0.577905535697937
1788893111828119300,9.741119384765625,-0.1897500902414322,-0.8034750819206238,-0.41065913438796997
1788893111838141400,9.751141357421876,-0.24301326274871826,-0.9100014567375183,-0.14966954290866852
1788893111848164400,9.761164306640625,-0.33356067538261414,-0.8950877785682678,0.17736639082431793
1788893111858188000,9.77118798828125,-0.46458810567855835,-0.7640603184700012,0.5182507634162903
1788893111868212200,9.781212158203125,-0.6073334217071533,-0.5659213066101074,0.825046718120575
1788893111878236700,9.791236572265625,-0.7564703226089478,-0.3880222737789154,1.0434256792068481
1788893111888261400,9.801261474609374,-0.9056072235107422,-0.26871275901794434,1.1520826816558838
1788893111898286300,9.811286376953126,-1.0249167680740356,-0.21331904828548431,1.1691268682479858
1788893111908311000,9.82131103515625,-1.1016157865524292,-0.19840535521507263,1.1105372905731201
1788893111918332200,9.831332275390626,-1.1239862442016602,-0.22503694891929626,0.9880320429801941
1788893111928350700,9.841350830078126,-1.0973546504974365,-0.26764747500419617,0.8175898194313049
1788893111938369500,9.85136962890625,-1.0238515138626099,-0.27297380566596985,0.6247771382331848
1788893111948388600,9.861388671875,-0.8981503844261169,-0.21544957160949707,0.41172438859939575
1788893111958408200,9.871408203125,-0.7074682116508484,-0.09507478028535843,0.1741705983877182
1788893111968428000,9.881427978515624,-0.4518049359321594,0.048735812306404114,-0.09108003973960876
1788893111978448400,9.891448486328125,-0.15459638833999634,0.1712411344051361,-0.36911386251449585
1788893111988469000,9.901468994140625,0.17563533782958984,0.23196116089820862,-0.6311687231063843
1788893111998490400,9.911490478515624,0.5538039207458496,0.27670222520828247,-0.8932235836982727
1788893112008512000,9.921511962890625,0.9479514956474304,0.2649843394756317,-1.1765836477279663
1788893112018534100,9.9315341796875,1.3378379344940186,0.10519478470087051,-1.4183984994888306
1788893112028556500,9.941556640625,1.6733959913253784,-0.15472954511642456,-1.5526217222213745
1788893112038579500,9.951579345703125,1.9205372333526611,-0.4114580750465393,-1.5856449604034424
1788893112048602600,9.9616025390625,2.070739269256592,-0.6394245028495789,-1.537708044052124
1788893112058625800,9.971625732421876,2.105893135070801,-0.810931921005249,-1.4269206523895264
1788893112068649200,9.981649169921875,2.0185413360595703,-0.8918919563293457,-1.2532826662063599
1788893112078677800,9.991677734375,1.8385119438171387,-0.8673909306526184,-1.0338383913040161
1788893112088694500,10.001694580078125,1.611610770225525,-0.7363634705543518,-0.8111982345581055
1788893112098711000,10.0117109375,1.3761874437332153,-0.5499423742294312,-0.6418213248252869
1788893112108728300,10.021728271484376,1.1514167785644531,-0.3560643792152405,-0.5384907722473145
1788893112118745900,10.031745849609376,0.9628651738166809,-0.17390428483486176,-0.5012065172195435
1788893112128764200,10.04176416015625,0.837164044380188,-0.036485280841588974,-0.5203812718391418
1788893112138783000,10.051782958984376,0.7775092720985413,0.05086633935570717,-0.5821665525436401
1788893112148802800,10.061802734375,0.7391598224639893,0.10199899226427078,-0.6737792491912842
1788893112158823400,10.071823486328125,0.7082671523094177,0.1339569091796875,-0.7685877084732056
1788893112168844800,10.0818447265625,0.6741787195205688,0.1765674501657486,-0.842090904712677
1788893112178867000,10.091866943359374,0.5996102690696716,0.270310640335083,-0.8953540921211243
1788893112188889900,10.101889892578125,0.497344970703125,0.4119907021522522,-0.9368993639945984
1788893112198913300,10.111913330078124,0.3748396337032318,0.563258171081543,-0.976314127445221
1788893112208937500,10.1219375,0.24487747251987457,0.7006771564483643,-1.009337306022644
1788893112218962000,10.1319619140625,0.11811110377311707,0.8050730228424072,-1.034903645515442
1788893112228986400,10.141986328125,0.016911059617996216,0.8700540661811829,-1.0626004934310913
1788893112239011300,10.15201123046875,-0.048070020973682404,0.8966856598854065,-1.0956236124038696
1788893112249035300,10.16203515625,-0.047004759311676025,0.8849677443504333,-1.1318426132202148
1788893112259056600,10.172056640625,0.0019973693415522575,0.835965633392334,-1.1755183935165405
1788893112269075200,10.1820751953125,0.08402267098426819,0.760331928730011,-1.2319773435592651
1788893112279094000,10.192093994140626,0.20865851640701294,0.6697844862937927,-1.3001543283462524
1788893112289113000,10.202113037109376,0.4036017656326294,0.5206475853919983,-1.3779184818267822
1788893112299132400,10.21213232421875,0.6880271434783936,0.24367906153202057,-1.4599437713623047
1788893112309152300,10.22215234375,1.0438252687454224,-0.1344895362854004,-1.5110764503479004
1788893112319172600,10.232172607421875,1.4305158853530884,-0.6074665784835815,-1.487640619277954
1788893112329193500,10.242193359375,1.7639434337615967,-1.1720563173294067,-1.3747227191925049
1788893112339214600,10.252214599609376,1.9961708784103394,-1.7345155477523804,-1.148886799812317
1788893112349236500,10.262236572265625,1.998301386833191,-2.156359910964966,-0.8197203874588013
1788893112359258600,10.272258544921876,1.7010928392410278,-2.3853917121887207,-0.4330296814441681
1788893112369281000,10.282281005859375,1.1780483722686768,-2.437589645385742,-0.013315795920789242
1788893112379304000,10.292303955078125,0.5303681492805481,-2.328932523727417,0.3755054473876953
1788893112389326800,10.302326904296875,-0.15885743498802185,-2.0445072650909424,0.65353924036026
1788893112399350000,10.31235009765625,-0.7692534923553467,-1.5683343410491943,0.7568697929382324
1788893112409373400,10.32237353515625,-1.21666419506073,-1.0783131122589111,0.7419561147689819
1788893112419402200,10.33240234375,-1.5106769800186157,-0.6873613595962524,0.6301034688949585
1788893112429418800,10.342418701171875,-1.6704665422439575,-0.39441385865211487,0.4511391520500183
1788893112439435500,10.352435546875,-1.6949676275253296,-0.16325165331363678,0.2348906397819519
1788893112449452800,10.362452880859376,-1.6129423379898071,0.028495801612734795,0.0015978955198079348
1788893112459470300,10.37247021484375,-1.4542180299758911,0.16591481864452362,-0.22849905490875244
1788893112469488400,10.38248828125,-1.2347737550735474,0.2937464416027069,-0.4852275848388672
1788893112479507200,10.392507080078126,-0.9950894117355347,0.3981422781944275,-0.766457200050354
1788893112489527000,10.402527099609374,-0.7436871528625488,0.45140546560287476,-1.0317078828811646
1788893112499547600,10.412547607421875,-0.4954807460308075,0.47484126687049866,-1.2564784288406372
1788893112509568800,10.42256884765625,-0.2589922249317169,0.47910231351852417,-1.4492912292480469
1788893112519591000,10.4325908203125,-0.04167843982577324,0.4716454744338989,-1.6154723167419434
1788893112529613800,10.44261376953125,0.15539532899856567,0.46099284291267395,-1.758217692375183
1788893112539637200,10.45263720703125,0.3226417303085327,0.450340211391449,-1.8700703382492065
1788893112549661400,10.462661376953125,0.47603967785835266,0.40346860885620117,-1.9510303735733032
1788893112559686000,10.472685791015625,0.6411555409431458,0.27350643277168274,-1.9915103912353516
1788893112569710600,10.482710693359374,0.8350335359573364,0.03488738462328911,-1.9840534925460815
1788893112579735300,10.4927353515625,1.0619347095489502,-0.30067065358161926,-1.9116156101226807
1788893112589759700,10.502759765625,1.3069453239440918,-0.6852308511734009,-1.7603482007980347
1788893112599781000,10.512781005859376,1.5434339046478271,-1.0655299425125122,-1.520663857460022
1788893112609799700,10.522799560546876,1.7138760089874268,-1.3946964740753174,-1.193627953529358
1788893112619818500,10.532818603515626,1.750095009803772,-1.615206003189087,-0.7781751155853271
1788893112629837600,10.542837646484376,1.5998928546905518,-1.6215975284576416,-0.29028433561325073
1788893112639857000,10.55285693359375,1.251551628112793,-1.396826982498169,0.23915168642997742
1788893112649876700,10.562876708984374,0.7391598224639893,-1.0048099756240845,0.7462171912193298
1788893112659897000,10.57289697265625,0.13835111260414124,-0.5531381368637085,1.1712573766708374
1788893112669918000,10.58291796875,-0.4720449447631836,-0.1291632205247879,1.483379602432251
1788893112679939000,10.59293896484375,-1.005742073059082,0.2426137924194336,1.679388165473938
1788893112689961000,10.6029609375,-1.4030853509902954,0.5419528484344482,1.7827186584472656
1788893112699983000,10.612983154296876,-1.6757928133010864,0.7102645039558411,1.813611388206482
1788893112710005500,10.623005615234375,-1.8046897649765015,0.7273087501525879,1.7837839126586914
1788893112720028400,10.6330283203125,-1.814277172088623,0.6325002908706665,1.7081502676010132
1788893112730051300,10.64305126953125,-1.7450350522994995,0.44288337230682373,1.6090806722640991
1788893112740074500,10.653074462890626,-1.6150728464126587,0.270310640335083,1.49616277217865
1788893112750098000,10.663097900390625,-1.4680664539337158,0.11265163123607635,1.3928321599960327
1788893112760126700,10.673126708984375,-1.3199948072433472,-0.001331579522229731,1.3012195825576782
1788893112770143200,10.683143310546875,-1.1783146858215332,-0.03968106955289841,1.214933156967163
1788893112780160000,10.693159912109374,-1.0568746328353882,0.016777902841567993,1.136103630065918
1788893112790177300,10.70317724609375,-0.9620662331581116,0.13502216339111328,1.0508825778961182
1788893112800194800,10.71319482421875,-0.8917587995529175,0.27670222520828247,0.9400951862335205
1788893112810212900,10.723212890625,-0.8406261801719666,0.41305598616600037,0.7973498106002808
1788893112820231700,10.733231689453126,-0.7990809082984924,0.5281044244766235,0.6290381550788879
1788893112830251500,10.74325146484375,-0.7543398141860962,0.6250434517860413,0.4372907280921936
1788893112840272100,10.753272216796875,-0.6978808641433716,0.7102645039558411,0.22849905490875244
1788893112850293200,10.763293212890625,-0.6243776679039001,0.7848330140113831,0.01438105944544077
1788893112860315400,10.7733154296875,-0.5338302254676819,0.8466182947158813,-0.20293273031711578
1788893112870338300,10.78333837890625,-0.4198470413684845,0.890294075012207,-0.4181159734725952
1788893112880361700,10.79336181640625,-0.28455856442451477,0.9105340838432312,-0.6290381550788879
1788893112890386000,10.803385986328125,-0.12263847887516022,0.8913593292236328,-0.8346340656280518
1788893112900410400,10.813410400390625,0.08402267098426819,0.7880287766456604,-1.0274467468261719
1788893112910435000,10.82343505859375,0.3514038324356079,0.5792371034622192,-1.1787142753601074
1788893112920459800,10.833459716796876,0.6901576519012451,0.25965800881385803,-1.2426300048828125
1788893112930484200,10.843484130859375,1.062999963760376,-0.16538217663764954,-1.1819100379943848
1788893112940505600,10.853505615234376,1.4017537832260132,-0.7033402919769287,-0.9912278056144714
1788893112950524200,10.863524169921876,1.6222633123397827,-1.2391679286956787,-0.6428865790367126
1788893112960542700,10.873542724609376,1.6595475673675537,-1.6759259700775146,-0.13049480319023132
1788893112970561800,10.883561767578126,1.4880400896072388,-1.9379808902740479,0.4894886314868927
1788893112980581400,10.893581298828124,1.1194589138031006,-2.0136146545410156,1.123320460319519
1788893112990601200,10.903601318359375,0.5836313366889954,-1.9401113986968994,1.701758623123169
1788893113000621300,10.913621337890625,-0.042743705213069916,-1.723862886428833,2.1161463260650635
1788893113010642200,10.92364208984375,-0.658466100692749,-1.4223933219909668,2.3547651767730713
1788893113020663600,10.93366357421875,-1.199620008468628,-1.1177278757095337,2.4389212131500244
1788893113030685200,10.943685302734375,-1.6672707796096802,-0.839694082736969,2.3899190425872803
1788893113040707600,10.95370751953125,-2.032656192779541,-0.6095971465110779,2.242912530899048
1788893113050730000,10.96372998046875,-2.275536298751831,-0.4391549229621887,2.033055543899536
1788893113060753000,10.9737529296875,-2.3660836219787598,-0.29534435272216797,1.7752618789672852
1788893113070776000,10.983776123046875,-2.306428909301758,-0.14727269113063812,1.4503564834594727
1788893113080799200,10.99379931640625,-2.127464532852173,-0.016245270147919655,1.063665747642517
1788893113090822700,11.00382275390625,-1.8749971389770508,0.07962846010923386,0.6546044945716858
1788893113100851500,11.0138515625,-1.5788538455963135,0.15952323377132416,0.25193485617637634
1788893113110867700,11.02386767578125,-1.2731232643127441,0.2330264151096344,-0.13262532651424408
1788893113120884200,11.03388427734375,-0.9716535806655884,0.30546435713768005,-0.4980107545852661
1788893113130901000,11.04390087890625,-0.6787061095237732,0.37151068449020386,-0.8484824895858765
1788893113140918500,11.05391845703125,-0.3996070325374603,0.4109254479408264,-1.180844783782959
1788893113150936300,11.063936279296875,-0.14500901103019714,0.4173170328140259,-1.4748575687408447
1788893113160955100,11.073955078125,0.08934898674488068,0.41412124037742615,-1.7188029289245605
1788893113170975000,11.08397509765625,0.3141196072101593,0.4119907021522522,-1.9116156101226807
1788893113180995300,11.093995361328124,0.5538039207458496,0.39068543910980225,-2.057556629180908
1788893113191016700,11.1040166015625,0.8169240355491638,0.3544664680957794,-2.153430461883545
1788893113201039000,11.1140390625,1.1013494729995728,0.31611698865890503,-2.198171615600586
1788893113211062000,11.12406201171875,1.3985580205917358,0.25859275460243225,-2.1939103603363037
1788893113221085700,11.134085693359374,1.7085497379302979,0.15952323377132416,-2.1353209018707275
1788893113231110000,11.14410986328125,2.02599835395813,0.007190529722720385,-2.008554697036743
1788893113241134600,11.154134521484375,2.3093583583831787,-0.18668745458126068,-1.8242639303207397
1788893113251159600,11.16415966796875,2.5096280574798584,-0.40932756662368774,-1.5845797061920166
1788893113261184500,11.1741845703125,2.6023058891296387,-0.6745781898498535,-1.2863059043884277
1788893113271208700,11.184208740234375,2.5841963291168213,-0.9494162201881409,-0.9326383471488953
1788893113281230000,11.19422998046875,2.4158847332000732,-1.195492148399353,-0.5512739419937134
1788893113291251500,11.20425146484375,2.1122846603393555,-1.4000227451324463,-0.15819165110588074
1788893113301270000,11.21427001953125,1.6893749237060547,-1.5374417304992676,0.21891167759895325
1788893113311288800,11.224288818359375,1.176983118057251,-1.5683343410491943,0.5310339331626892
1788893113321308000,11.234307861328125,0.6241113543510437,-1.475656509399414,0.7472824454307556
1788893113331327200,11.2443271484375,0.12237215787172318,-1.296692132949829,0.8655267357826233
1788893113341347000,11.25434716796875,-0.22916483879089355,-1.111336350440979,0.9017456769943237
1788893113351367400,11.264367431640625,-0.4283691346645355,-0.9643298983573914,0.8815056681632996
1788893113361388300,11.27438818359375,-0.4848281145095825,-0.8450203537940979,0.8356993198394775
1788893113371409400,11.284409423828125,-0.43156492710113525,-0.7672561407089233,0.7952193021774292
1788893113381431300,11.294431396484375,-0.2685796022415161,-0.7171887755393982,0.7675224542617798
1788893113391453200,11.304453125,-0.023568958044052124,-0.7076013684272766,0.729172945022583
1788893113401475800,11.314475830078125,0.23635536432266235,-0.7470161318778992,0.6769750714302063
1788893113411498800,11.324498779296874,0.4653870463371277,-0.7715172171592712,0.6428865790367126
1788893113421521700,11.334521728515625,0.6464818716049194,-0.7246456146240234,0.6386255621910095
1788893113431544800,11.344544921875,0.740225076675415,-0.5989444851875305,0.6332992315292358
1788893113441568300,11.354568359375,0.7519429922103882,-0.42424124479293823,0.6013413071632385
1788893113451597000,11.36459716796875,0.7093324065208435,-0.24314641952514648,0.5299686789512634
1788893113461613600,11.374613525390625,0.6209155321121216,-0.06311687082052231,0.40639808773994446
1788893113471630600,11.384630615234375,0.5048018097877502,0.10839057713747025,0.23276010155677795
1788893113481647600,11.394647705078125,0.3886880576610565,0.2607232630252838,0.0282294861972332
1788893113491665200,11.4046650390625,0.30133646726608276,0.38535910844802856,-0.19867166876792908
1788893113501683500,11.414683349609374,0.2587259113788605,0.45992758870124817,-0.42663809657096863
1788893113511702500,11.42470263671875,0.2715090811252594,0.4780370593070984,-0.6524739861488342
1788893113521722000,11.43472216796875,0.3460775315761566,0.41944757103919983,-0.8687224984169006
1788893113531742700,11.44474267578125,0.48030075430870056,0.24794010818004608,-1.0604699850082397
1788893113541764000,11.45476416015625,0.6518082022666931,-0.031158961355686188,-1.2074763774871826
1788893113551786200,11.4647861328125,0.8254461884498596,-0.4338286221027374,-1.294827938079834
1788893113561809200,11.47480908203125,0.9969536066055298,-0.9494162201881409,-1.2958931922912598
1788893113571832800,11.484832763671875,1.1492862701416016,-1.4586122035980225,-1.2064111232757568
1788893113581856800,11.494856689453124,1.2632695436477661,-1.9102840423583984,-1.0317078828811646
1788893113591881200,11.504881103515626,1.3218590021133423,-2.2927136421203613,-0.7952193021774292
1788893113601906000,11.514906005859375,1.3250547647476196,-2.5803349018096924,-0.5257076025009155
1788893113611930600,11.5249306640625,1.281378984451294,-2.731602191925049,-0.2540653645992279
1788893113621954600,11.53495458984375,1.1908315420150757,-2.7539727687835693,-0.01438105944544077
1788893113631976000,11.544975830078124,1.0448905229568481,-2.6889917850494385,0.15606112778186798
1788893113641994500,11.554994384765624,0.8797746300697327,-2.561160087585449,0.23276010155677795
1788893113652013300,11.565013427734375,0.7263766527175903,-2.3726084232330322,0.211454838514328
1788893113662032400,11.575032470703125,0.5857618451118469,-2.1531641483306885,0.10173267871141434
1788893113672052000,11.585052001953125,0.4589954614639282,-1.9060230255126953,-0.08788424730300903
1788893113682071800,11.59507177734375,0.3705785870552063,-1.6365113258361816,-0.32756856083869934
1788893113692092000,11.605091796875,0.3375554084777832,-1.3574122190475464,-0.5938844680786133
1788893113702112800,11.61511279296875,0.3567301630973816,-1.0602036714553833,-0.879375159740448
1788893113712134100,11.625134033203125,0.40999335050582886,-0.7587340474128723,-1.177648901939392
1788893113722155800,11.63515576171875,0.48030075430870056,-0.4679170548915863,-1.4769880771636963
1788893113732178000,11.645177978515624,0.5601955056190491,-0.19414429366588593,-1.7518260478973389
1788893113742200300,11.655200439453125,0.6390250325202942,0.035952646285295486,-1.9776619672775269
1788893113752223200,11.66522314453125,0.7040061354637146,0.20746009051799774,-2.1417126655578613
1788893113762246400,11.675246337890625,0.7423555850982666,0.3416832983493805,-2.2535653114318848
1788893113772269600,11.68526953125,0.7721830010414124,0.4460791349411011,-2.3100242614746094
1788893113782292700,11.695292724609375,0.7913577556610107,0.5078644156455994,-2.287653684616089
1788893113792321500,11.705321533203126,0.798814594745636,0.5366265773773193,-2.202432632446289
1788893113802338300,11.71533837890625,0.7934882640838623,0.5483444333076477,-2.073535680770874
1788893113812355000,11.72535498046875,0.7870966792106628,0.5579318404197693,-1.9180071353912354
1788893113822372000,11.7353720703125,0.7817703485488892,0.5760413408279419,-1.7614134550094604
1788893113832390000,11.745389892578125,0.7860314249992371,0.580302357673645,-1.6154723167419434
1788893113842408000,11.755407958984375,0.7956187725067139,0.5185170769691467,-1.4919017553329468
1788893113852427000,11.765427001953125,0.8211851119995117,0.39920756220817566,-1.3832448720932007
1788893113862446800,11.77544677734375,0.8669914603233337,0.2564622163772583,-1.2692615985870361
1788893113872467200,11.78546728515625,0.9127978086471558,0.12330426275730133,-1.1403647661209106
1788893113882488800,11.79548876953125,0.9543430805206299,0.007190529722720385,-1.009337306022644
1788893113892511000,11.805510986328125,1.0225199460983276,-0.03435475379228592,-0.8708530068397522
1788893113902534000,11.815533935546876,1.080044150352478,0.008255792781710625,-0.7344992756843567
1788893113912557300,11.825557373046875,1.092827320098877,0.110521100461483,-0.6205160617828369
1788893113922581500,11.83558154296875,1.0821746587753296,0.2191779911518097,-0.5363602638244629
1788893113932606000,11.84560595703125,1.0811094045639038,0.28309381008148193,-0.475640207529068
1788893113942630400,11.85563037109375,1.0832399129867554,0.32996541261672974,-0.4468781054019928
1788893113952655400,11.8656552734375,1.0598042011260986,0.38642439246177673,-0.4319643974304199
1788893113962679300,11.87567919921875,1.0108020305633545,0.4258391261100769,-0.4053328037261963
1788893113972700700,11.88570068359375,0.9446225166320801,0.439687579870224,-0.35646384954452515
1788893113982719200,11.89571923828125,0.8711193203926086,0.44288337230682373,-0.279764860868454
1788893113992738000,11.905738037109375,0.7677887678146362,0.4631233811378479,-0.17430377006530762
1788893114002757000,11.915757080078125,0.6239781975746155,0.5281044244766235,-0.04647212475538254
1788893114012776400,11.9257763671875,0.450340211391449,0.6335655450820923,0.09946899116039276
1788893114022796300,11.93579638671875,0.2692453861236572,0.7592666745185852,0.24114905297756195
1788893114032816600,11.945816650390626,0.09347688406705856,0.8934898972511292,0.3572627902030945
1788893114042837200,11.955837158203124,-0.06737792491912842,1.0042773485183716,0.4360923171043396
1788893114052858600,11.965858642578125,-0.20266640186309814,1.074584722518921,0.48189863562583923
1788893114062880300,11.97588037109375,-0.31025803089141846,1.1012163162231445,0.5042691826820374
1788893114072902400,11.98590234375,-0.3890875577926636,1.066062569618225,0.5170523524284363
1788893114082925000,11.995925048828125,-0.435959130525589,0.9542099237442017,0.5287702679634094
1788893114092947700,12.00594775390625,-0.45193809270858765,0.7837677001953125,0.5511407852172852
1788893114102971000,12.015970947265625,-0.44235071539878845,0.593085527420044,0.598012387752533
1788893114112994000,12.025994140625,-0.4263717830181122,0.45673179626464844,0.6725808382034302
1788893114123017500,12.036017578125,-0.3986749053001404,0.36618438363075256,0.7556713819503784
1788893114133046300,12.04604638671875,-0.3656517565250397,0.2948117256164551,0.8238482475280762
1788893114143062800,12.056062744140625,-0.3368896245956421,0.21704746782779694,0.8696545958518982
1788893114153079600,12.06607958984375,-0.3304980397224426,0.08282424509525299,0.9111998677253723
1788893114163096800,12.076096923828125,-0.35819488763809204,-0.09720530360937119,0.9357009530067444
1788893114173114400,12.0861142578125,-0.406131774187088,-0.2655169665813446,0.9325051307678223
1788893114183132700,12.096132568359375,-0.4540686309337616,-0.3880222737789154,0.8973514437675476
1788893114193151500,12.1061513671875,-0.4956139028072357,-0.4679170548915863,0.8355661630630493
1788893114203171300,12.11617138671875,-0.5286371111869812,-0.5105276107788086,0.7386271953582764
1788893114213192000,12.12619189453125,-0.5755086541175842,-0.5275717973709106,0.5990776419639587
1788893114223213300,12.13621337890625,-0.6362286806106567,-0.5073317885398865,0.4169175624847412
1788893114233235500,12.1462353515625,-0.7076013684272766,-0.4444812536239624,0.20173430442810059
1788893114243258400,12.15625830078125,-0.785365641117096,-0.34860754013061523,-0.02516685426235199
1788893114253282000,12.166281982421875,-0.856738269329071,-0.22077588737010956,-0.25845959782600403
1788893114263306000,12.176305908203124,-0.9163930416107178,-0.08442214131355286,-0.4810996949672699
1788893114273330400,12.186330322265626,-0.9558078050613403,0.04767054691910744,-0.6898913383483887
1788893114283355100,12.196355224609375,-0.9813741445541382,0.17550218105316162,-0.8763124942779541
1788893114293379800,12.2063798828125,-0.9920267462730408,0.2788327634334564,-1.0499504804611206
1788893114303403800,12.21640380859375,-0.982439398765564,0.3512706756591797,-1.2076095342636108
1788893114313425200,12.226425048828125,-0.9526119828224182,0.393881231546402,-1.3492895364761353
1788893114323443700,12.236443603515625,-0.9004141092300415,0.39494648575782776,-1.4611421823501587
1788893114333462500,12.246462646484375,-0.8279761672019958,0.3608580529689789,-1.5431675910949707
1788893114343481600,12.256481689453125,-0.7310371994972229,0.30546435713768005,-1.5911043882369995
1788893114353501000,12.2665009765625,-0.5989444851875305,0.23196116089820862,-1.6038875579833984
1788893114363520800,12.276520751953125,-0.435959130525589,0.14141374826431274,-1.5793864727020264
1788893114373541000,12.286541015625,-0.2474074810743332,0.04340949282050133,-1.514405369758606
1788893114383562000,12.29656201171875,-0.04181159660220146,-0.06737792491912842,-1.424923300743103
1788893114393583000,12.3065830078125,0.19361166656017303,-0.1898832470178604,-1.3183969259262085
1788893114403605000,12.31660498046875,0.45992758870124817,-0.3454117476940155,-1.187369465827942
1788893114413627100,12.326627197265625,0.7347655892372131,-0.5691171288490295,-1.015861988067627
1788893114423649500,12.3366494140625,0.9914941191673279,-0.8460856676101685,-0.8038745522499084
1788893114433672400,12.34667236328125,1.217329978942871,-1.1347720623016357,-0.5641902685165405
1788893114443695400,12.3566953125,1.364336371421814,-1.3978922367095947,-0.3063964545726776
1788893114453718800,12.36671875,1.377119541168213,-1.6141407489776611,-0.03795001655817032
1788893114463742000,12.376741943359375,1.2407658100128174,-1.770734429359436,0.23156169056892395
1788893114473770800,12.386770751953126,0.9776456952095032,-1.8708692789077759,0.4733765423297882
1788893114483787500,12.39678759765625,0.6314350366592407,-1.9038923978805542,0.6555365920066833
1788893114493804300,12.40680419921875,0.2287653684616089,-1.852759838104248,0.7673892974853516
1788893114503821300,12.4168212890625,-0.18775272369384766,-1.7004270553588867,0.8227829933166504
1788893114513839000,12.426839111328125,-0.5275717973709106,-1.4532859325408936,0.8451535701751709
1788893114523857200,12.436857177734375,-0.7747129797935486,-1.1486204862594604,0.8483493328094482
1788893114533876200,12.446876220703125,-0.9078709483146667,-0.8546077609062195,0.8206524848937988
1788893114543895800,12.456895751953125,-0.9142625331878662,-0.5723128914833069,0.7524756193161011
1788893114553916400,12.46691650390625,-0.8119972348213196,-0.33902016282081604,0.6725808382034302
1788893114563937800,12.476937744140624,-0.6234455704689026,-0.20692746341228485,0.6044039726257324
1788893114573960200,12.486960205078125,-0.39974018931388855,-0.16431692242622375,0.5042691826820374
1788893114583983000,12.496983154296874,-0.17816534638404846,-0.2516685426235199,0.3743070065975189
1788893114594006500,12.507006591796875,0.025300011038780212,-0.39441385865211487,0.26991117000579834
1788893114604030700,12.51703076171875,0.1808284968137741,-0.5179844498634338,0.21238693594932556
1788893114614055000,12.527054931640626,0.27244117856025696,-0.5723128914833069,0.18149429559707642
1788893114624079600,12.53707958984375,0.3139864504337311,-0.5542033910751343,0.163384810090065
1788893114634104300,12.547104248046875,0.32037803530693054,-0.46578651666641235,0.14101427793502808
1788893114644128500,12.55712841796875,0.29268118739128113,-0.34328120946884155,0.0834900364279747
1788893114654149600,12.567149658203125,0.24794010818004608,-0.21651484072208405,-0.01771000772714615
1788893114664168200,12.577168212890625,0.2000032514333725,-0.09400951862335205,-0.1561942845582962
1788893114674187000,12.58718701171875,0.1573926955461502,0.019973693415522575,-0.31917962431907654
1788893114684206000,12.5972060546875,0.12330426275730133,0.11797794699668884,-0.49814391136169434
1788893114694225700,12.6072255859375,0.11371689289808273,0.19148114323616028,-0.7037398219108582
1788893114704245500,12.61724560546875,0.15419691801071167,0.23622220754623413,-0.9317061901092529
1788893114714265900,12.627265869140626,0.251135915517807,0.26285380125045776,-1.1681947708129883
1788893114724286500,12.637286376953124,0.4119907021522522,0.2745717167854309,-1.4014874696731567
1788893114734307800,12.647307861328125,0.6229129433631897,0.24794010818004608,-1.6124097108840942
1788893114744329500,12.65732958984375,0.8583361506462097,0.18828535079956055,-1.7913739681243896
1788893114754351600,12.6673515625,1.0841721296310425,0.0870852991938591,-1.919205665588379
1788893114764374300,12.677374267578125,1.2897679805755615,-0.052464235574007034,-1.9799256324768066
1788893114774397000,12.68739697265625,1.4069468975067139,-0.27190855145454407,-1.9522287845611572
1788893114784420000,12.697420166015625,1.3654016256332397,-0.5520728826522827,-1.8275929689407349
1788893114794443300,12.707443359375,1.1970900297164917,-0.7960182428359985,-1.637976050376892
1788893114804466700,12.717466796875,0.9797762632369995,-0.9462204575538635,-1.4153358936309814
1788893114814495200,12.7274951171875,0.72304767370224,-0.9749825596809387,-1.182043194770813
1788893114824512000,12.737511962890625,0.4407528340816498,-0.8865656852722168,-0.9924262166023254
1788893114834528800,12.74752880859375,0.19787272810935974,-0.705470860004425,-0.8667251467704773
1788893114844546000,12.757546142578125,0.014647374860942364,-0.48070022463798523,-0.8028092980384827
1788893114854563600,12.7675634765625,-0.11105373501777649,-0.2601906359195709,-0.8017440438270569
1788893114864582000,12.777581787109375,-0.1525990217924118,-0.06737792491912842,-0.864594578742981
1788893114874600700,12.7876005859375,-0.105727419257164,0.09454214572906494,-0.9721862077713013
1788893114884620500,12.79762060546875,0.018908429890871048,0.2426137924194336,-1.0925610065460205
1788893114894641200,12.80764111328125,0.1723063886165619,0.3640538454055786,-1.2374368906021118
1788893114904662500,12.81766259765625,0.32676962018013,0.48016759753227234,-1.4195969104766846
1788893114914684700,12.8276845703125,0.48336338996887207,0.5749760270118713,-1.6028223037719727
1788893114924707600,12.83770751953125,0.6239781975746155,0.626108705997467,-1.7508939504623413
1788893114934731000,12.84773095703125,0.7315698266029358,0.6484792232513428,-1.85635507106781
1788893114944755200,12.857755126953125,0.8135951161384583,0.647413969039917,-1.9255971908569336
1788893114954779600,12.867779541015626,0.8849677443504333,0.6197171211242676,-1.9682077169418335
1788893114964804400,12.877804443359375,0.9520793557167053,0.5664539337158203,-1.9873825311660767
1788893114974829000,12.8878291015625,1.0213215351104736,0.49934232234954834,-1.970338225364685
1788893114984853000,12.89785302734375,1.0937594175338745,0.41305598616600037,-1.903226613998413
1788893114994874400,12.907874267578125,1.1875026226043701,0.30652961134910583,-1.7860476970672607
1788893115004893000,12.917892822265625,1.3025511503219604,0.148870587348938,-1.6230623722076416
1788893115014911700,12.927911865234375,1.4367743730545044,-0.05139897018671036,-1.4185316562652588
1788893115024930800,12.937930908203125,1.5784543752670288,-0.2516685426235199,-1.1799126863479614
1788893115034950100,12.9479501953125,1.6860460042953491,-0.4263717830181122,-0.9178577661514282
1788893115044970000,12.957969970703125,1.7297217845916748,-0.5936181545257568,-0.6313018798828125
1788893115054990300,12.967990234375,1.7084165811538696,-0.7715172171592712,-0.3213101327419281
1788893115065011200,12.97801123046875,1.6423702239990234,-0.9621993899345398,-0.0017310534603893757
1788893115075032300,12.9880322265625,1.5422354936599731,-1.1475552320480347,0.31571751832962036
1788893115085054200,12.99805419921875,1.418664813041687,-1.2519510984420776,0.631035566329956
1788893115095076400,13.008076416015625,1.262071132659912,-1.2466248273849487,0.9559409618377686
1788893115105098800,13.0180986328125,1.054344654083252,-1.150750994682312,1.2946947813034058
1788893115115121700,13.02812158203125,0.7986814379692078,-1.0090709924697876,1.6217306852340698
1788893115125144600,13.03814453125,0.4929507374763489,-0.8514119386672974,1.8848508596420288
1788893115135167700,13.048167724609375,0.14674006402492523,-0.7555382251739502,2.063815116882324
1788893115145191200,13.058191162109376,-0.21118851006031036,-0.7257108688354492,2.1809940338134766
1788893115155220000,13.068219970703124,-0.5488771200180054,-0.6990792751312256,2.253432035446167
1788893115165236500,13.078236572265626,-0.84821617603302,-0.6543381810188293,2.2907164096832275
1788893115175253200,13.088253173828125,-1.103879451751709,-0.6149234175682068,2.292846918106079
1788893115185270300,13.098270263671875,-1.3041490316390991,-0.5946834087371826,2.2704763412475586
1788893115195288000,13.1082880859375,-1.4373070001602173,-0.5360939502716064,2.2353224754333496
1788893115205306000,13.11830615234375,-1.505483865737915,-0.3880222737789154,2.1863205432891846
1788893115215325200,13.1283251953125,-1.5214627981185913,-0.16431692242622375,2.1213393211364746
1788893115225345000,13.138344970703125,-1.4745911359786987,0.09347688406705856,2.040379285812378
1788893115235365400,13.148365478515625,-1.3733911514282227,0.3587275445461273,1.9370487928390503
1788893115245387000,13.158386962890624,-1.2402331829071045,0.6133255362510681,1.804956078529358
1788893115255409200,13.1684091796875,-1.0889657735824585,0.8380961418151855,1.6483622789382935
1788893115265432000,13.17843212890625,-0.9291762113571167,1.011734127998352,1.4704632759094238
1788893115275455500,13.18845556640625,-0.7619298100471497,1.1235867738723755,1.2819116115570068
1788893115285479700,13.198479736328125,-0.6010749936103821,1.170458436012268,1.0848379135131836
1788893115295504100,13.208504150390626,-0.4498075842857361,1.166197419166565,0.8824377655982971
1788893115305528600,13.218528564453125,-0.31451907753944397,1.1257174015045166,0.6853640079498291
1788893115315553500,13.228553466796875,-0.1898832470178604,1.0159951448440552,0.5063996911048889
1788893115325577500,13.238577392578126,-0.05033370852470398,0.8402267098426819,0.3689807057380676
1788893115335598800,13.248598876953125,0.11478215456008911,0.6111950278282166,0.2901511788368225
1788893115345617400,13.258617431640625,0.3033338189125061,0.3043990731239319,0.3093259334564209
1788893115355636200,13.26863623046875,0.47910231351852417,-0.032224226742982864,0.4403533637523651
1788893115365655300,13.2786552734375,0.5824328660964966,-0.3219759464263916,0.6842987537384033
1788893115375674600,13.288674560546875,0.5707150101661682,-0.4956139028072357,1.0283788442611694
1788893115385694500,13.298694580078125,0.4301002025604248,-0.5499423742294312,1.4417011737823486
1788893115395714800,13.30871484375,0.1712411344051361,-0.5350286364555359,1.8656761646270752
1788893115405735700,13.318735595703124,-0.1898832470178604,-0.5137233734130859,2.258758306503296
1788893115415756800,13.3287568359375,-0.5957486629486084,-0.4956139028072357,2.5591628551483154
1788893115425778700,13.33877880859375,-0.990961492061615,-0.4721781015396118,2.740257501602173
1788893115435800800,13.34880078125,-1.3701953887939453,-0.48070022463798523,2.818021774291992
1788893115445823200,13.3588232421875,-1.7153407335281372,-0.49348339438438416,2.7903249263763428
1788893115455846100,13.36884619140625,-1.996570348739624,-0.49348339438438416,2.6688849925994873
1788893115465869000,13.378869140625,-2.175534725189209,-0.4583296775817871,2.4835290908813477
1788893115475892200,13.388892333984375,-2.2618210315704346,-0.3986749053001404,2.2513015270233154
1788893115485915600,13.39891552734375,-2.278865337371826,-0.31878015398979187,1.9903119802474976
1788893115495944400,13.4089443359375,-2.249037981033325,-0.22929799556732178,1.7239960432052612
1788893115505961000,13.4189609375,-2.145707368850708,-0.10998847335577011,1.4459621906280518
1788893115515977700,13.428977783203125,-1.9603514671325684,0.018908429890871048,1.1455578804016113
1788893115525995000,13.4389951171875,-1.731319785118103,0.11691268533468246,0.8334356546401978
1788893115536012500,13.449012451171875,-1.4958964586257935,0.18508955836296082,0.5447492003440857
1788893115546030800,13.45903076171875,-1.2743216753005981,0.23515695333480835,0.2805638015270233
1788893115556049700,13.469049560546875,-1.0719215869903564,0.25859275460243225,0.045140545815229416
1788893115566069500,13.479069580078125,-0.8833698630332947,0.2564622163772583,-0.17856481671333313
1788893115576090000,13.489090087890625,-0.7044056057929993,0.23835274577140808,-0.392682820558548
1788893115586111500,13.499111572265624,-0.5286371111869812,0.21278640627861023,-0.5908218622207642
1788893115596133600,13.509133544921875,-0.35712963342666626,0.19254639744758606,-0.7665903568267822
1788893115606156500,13.519156494140624,-0.17390428483486176,0.1723063886165619,-0.9231840968132019
1788893115616180000,13.529179931640625,0.02636527456343174,0.17443692684173584,-1.0542114973068237
1788893115626204200,13.5392041015625,0.24048326909542084,0.18722008168697357,-1.1458241939544678
1788893115636228600,13.549228515625,0.4631233811378479,0.17550218105316162,-1.2001526355743408
1788893115646253300,13.55925341796875,0.6804371476173401,0.1009337306022644,-1.2214579582214355
1788893115656278000,13.569278076171875,0.8870983123779297,-0.03009369783103466,-1.2108052968978882
1788893115666302000,13.579302001953126,1.0671278238296509,-0.20692746341228485,-1.1490199565887451
1788893115676323300,13.5893232421875,1.1683279275894165,-0.41358861327171326,-1.0222536325454712
1788893115686342000,13.599341796875,1.1779152154922485,-0.622380256652832,-0.8326367139816284
1788893115696360700,13.609360595703125,1.1108036041259766,-0.7587340474128723,-0.6078660488128662
1788893115706379800,13.6193798828125,0.978710949420929,-0.7960182428359985,-0.37563860416412354
1788893115716399000,13.629399169921875,0.7933551073074341,-0.7640603184700012,-0.14980269968509674
1788893115726419000,13.6394189453125,0.6165213584899902,-0.7076013684272766,0.04833633825182915
1788893115736439300,13.649439208984376,0.49934232234954834,-0.6468813419342041,0.19853851199150085
1788893115746460200,13.659460205078124,0.4301002025604248,-0.6543381810188293,0.2816290855407715
1788893115756481300,13.669481201171875,0.39068543910980225,-0.7395592927932739,0.3093259334564209
1788893115766503200,13.679503173828126,0.3704454302787781,-0.8503466844558716,0.30613014101982117
1788893115776525300,13.689525390625,0.36298859119415283,-0.9398288726806641,0.28375959396362305
1788893115786547700,13.699547607421875,0.35659700632095337,-0.9600688815116882,0.24221432209014893
1788893115796570600,13.709570556640625,0.3406180441379547,-0.860999345779419,0.18149429559707642
1788893115806593500,13.719593505859375,0.3235738277435303,-0.6127929091453552,0.11012163013219833
1788893115816616700,13.72961669921875,0.3086601495742798,-0.2601906359195709,0.025965800508856773
1788893115826640100,13.73964013671875,0.2937464416027069,0.09028109163045883,-0.0858868807554245
1788893115836669000,13.7496689453125,0.2948117256164551,0.40559911727905273,-0.23289325833320618
1788893115846685400,13.759685546875,0.3139864504337311,0.6942855715751648,-0.40759649872779846
1788893115856702200,13.7697021484375,0.3406180441379547,0.9446225166320801,-0.6142576336860657
1788893115866719200,13.77971923828125,0.3640538454055786,1.121456265449524,-0.8422240614891052
1788893115876736800,13.78973681640625,0.38109806180000305,1.2269173860549927,-1.0712558031082153
1788893115886755000,13.799755126953125,0.3874896466732025,1.297224760055542,-1.2938958406448364
1788893115896774100,13.809774169921875,0.3970770239830017,1.3739237785339355,-1.5122748613357544
1788893115906793700,13.819793701171875,0.42370861768722534,1.4570143222808838,-1.7295886278152466
1788893115916814300,13.829814453125,0.47058022022247314,1.52306067943573,-1.9437066316604614
1788893115926835700,13.839835693359374,0.5536707639694214,1.5347785949707031,-2.140780448913574
1788893115936857900,13.84985791015625,0.6974813938140869,1.4335784912109375,-2.2920479774475098
1788893115946880800,13.859880859375,0.9147951602935791,1.1875026226043701,-2.3676815032958984
1788893115956904400,13.869904541015625,1.1875026226043701,0.7273087501525879,-2.335723638534546
1788893115966928400,13.879928466796875,1.47299325466156,0.013582111336290836,-2.162085771560669
1788893115976952800,13.889952880859376,1.7180039882659912,-0.839694082736969,-1.8222665786743164
1788893115986977500,13.8999775390625,1.8469008207321167,-1.6546207666397095,-1.3226579427719116
1788893115997002200,13.910002197265625,1.8266608715057373,-2.3204104900360107,-0.6909566521644592
1788893116007026400,13.9200263671875,1.651957631111145,-2.8178887367248535,0.0025300011038780212
1788893116017047600,13.930047607421875,1.2982900142669678,-3.1150972843170166,0.6938861012458801
1788893116027066000,13.940066162109375,0.7858982682228088,-3.157707691192627,1.2957600355148315
1788893116037085000,13.9500849609375,0.2191779911518097,-2.968090772628784,1.730387568473816
1788893116047104000,13.96010400390625,-0.30599698424339294,-2.563290596008301,2.0169434547424316
1788893116057123600,13.97012353515625,-0.7757782340049744,-2.01254940032959,2.1873857975006104
1788893116067143400,13.980143310546875,-1.1986879110336304,-1.4202626943588257,2.2268004417419434
1788893116077163800,13.990163818359376,-1.5374417304992676,-0.894022524356842,2.184190034866333
1788893116087184400,14.000184326171874,-1.7227976322174072,-0.4082622826099396,2.0915119647979736
1788893116097205800,14.010205810546875,-1.729189157485962,0.025300011038780212,1.9285266399383545
1788893116107227400,14.020227294921876,-1.6056185960769653,0.38109806180000305,1.6856465339660645
1788893116117249500,14.03024951171875,-1.4053490161895752,0.6538055539131165,1.3713937997817993
1788893116127272000,14.04027197265625,-1.1805784702301025,0.8380961418151855,1.0102694034576416
1788893116137294800,14.050294921875,-0.9813741445541382,0.9446225166320801,0.6555365920066833
1788893116147318000,14.060318115234375,-0.8077361583709717,0.9914941191673279,0.3412838280200958
1788893116157341200,14.070341064453125,-0.6692518591880798,0.9797762632369995,0.07496792823076248
1788893116167364600,14.080364501953126,-0.5637907981872559,0.9126646518707275,-0.14554163813591003
1788893116177393200,14.09039306640625,-0.46046021580696106,0.8423572182655334,-0.314918577671051
1788893116187410000,14.100409912109376,-0.3560643792152405,0.8157256245613098,-0.42783650755882263
1788893116197426400,14.110426513671875,-0.2527337968349457,0.8338351249694824,-0.5002744197845459
1788893116207443700,14.120443603515625,-0.1525990217924118,0.873249888420105,-0.5386239290237427
1788893116217461200,14.130461181640625,-0.05566002428531647,0.9105340838432312,-0.5301018357276917
1788893116227479600,14.1404794921875,0.027430538088083267,0.9680583477020264,-0.4800344407558441
1788893116237498400,14.150498291015625,0.07536740601062775,1.0458226203918457,-0.411857545375824
1788893116247518200,14.160518310546875,0.09880319982767105,1.1416963338851929,-0.3394196331501007
1788893116257538800,14.170538818359375,0.10732531547546387,1.2013510465621948,-0.269112229347229
1788893116267560200,14.180560302734374,0.10626004636287689,1.1800458431243896,-0.18602167069911957
1788893116277582300,14.190582275390625,0.08069372177124023,1.0969551801681519,-0.07203845679759979
1788893116287605200,14.200605224609374,0.02636527456343174,0.9968204498291016,0.08881635963916779
1788893116297628700,14.210628662109375,-0.05352949723601341,0.911599338054657,0.28269433975219727
1788893116307652900,14.22065283203125,-0.17283903062343597,0.8455530405044556,0.4893554747104645
1788893116317677300,14.23067724609375,-0.3230412006378174,0.7986814379692078,0.7034734487533569
1788893116327702000,14.240701904296875,-0.492418110370636,0.7624624371528625,0.9111998677253723
1788893116337726700,14.250726806640625,-0.6735129356384277,0.7368960976600647,1.0848379135131836
1788893116347750700,14.260750732421876,-0.8460856676101685,0.7241129875183105,1.2052125930786133
1788893116357772000,14.27077197265625,-1.0016140937805176,0.72304767370224,1.2659326791763306
1788893116367790600,14.28079052734375,-1.1379679441452026,0.7550055980682373,1.2723242044448853
1788893116377809400,14.290809326171875,-1.249820590019226,0.8423572182655334,1.2382358312606812
1788893116387828500,14.300828369140625,-1.322258472442627,0.9584709405899048,1.1711242198944092
1788893116397847800,14.310847900390625,-1.3563469648361206,1.0703235864639282,1.0688588619232178
1788893116407867600,14.32086767578125,-1.3435637950897217,1.166197419166565,0.9357009530067444
1788893116417888000,14.330887939453126,-1.284974217414856,1.23011314868927,0.7801724672317505
1788893116427908900,14.340908935546874,-1.1986879110336304,1.2684626579284668,0.6129260659217834
1788893116437930000,14.350929931640625,-1.0953572988510132,1.291898488998413,0.44781020283699036
1788893116447952000,14.360951904296876,-0.9856351613998413,1.2982900142669678,0.2869553864002228
1788893116457973800,14.370973876953125,-0.8727172613143921,1.28018057346344,0.14207953214645386
1788893116467996400,14.380996337890625,-0.7459508776664734,1.217329978942871,0.02383527345955372
1788893116478019000,14.39101904296875,-0.5893571376800537,1.1054773330688477,-0.05392897129058838
1788893116488042200,14.401042236328125,-0.39547911286354065,0.9744499325752258,-0.08162582665681839
1788893116498065400,14.4110654296875,-0.16857796907424927,0.8402267098426819,-0.059255290776491165
1788893116508088800,14.4210888671875,0.06897582113742828,0.6889592409133911,0.020639482885599136
1788893116518117600,14.43111767578125,0.29694223403930664,0.47484126687049866,0.14847111701965332
1788893116528134100,14.441134033203125,0.504668653011322,0.19361166656017303,0.32637014985084534
1788893116538151000,14.45115087890625,0.6665887236595154,-0.10679268091917038,0.5522060394287109
1788893116548168000,14.46116796875,0.7347655892372131,-0.3826959729194641,0.8057388067245483
1788893116558185500,14.471185546875,0.6868287324905396,-0.6383592486381531,1.062467336654663
1788893116568203800,14.481203857421875,0.5430181622505188,-0.856738269329071,1.297890543937683
1788893116578222800,14.491222900390625,0.318247526884079,-1.0090709924697876,1.506682276725769
1788893116588242400,14.501242431640625,0.019973693415522575,-1.0815088748931885,1.678189754486084
1788893116598263000,14.511262939453125,-0.3304980397224426,-1.0527467727661133,1.8028255701065063
1788893116608284400,14.521284423828124,-0.680969774723053,-0.9089362025260925,1.8784592151641846
1788893116618306600,14.531306640625,-0.9930920004844666,-0.672447681427002,1.9029603004455566
1788893116628329500,14.54132958984375,-1.2370374202728271,-0.4018706977367401,1.8752634525299072
1788893116638353200,14.551353271484375,-1.4053490161895752,-0.15366427600383759,1.7985645532608032
1788893116648377000,14.561377197265625,-1.5001574754714966,0.06471476703882217,1.6760591268539429
1788893116658401500,14.571401611328126,-1.5257238149642944,0.2553969621658325,1.5247917175292969
1788893116668426200,14.58142626953125,-1.4969617128372192,0.40986019372940063,1.3468927145004272
1788893116678451000,14.591450927734375,-1.4298501014709473,0.5227781534194946,1.147688388824463
1788893116688475000,14.601474853515626,-1.329715371131897,0.5973466038703918,0.9303746223449707
1788893116698496300,14.611496337890625,-1.2114710807800293,0.6346307992935181,0.7098650336265564
1788893116708514800,14.621514892578125,-1.086835265159607,0.6378266215324402,0.5000081062316895
1788893116718533600,14.63153369140625,-0.9536772966384888,0.6229129433631897,0.3082606792449951
1788893116728552700,14.641552734375,-0.8162582516670227,0.6058686971664429,0.14101427793502808
1788893116738572300,14.651572265625,-0.6735129356384277,0.5877591967582703,-0.0070573715493083
1788893116748592000,14.661592041015625,-0.5233107805252075,0.5600623488426208,-0.1327584832906723
1788893116758612200,14.6716123046875,-0.37097805738449097,0.5099949836730957,-0.22117535769939423
1788893116768633000,14.681633056640624,-0.2186453640460968,0.4311654567718506,-0.2659164369106293
1788893116778654500,14.691654541015625,-0.07909582555294037,0.3363569974899292,-0.26698169112205505
1788893116788676000,14.701676025390626,0.04127896577119827,0.22130851447582245,-0.22543641924858093
1788893116798698200,14.7116982421875,0.13076111674308777,0.06151897460222244,-0.14767217636108398
1788893116808720600,14.721720703125,0.16165375709533691,-0.11744531989097595,-0.04008054360747337
1788893116818743600,14.73174365234375,0.14674006402492523,-0.2793653905391693,0.09414267539978027
1788893116828766700,14.7417666015625,0.09560741484165192,-0.3933486044406891,0.23582273721694946
1788893116838790000,14.751789794921875,0.0018642114009708166,-0.43702441453933716,0.3647196292877197
1788893116848813000,14.76181298828125,-0.10892320424318314,-0.40506649017333984,0.45633232593536377
1788893116858841900,14.771841796875,-0.2186453640460968,-0.3326285779476166,0.49468180537223816
1788893116868858400,14.7818583984375,-0.30173593759536743,-0.24421168863773346,0.47976812720298767
1788893116878875100,14.791875244140625,-0.3592601716518402,-0.13768532872200012,0.4126565158367157
1788893116888892200,14.80189208984375,-0.3837612271308899,-0.001331579522229731,0.30613014101982117
1788893116898909700,14.81190966796875,-0.37204334139823914,0.14141374826431274,0.17190691828727722
1788893116908927700,14.821927734375,-0.31984540820121765,0.280963271856308,0.017443692311644554
1788893116918946800,14.83194677734375,-0.23675484955310822,0.41305598616600037,-0.15086796879768372
1788893116928966400,14.84196630859375,-0.14088112115859985,0.5302349925041199,-0.3202448785305023
1788893116938987000,14.851987060546875,-0.04394212365150452,0.6314350366592407,-0.4810996949672699
1788893116949008400,14.86200830078125,0.05299686640501022,0.7219824194908142,-0.6334323883056641
1788893116959030500,14.872030517578125,0.14674006402492523,0.7944203615188599,-0.7804387807846069
1788893116969053200,14.88205322265625,0.2372874766588211,0.8306393027305603,-0.9114661812782288
1788893116979076900,14.892076904296875,0.318247526884079,0.8285087943077087,-1.0137314796447754
1788893116989100800,14.902100830078124,0.39068543910980225,0.7944203615188599,-1.0765820741653442
1788893116999125200,14.912125244140626,0.45140546560287476,0.7358308434486389,-1.0968220233917236
1788893117009150000,14.92214990234375,0.5067991614341736,0.6591318845748901,-1.0765820741653442
1788893117019174700,14.932174560546875,0.5579318404197693,0.5707150101661682,-1.0116009712219238
1788893117029199000,14.94219921875,0.601607620716095,0.4908202290534973,-0.8944219946861267
1788893117039220500,14.952220458984375,0.638891875743866,0.40986019372940063,-0.730371356010437
1788893117049239000,14.962239013671875,0.6740455627441406,0.3257043659687042,-0.5279712677001953
1788893117059257900,14.9722578125,0.6889592409133911,0.25859275460243225,-0.30000486969947815
1788893117069277000,14.98227685546875,0.6655234694480896,0.21598219871520996,-0.05819002538919449
1788893117079296500,14.992296630859375,0.6005423665046692,0.19254639744758606,0.18042902648448944
1788893117089316400,15.00231640625,0.4918854832649231,0.15632744133472443,0.3988080620765686
1788893117099336400,15.01233642578125,0.34274858236312866,0.0913463607430458,0.5756418108940125
1788893117109357300,15.022357421875,0.15526217222213745,0.013582111336290836,0.7098650336265564
1788893117119378700,15.032378662109375,-0.05352949723601341,-0.05459476262331009,0.8046735525131226
1788893117129400300,15.042400390625,-0.25379905104637146,-0.11211899667978287,0.862197756767273
1788893117139422500,15.05242236328125,-0.4263717830181122,-0.16005586087703705,0.8749809265136719
1788893117149444900,15.06244482421875,-0.5669865608215332,-0.17496955394744873,0.8558061718940735
1788893117159467800,15.0724677734375,-0.6639255881309509,-0.14514216780662537,0.8227829933166504
1788893117169490700,15.08249072265625,-0.7107971906661987,-0.10040109604597092,0.7769766449928284
1788893117179514000,15.09251416015625,-0.7150582075119019,-0.05566002428531647,0.7205176949501038
1788893117189537300,15.102537353515626,-0.6767086982727051,-0.006657897960394621,0.6640587449073792
1788893117199566000,15.112566162109376,-0.6074665784835815,0.04980107396841049,0.6139913201332092
1788893117209582600,15.12258251953125,-0.5265065431594849,0.11265163123607635,0.5628587007522583
1788893117219599400,15.132599365234375,-0.4402202069759369,0.17976324260234833,0.5085302591323853
1788893117229616400,15.142616455078125,-0.35819488763809204,0.24900537729263306,0.45207124948501587
1788893117239634000,15.152634033203125,-0.28256118297576904,0.3118559420108795,0.39561229944229126
1788893117249652000,15.16265185546875,-0.2186453640460968,0.36298859119415283,0.3274354040622711
1788893117259671000,15.172671142578125,-0.16964323818683624,0.4077296555042267,0.2528669536113739
1788893117269690600,15.182690673828125,-0.12596742808818817,0.4460791349411011,0.1772332340478897
1788893117279711200,15.192711181640625,-0.08974846452474594,0.4812328517436981,0.1069258376955986
1788893117289732600,15.202732666015624,-0.0684431865811348,0.5163865685462952,0.04620581120252609
1788893117299754800,15.212754638671875,-0.06311687082052231,0.5462139248847961,0.004660528618842363
1788893117309777400,15.22277734375,-0.06950845569372177,0.5685844421386719,-0.01771000772714615
1788893117319801000,15.232801025390625,-0.07909582555294037,0.5792371034622192,-0.023036325350403786
1788893117329825000,15.242824951171874,-0.09400951862335205,0.5792371034622192,-0.009187898598611355
1788893117339849500,15.252849365234376,-0.11105373501777649,0.5685844421386719,0.028096329420804977
1788893117349874200,15.262874267578125,-0.1344895362854004,0.5472791790962219,0.08029424399137497
1788893117359899000,15.27289892578125,-0.16964323818683624,0.513190746307373,0.14314480125904083
1788893117369923300,15.28292333984375,-0.2090579867362976,0.4641886353492737,0.2102564126253128
1788893117379944700,15.29294482421875,-0.2569948434829712,0.40346860885620117,0.2763027548789978
1788893117389966000,15.302966064453125,-0.3123885691165924,0.3470096290111542,0.34021857380867004
1788893117399984400,15.312984375,-0.36778226494789124,0.3043990731239319,0.39241650700569153
1788893117410003200,15.323003173828125,-0.4157191216945648,0.2692453861236572,0.4318312406539917
1788893117420022300,15.333022216796875,-0.44661179184913635,0.23622220754623413,0.45846283435821533
1788893117430041900,15.343041748046875,-0.4625907242298126,0.20746009051799774,0.4787028431892395
1788893117440061700,15.353061767578126,-0.46578651666641235,0.19893798232078552,0.49574705958366394
1788893117450081800,15.363081787109374,-0.4583296775817871,0.21278640627861023,0.4968123435974121
1788893117460102700,15.3731025390625,-0.44128546118736267,0.24367906153202057,0.47976812720298767
1788893117470124000,15.3831240234375,-0.40932756662368774,0.2798980176448822,0.4446144104003906
1788893117480145700,15.393145751953124,-0.3592601716518402,0.3033338189125061,0.39561229944229126
1788893117490167800,15.403167724609375,-0.29534435272216797,0.3118559420108795,0.32956594228744507
1788893117500190200,15.413190185546876,-0.21225377917289734,0.29268118739128113,0.25499749183654785
1788893117510213000,15.423213134765625,-0.12383689731359482,0.2372874766588211,0.18895113468170166
1788893117520236300,15.433236328125,-0.03755054250359535,0.16058848798274994,0.14207953214645386
1788893117530259500,15.443259521484375,0.04660528525710106,0.08069372177124023,0.12929637730121613
1788893117540282600,15.45328271484375,0.12330426275730133,0.01784316636621952,0.15805849432945251
1788893117550311400,15.4633115234375,0.19148114323616028,-0.026897907257080078,0.22090904414653778
1788893117560328000,15.473327880859374,0.24900537729263306,-0.05459476262331009,0.31145647168159485
1788893117570344700,15.4833447265625,0.28309381008148193,-0.07057371735572815,0.42011335492134094
1788893117580361700,15.49336181640625,0.2798980176448822,-0.09081372618675232,0.5319660305976868
1788893117590379500,15.503379638671875,0.24154852330684662,-0.10679268091917038,0.6299703121185303
1788893117600397600,15.5133974609375,0.16804534196853638,-0.11638005077838898,0.6992124319076538
1788893117610416600,15.523416748046875,0.0636495053768158,-0.11957584321498871,0.7386271953582764
1788893117620436500,15.5334365234375,-0.056725289672613144,-0.11744531989097595,0.7503450512886047
1788893117630456800,15.543456787109376,-0.17816534638404846,-0.12064110487699509,0.7407577037811279
1788893117640478500,15.553478515625,-0.2878875136375427,-0.13768532872200012,0.7141261100769043
1788893117650500600,15.56350048828125,-0.3752391040325165,-0.16112112998962402,0.6789724230766296
1788893117660523500,15.5735234375,-0.4295675754547119,-0.17496955394744873,0.6448839902877808
1788893117670547000,15.583546875,-0.4487423002719879,-0.171773761510849,0.615056574344635
1788893117680571100,15.593571044921875,-0.43702441453933716,-0.14727269113063812,0.5862944722175598
1788893117690595600,15.603595703125,-0.40080544352531433,-0.105727419257164,0.5522060394287109
1788893117700620000,15.6136201171875,-0.34328120946884155,-0.05139897018671036,0.5074649453163147
1788893117710645000,15.62364501953125,-0.2751043438911438,0.008255792781710625,0.4456796646118164
1788893117720669000,15.6336689453125,-0.20373167097568512,0.06258423626422882,0.3668501675128937
1788893117730690000,15.64368994140625,-0.13981585204601288,0.10199899226427078,0.2720417082309723
1788893117740708600,15.65370849609375,-0.09400951862335205,0.12330426275730133,0.17616797983646393
1788893117750727400,15.6637275390625,-0.06311687082052231,0.1296958476305008,0.08242477476596832
1788893117760746500,15.67374658203125,-0.03968106955289841,0.11904320865869522,0.0035952648613601923
1788893117770766000,15.68376611328125,-0.026897907257080078,0.09347688406705856,-0.054994236677885056
1788893117780786000,15.693785888671876,-0.020506324246525764,0.06471476703882217,-0.08801741153001785
1788893117790806300,15.70380615234375,-0.02157158963382244,0.03488738462328911,-0.09334372729063034
1788893117800827000,15.713826904296875,-0.024767380207777023,-0.0002663159102667123,-0.07310371845960617
1788893117810848300,15.72384814453125,-0.029028434306383133,-0.04713791608810425,-0.030493171885609627
1788893117820870000,15.733869873046874,-0.04394212365150452,-0.09400951862335205,0.029161592945456505
1788893117830892000,15.74389208984375,-0.07163897901773453,-0.1483379602432251,0.1069258376955986
1788893117840914700,15.753914794921876,-0.12809795141220093,-0.21758009493350983,0.19321219623088837
1788893117850937300,15.763937255859375,-0.23142851889133453,-0.2889527678489685,0.28269433975219727
1788893117860960500,15.77396044921875,-0.3826959729194641,-0.37630438804626465,0.36791542172431946
1788893117870983700,15.783983642578125,-0.5733781456947327,-0.47963494062423706,0.43822282552719116
1788893117881007000,15.794007080078124,-0.7874961495399475,-0.5552686452865601,0.4936165511608124
1788893117891035600,15.80403564453125,-1.0143972635269165,-0.6010749936103821,0.539422869682312
1788893117901052200,15.81405224609375,-1.2295805215835571,-0.6074665784835815,0.5681849718093872
1788893117911068700,15.824068603515625,-1.413871169090271,-0.5648560523986816,0.5745765566825867
1788893117921085400,15.83408544921875,-1.548094391822815,-0.4828307330608368,0.5639239549636841
1788893117931103000,15.84410302734375,-1.632250189781189,-0.35286858677864075,0.5351617932319641
1788893117941121000,15.85412109375,-1.649294376373291,-0.18668745458126068,0.4936165511608124
1788893117951139800,15.864139892578125,-1.6056185960769653,-0.023702116683125496,0.4403533637523651
1788893117961159400,15.874159423828125,-1.5214627981185913,0.12117373943328857,0.37324175238609314
1788893117971180000,15.884179931640626,-1.401087999343872,0.25433170795440674,0.2901511788368225
1788893117981201400,15.894201416015624,-1.2615385055541992,0.36298859119415283,0.1964079886674881
1788893117991223600,15.9042236328125,-1.1187931299209595,0.45140546560287476,0.08988162130117416
1788893118001246500,15.91424658203125,-0.9877657294273376,0.5089297294616699,-0.03262370079755783
1788893118011270100,15.924270263671875,-0.8759130239486694,0.5526055097579956,-0.16045533120632172
1788893118021294000,15.934294189453125,-0.7906919121742249,0.5866939425468445,-0.29041749238967896
1788893118031318800,15.94431884765625,-0.7299718856811523,0.6207823753356934,-0.4097270369529724
1788893118041343500,15.954343505859375,-0.6905571818351746,0.663392961025238,-0.5173186659812927
1788893118051368400,15.964368408203125,-0.6671213507652283,0.7283740043640137,-0.6036050319671631
1788893118061393000,15.974392822265624,-0.6532729268074036,0.8253130316734314,-0.6739124059677124
1788893118071414000,15.9844140625,-0.6255760788917542,0.9595362544059753,-0.730371356010437
1788893118081432600,15.9944326171875,-0.5637907981872559,1.1321089267730713,-0.7825692892074585
1788893118091451400,16.004451416015623,-0.45087283849716187,1.3323785066604614,-0.8337019681930542
1788893118101470500,16.014470458984373,-0.2836264371871948,1.5496922731399536,-0.8848345875740051
1788893118111490000,16.024489990234375,-0.07057371735572815,1.7371786832809448,-0.934902012348175
1788893118121510000,16.034510009765626,0.20639483630657196,1.8650102615356445,-0.9753820300102234
1788893118131530200,16.0445302734375,0.5366265773773193,1.8959029912948608,-0.977512538433075
1788893118141550800,16.05455078125,0.8647277355194092,1.8223997354507446,-0.9242493510246277
1788893118151572200,16.064572265625,1.140631079673767,1.6562186479568481,-0.8028092980384827
1788893118161593900,16.07459375,1.3302479982376099,1.4197300672531128,-0.6099966168403625
1788893118171616000,16.084615966796875,1.4229259490966797,1.1555447578430176,-0.344745934009552
1788893118181638400,16.094638427734374,1.4154690504074097,0.9147951602935791,-0.015579480677843094
1788893118191661300,16.104661376953125,1.2929637432098389,0.7283740043640137,0.35513225197792053
1788893118201684500,16.1146845703125,1.0596710443496704,0.6207823753356934,0.7354313731193542
1788893118211707600,16.124707763671875,0.7379614114761353,0.6143907904624939,1.0795115232467651
1788893118221731000,16.13473095703125,0.34274858236312866,0.6570013761520386,1.3799158334732056
1788893118231759600,16.144759521484374,-0.11105373501777649,0.6548708081245422,1.6249265670776367
1788893118241776000,16.154776123046876,-0.60533607006073,0.5771065950393677,1.8070865869522095
1788893118251792400,16.16479248046875,-1.1017489433288574,0.4716454744338989,1.9359835386276245
1788893118261809400,16.174809326171875,-1.572595477104187,0.3491401672363281,2.019073963165283
1788893118271826700,16.18482666015625,-1.9987008571624756,0.24367906153202057,2.06488037109375
1788893118281844700,16.1948447265625,-2.3672821521759033,0.17763271927833557,2.0957729816436768
1788893118291863600,16.204863525390625,-2.666621208190918,0.14567480981349945,2.15010142326355
1788893118301883100,16.214883056640623,-2.8913917541503906,0.1808284968137741,2.2310614585876465
1788893118311903700,16.22490380859375,-3.033071994781494,0.28628960251808167,2.318413257598877
1788893118321925000,16.234925048828124,-3.0799434185028076,0.4301002025604248,2.4004385471343994
1788893118331947300,16.244947265625,-3.0266802310943604,0.5813676118850708,2.4696805477142334
1788893118341970200,16.25497021484375,-2.890326499938965,0.7198519110679626,2.5176174640655518
1788893118351993900,16.264993896484373,-2.681535005569458,0.8508793115615845,2.5335965156555176
1788893118362018000,16.27501806640625,-2.4248063564300537,0.978710949420929,2.5154869556427
1788893118372042800,16.285042724609376,-2.140380859375,1.0735194683074951,2.4334616661071777
1788893118382067500,16.2950673828125,-1.8548903465270996,1.1203910112380981,2.277933120727539
1788893118392092400,16.305092529296875,-1.559812307357788,1.1182605028152466,2.0712718963623047
1788893118402116600,16.31511669921875,-1.2732564210891724,1.074584722518921,1.8347834348678589
1788893118412138000,16.325137939453125,-1.0175931453704834,1.0053426027297974,1.569532871246338
1788893118422156500,16.335156494140627,-0.7800393104553223,0.9137299060821533,1.2755200862884521
1788893118432175400,16.34517529296875,-0.559529721736908,0.8093340396881104,0.9676588773727417
1788893118442194400,16.3551943359375,-0.349672794342041,0.70174241065979,0.6587324142456055
1788893118452213800,16.3652138671875,-0.15366427600383759,0.5994771122932434,0.3476754128932953
1788893118462233600,16.375233642578124,0.03382211923599243,0.5238434076309204,0.05472791939973831
1788893118472254000,16.38525390625,0.21704746782779694,0.4673844277858734,-0.19028271734714508
1788893118482274800,16.39527490234375,0.3842938542366028,0.4301002025604248,-0.38096490502357483
1788893118492296000,16.4052958984375,0.5313002467155457,0.3960117697715759,-0.5279712677001953
1788893118502317800,16.41531787109375,0.6665887236595154,0.3587275445461273,-0.6323671340942383
1788893118512340000,16.425340087890625,0.7933551073074341,0.3043990731239319,-0.7016092538833618
1788893118522362400,16.4353623046875,0.9094688296318054,0.2191779911518097,-0.7431545257568359
1788893118532385300,16.44538525390625,1.0032119750976562,0.11904320865869522,-0.7538071870803833
1788893118542408200,16.455408203125,1.0639320611953735,0.019973693415522575,-0.7282408475875854
1788893118552431600,16.465431640625,1.0873678922653198,-0.06205160543322563,-0.6621944904327393
1788893118562454800,16.475454833984376,1.078845739364624,-0.12170637398958206,-0.5684512853622437
1788893118572483600,16.485483642578124,1.041561484336853,-0.1664474457502365,-0.4715123176574707
1788893118582499800,16.495499755859374,0.9701888561248779,-0.1898832470178604,-0.3639206886291504
1788893118592516400,16.505516357421875,0.8594014644622803,-0.17816534638404846,-0.2456764280796051
1788893118602533000,16.515533203125,0.7219824194908142,-0.13129374384880066,-0.12956269085407257
1788893118612550400,16.52555029296875,0.5728455185890198,-0.07376950979232788,-0.03795001655817032
1788893118622568400,16.535568359375,0.4258391261100769,-0.00985368900001049,0.0153131652623415
1788893118632587300,16.545587158203126,0.3086601495742798,0.05299686640501022,0.025965800508856773
1788893118642606800,16.55560693359375,0.22450430691242218,0.11371689289808273,-0.002796316985040903
1788893118652627500,16.56562744140625,0.17443692684173584,0.1573926955461502,-0.056059498339891434
1788893118662648800,16.57564892578125,0.16058848798274994,0.18402428925037384,-0.12423637509346008
1788893118672671000,16.5856708984375,0.1808284968137741,0.19893798232078552,-0.21052272617816925
1788893118682694000,16.59569384765625,0.23089589178562164,0.19787272810935974,-0.30533120036125183
1788893118692717600,16.605717529296875,0.30013802647590637,0.18295903503894806,-0.40866175293922424
1788893118702741800,16.61574169921875,0.383228600025177,0.14567480981349945,-0.5194491744041443
1788893118712766500,16.625766357421874,0.4769718050956726,0.08175898343324661,-0.624910295009613
1788893118722791200,16.635791259765625,0.5739107728004456,-0.0034621069207787514,-0.7207840085029602
1788893118732816100,16.645816162109377,0.6665887236595154,-0.10466215014457703,-0.7910913825035095
1788893118742840300,16.65584033203125,0.7528750896453857,-0.22184115648269653,-0.8368977308273315
1788893118752861400,16.665861328125,0.827443540096283,-0.3507380485534668,-0.8582029938697815
1788893118762880000,16.6758798828125,0.8870983123779297,-0.4828307330608368,-0.8496809005737305
1788893118772898800,16.68589892578125,0.9254477620124817,-0.6159886717796326,-0.8102661371231079
1788893118782918000,16.69591796875,0.9392961859703064,-0.7459508776664734,-0.7410240173339844
1788893118792937200,16.705937255859375,0.9211867451667786,-0.8684561848640442,-0.6579334735870361
1788893118802957000,16.71595703125,0.8753803968429565,-0.9675257205963135,-0.5631250143051147
1788893118812977400,16.725977294921876,0.8008119463920593,-1.031441569328308,-0.4619249403476715
1788893118822998300,16.735998291015626,0.7081339955329895,-1.0548772811889648,-0.3628554344177246
1788893118833019400,16.746019287109377,0.6101297736167908,-1.0516815185546875,-0.269112229347229
1788893118843041300,16.756041259765624,0.513190746307373,-1.031441569328308,-0.1849564015865326
1788893118853063400,16.7660634765625,0.4205128252506256,-0.9877657294273376,-0.11571425944566727
1788893118863085800,16.7760859375,0.33316120505332947,-0.9185235500335693,-0.06671213358640671
1788893118873108700,16.786108642578125,0.251135915517807,-0.8439550995826721,-0.04434159770607948
1788893118883131600,16.796131591796875,0.18722008168697357,-0.7715172171592712,-0.051798444241285324
1788893118893155000,16.806155029296875,0.138217955827713,-0.7022750377655029,-0.08482161909341812
1788893118903178200,16.81617822265625,0.10732531547546387,-0.6426202654838562,-0.13915006816387177
1788893118913207000,16.82620703125,0.08815056830644608,-0.5989444851875305,-0.21052272617816925
1788893118923223300,16.836223388671876,0.08921582996845245,-0.5701823830604553,-0.29041749238967896
1788893118933239800,16.84623974609375,0.10199899226427078,-0.5520728826522827,-0.3681817352771759
1788893118943256600,16.856256591796875,0.11904320865869522,-0.5510076284408569,-0.44594597816467285
1788893118953273900,16.86627392578125,0.14460954070091248,-0.5648560523986816,-0.5173186659812927
1788893118963292000,16.8762919921875,0.17976324260234833,-0.58403080701828,-0.5716471076011658
1788893118973310700,16.886310791015624,0.22130851447582245,-0.596813976764679,-0.5993439555168152
1788893118983330300,16.896330322265626,0.2649843394756317,-0.5882918238639832,-0.6057355403900146
1788893118993351000,16.906350830078125,0.30652961134910583,-0.5531381368637085,-0.5961481928825378
1788893119003372300,16.916372314453124,0.34274858236312866,-0.49987494945526123,-0.5737776160240173
1788893119013394400,16.92639453125,0.3704454302787781,-0.43276336789131165,-0.5396891832351685
1788893119023417300,16.936417236328126,0.38642439246177673,-0.35712963342666626,-0.5056007504463196
1788893119033441000,16.94644091796875,0.3928159773349762,-0.26871275901794434,-0.4821649491786957
1788893119043465000,16.95646484375,0.3928159773349762,-0.17923060059547424,-0.4725775718688965
1788893119053489700,16.96648974609375,0.3885549008846283,-0.08761793375015259,-0.47364285588264465
1788893119063514400,16.976514404296875,0.38003280758857727,0.009321057237684727,-0.4853607416152954
1788893119073539300,16.986539306640626,0.372575968503952,0.10732531547546387,-0.5024049878120422
1788893119083563500,16.9965634765625,0.3693801760673523,0.19254639744758606,-0.5205144286155701
1788893119093585000,17.0065849609375,0.36724963784217834,0.2713759243488312,-0.5354281663894653
1788893119103606300,17.016606201171875,0.3693801760673523,0.34807488322257996,-0.54181969165802
1788893119113624800,17.026624755859373,0.3779022693634033,0.41518649458885193,-0.5364934206008911
1788893119123643400,17.036643310546875,0.38535910844802856,0.4631233811378479,-0.5269060134887695
1788893119133662500,17.046662353515625,0.3970770239830017,0.5110602378845215,-0.5045354962348938
1788893119143681800,17.056681884765624,0.4109254479408264,0.5430181622505188,-0.4757733643054962
1788893119153701600,17.06670166015625,0.42370861768722534,0.5483444333076477,-0.44488072395324707
1788893119163722000,17.076721923828124,0.4343612492084503,0.5270391702651978,-0.41292282938957214
1788893119173742600,17.08674267578125,0.448209673166275,0.47910231351852417,-0.3777691125869751
1788893119183763700,17.096763671875,0.4716454744338989,0.391750693321228,-0.33728909492492676
1788893119193785600,17.10678564453125,0.5153213143348694,0.2745717167854309,-0.2872216999530792
1788893119203807700,17.116807861328127,0.5728455185890198,0.1339569091796875,-0.22011010348796844
1788893119213830100,17.126830078125,0.6442182064056396,-0.03328948840498924,-0.12423637509346008
1788893119223853000,17.13685302734375,0.7155908346176147,-0.19840535521507263,0.0035952648613601923
1788893119233876000,17.1468759765625,0.7677887678146362,-0.33369383215904236,0.16018901765346527
1788893119243899100,17.156899169921875,0.7880287766456604,-0.425306499004364,0.3327617347240448
1788893119253922600,17.166922607421874,0.7763108611106873,-0.47004759311676025,0.5106607675552368
1788893119263951400,17.176951416015626,0.7464835047721863,-0.4870918095111847,0.6800376772880554
1788893119273967600,17.186967529296876,0.6772413849830627,-0.4913528561592102,0.819587230682373
1788893119283984400,17.196984375,0.5707150101661682,-0.5435507893562317,0.9207872748374939
1788893119294001200,17.207001220703123,0.450340211391449,-0.6362286806106567,0.9942904710769653
1788893119304018700,17.217018798828125,0.30546435713768005,-0.6862961053848267,1.0592715740203857
1788893119314036700,17.22703662109375,0.10306425392627716,-0.6873613595962524,1.1242525577545166
1788893119324055600,17.2370556640625,-0.1387505829334259,-0.6362286806106567,1.1817768812179565
1788893119334075100,17.2470751953125,-0.3869570195674896,-0.529702365398407,1.239301085472107
1788893119344095700,17.257095703125,-0.6245108246803284,-0.33475908637046814,1.2989557981491089
1788893119354116900,17.267116943359376,-0.8418245911598206,-0.06205160543322563,1.3373053073883057
1788893119364139000,17.277138916015623,-1.019723653793335,0.22663484513759613,1.3405011892318726
1788893119374162000,17.287161865234374,-1.1443594694137573,0.4929507374763489,1.2893685102462769
1788893119384185300,17.297185302734373,-1.2242542505264282,0.7198519110679626,1.1913641691207886
1788893119394209500,17.30720947265625,-1.2668647766113281,0.8828372359275818,1.0528799295425415
1788893119404234000,17.31723388671875,-1.2764521837234497,0.99468994140625,0.8920251131057739
1788893119414258700,17.3272587890625,-1.2594079971313477,1.0692583322525024,0.7183871865272522
1788893119424283400,17.337283447265627,-1.2157320976257324,1.1150647401809692,0.5330312848091125
1788893119434308000,17.34730810546875,-1.150750994682312,1.1299784183502197,0.3412838280200958
1788893119444329200,17.3573291015625,-1.074052095413208,1.1139994859695435,0.15166690945625305
1788893119454347800,17.36734765625,-0.982439398765564,1.0820415019989014,-0.018775271251797676
1788893119464366600,17.37736669921875,-0.8769782781600952,1.0532793998718262,-0.16684691607952118
1788893119474385700,17.3873857421875,-0.7704519033432007,1.0351699590682983,-0.28509119153022766
1788893119484405000,17.397405029296873,-0.6585992574691772,1.0170605182647705,-0.3692470192909241
1788893119494424800,17.4074248046875,-0.5318328738212585,0.978710949420929,-0.4246407151222229
1788893119504445000,17.41744482421875,-0.38589176535606384,0.9094688296318054,-0.447011262178421
1788893119514465800,17.4274658203125,-0.22610220313072205,0.8008119463920593,-0.4289017617702484
1788893119524487000,17.43748681640625,-0.052464235574007034,0.6463487148284912,-0.3681817352771759
1788893119534508500,17.447508544921874,0.11584742367267609,0.448209673166275,-0.2563290596008301
1788893119544530700,17.45753076171875,0.24580958485603333,0.2181127369403839,-0.08801741153001785
1788893119554553000,17.467552978515624,0.3416832983493805,-0.016245270147919655,0.14101427793502808
1788893119564575700,17.47757568359375,0.37577176094055176,-0.2474074810743332,0.4190480709075928
1788893119574599000,17.487598876953125,0.3171822428703308,-0.46578651666641235,0.7237134575843811
1788893119584622000,17.4976220703125,0.1573926955461502,-0.6447508335113525,1.0443578958511353
1788893119594645200,17.507645263671876,-0.11211899667978287,-0.7779088020324707,1.3618063926696777
1788893119604674000,17.517674072265624,-0.4721781015396118,-0.8471509218215942,1.646231770515442
1788893119614690600,17.527690673828126,-0.860999345779419,-0.7960182428359985,1.8475666046142578
1788893119624707300,17.537707275390623,-1.2157320976257324,-0.6383592486381531,1.9540929794311523
1788893119634724600,17.547724609375,-1.5118753910064697,-0.4221107065677643,1.9828550815582275
1788893119644742100,17.5577421875,-1.7355808019638062,-0.17496955394744873,1.9445055723190308
1788893119654760200,17.56776025390625,-1.8612818717956543,0.07643266767263412,1.8486318588256836
1788893119664779300,17.577779296875,-1.8793914318084717,0.31611698865890503,1.7090823650360107
1788893119674798800,17.587798828125,-1.8058881759643555,0.5270391702651978,1.523726463317871
1788893119684819500,17.5978193359375,-1.6503597497940063,0.6974813938140869,1.2925642728805542
1788893119694840800,17.6078408203125,-1.4479596614837646,0.8082687854766846,1.0305094718933105
1788893119704862700,17.61786279296875,-1.200818419456482,0.8849677443504333,0.7641934752464294
1788893119714885600,17.6278857421875,-0.906805694103241,0.9552751779556274,0.47550705075263977
1788893119724909300,17.637909423828123,-0.6106624007225037,0.9872331023216248,0.15060164034366608
1788893119734933200,17.647933349609374,-0.33369383215904236,0.9776456952095032,-0.17323850095272064
1788893119744957700,17.657957763671874,-0.0684431865811348,0.9499488472938538,-0.4672512710094452
1788893119754982100,17.667982177734373,0.1531316488981247,0.9126646518707275,-0.7229145169258118
1788893119765006800,17.6780068359375,0.3416832983493805,0.8711193203926086,-0.9370325207710266
1788893119775030800,17.68803076171875,0.5089297294616699,0.8210519552230835,-1.1128010749816895
1788893119785052200,17.69805224609375,0.663392961025238,0.7411571741104126,-1.2502200603485107
1788893119795070700,17.70807080078125,0.8103992938995361,0.617586612701416,-1.333310604095459
1788893119805089300,17.71808935546875,0.9595362544059753,0.4588623046875,-1.3556811809539795
1788893119815108400,17.7281083984375,1.103346824645996,0.2841590642929077,-1.3141359090805054
1788893119825127700,17.738127685546875,1.2471574544906616,0.08495477586984634,-1.2129358053207397
1788893119835147500,17.7481474609375,1.3462269306182861,-0.1430116444826126,-1.040363073348999
1788893119845167900,17.75816796875,1.359010100364685,-0.349672794342041,-0.7953524589538574
1788893119855188500,17.7681884765625,1.2663321495056152,-0.5094623565673828,-0.48749127984046936
1788893119865209600,17.778209716796876,1.0756499767303467,-0.6095971465110779,-0.146606907248497
1788893119875231500,17.7882314453125,0.8040077090263367,-0.6756434440612793,0.1825595498085022
1788893119885253400,17.79825341796875,0.4631233811378479,-0.7278413772583008,0.4680502116680145
1788893119895276000,17.808276123046873,0.09560741484165192,-0.7395592927932739,0.673646092414856
1788893119905298700,17.818298583984376,-0.2474074810743332,-0.7171887755393982,0.7908250689506531
1788893119915321600,17.828321533203123,-0.5243760347366333,-0.6948181986808777,0.8366314172744751
1788893119925344800,17.8383447265625,-0.7502118945121765,-0.6862961053848267,0.8163914084434509
1788893119935368200,17.8483681640625,-0.9121319651603699,-0.6703171730041504,0.7418229579925537
1788893119945396700,17.858396728515626,-0.9813741445541382,-0.659664511680603,0.6289049983024597
1788893119955413200,17.868413330078123,-0.9643298983573914,-0.7065361142158508,0.48189863562583923
1788893119965430000,17.878429931640625,-0.8982835412025452,-0.8162582516670227,0.3103911876678467
1788893119975447000,17.888447021484374,-0.7917572259902954,-0.9856351613998413,0.13781848549842834
1788893119985464600,17.898464599609376,-0.6372939944267273,-1.1997531652450562,-0.031558435410261154
1788893119995483000,17.90848291015625,-0.45726442337036133,-1.4373070001602173,-0.1892174482345581
1788893120005501700,17.918501708984376,-0.2601906359195709,-1.62692391872406,-0.34155014157295227
1788893120015521300,17.928521240234375,-0.07483477145433426,-1.7057534456253052,-0.4864259958267212
1788893120025542000,17.9385419921875,0.07856319099664688,-1.6674039363861084,-0.6313018798828125
1788893120035563300,17.948563232421876,0.1904158741235733,-1.5395722389221191,-0.7783082723617554
1788893120045585400,17.95858544921875,0.25326642394065857,-1.3403680324554443,-0.9306409358978271
1788893120055608300,17.9686083984375,0.2756369709968567,-1.1060099601745605,-1.0968220233917236
1788893120065631700,17.9786318359375,0.2756369709968567,-0.8450203537940979,-1.2779169082641602
1788893120075655700,17.98865576171875,0.27244117856025696,-0.5563339591026306,-1.467533826828003
1788893120085680000,17.99868017578125,0.2671148478984833,-0.26871275901794434,-1.6656728982925415
1788893120095704800,18.008704833984375,0.2660495936870575,-0.015180006623268127,-1.8638118505477905
1788893120105729300,18.018729248046874,0.261788547039032,0.20852535963058472,-2.0512983798980713
1788893120115753200,18.028753173828125,0.24900537729263306,0.39068543910980225,-2.2185447216033936
1788893120125774600,18.038774658203124,0.2330264151096344,0.5334307551383972,-2.375138521194458
1788893120135793200,18.048793212890626,0.21491694450378418,0.6293044686317444,-2.5019047260284424
1788893120145812000,18.05881201171875,0.19361166656017303,0.6697844862937927,-2.5711469650268555
1788893120155830800,18.068830810546874,0.17550218105316162,0.6538055539131165,-2.5700817108154297
1788893120165850000,18.07885009765625,0.17443692684173584,0.6101297736167908,-2.5008394718170166
1788893120175870000,18.088869873046875,0.20746009051799774,0.5408875942230225,-2.364485740661621
1788893120185890300,18.098890380859373,0.2852243483066559,0.4354265034198761,-2.157824754714966
1788893120195911000,18.108910888671875,0.3981422781944275,0.3033338189125061,-1.8925740718841553
1788893120205932300,18.118932373046874,0.5376918315887451,0.15845796465873718,-1.5825823545455933
1788893120215954000,18.128953857421877,0.6825676560401917,-0.007723161485046148,-1.2385021448135376
1788893120225976000,18.13897607421875,0.806138277053833,-0.24101589620113373,-0.8752472400665283
1788893120235998500,18.14899853515625,0.8849677443504333,-0.529702365398407,-0.5279712677001953
1788893120246021000,18.159021240234374,0.9105340838432312,-0.810931921005249,-0.2083922028541565
1788893120256044300,18.169044189453125,0.8615319728851318,-1.0708563327789307,0.09094688296318054
1788893120266067500,18.1790673828125,0.7187866568565369,-1.275386929512024,0.36365437507629395
1788893120276090600,18.189090576171875,0.5153213143348694,-1.3744564056396484,0.5862944722175598
1788893120286119400,18.199119384765623,0.29694223403930664,-1.322258472442627,0.7535408735275269
1788893120296135700,18.2091357421875,0.07856319099664688,-1.1400984525680542,0.8803072571754456
1788893120306152400,18.21915234375,-0.13768532872200012,-0.86952143907547,0.9665936231613159
1788893120316169200,18.229169189453124,-0.3262369930744171,-0.538224458694458,1.0049431324005127
1788893120326186800,18.239186767578126,-0.4775044322013855,-0.1994706094264984,0.9932252168655396
1788893120336204800,18.249204833984376,-0.5829655528068542,0.10945583879947662,0.9282441139221191
1788893120346223600,18.2592236328125,-0.6394245028495789,0.36618438363075256,0.8185219764709473
1788893120356243200,18.2692431640625,-0.6671213507652283,0.5536707639694214,0.6757766008377075
1788893120366263600,18.279263671875,-0.668186604976654,0.6644582152366638,0.52237868309021
1788893120376285000,18.289284912109373,-0.6426202654838562,0.7155908346176147,0.3700459599494934
1788893120386306800,18.299306884765624,-0.5957486629486084,0.7198519110679626,0.22623535990715027
1788893120396329700,18.309329833984375,-0.5286371111869812,0.6751108169555664,0.09840372949838638
1788893120406353200,18.319353271484374,-0.44235071539878845,0.5941507816314697,-0.011318426579236984
1788893120416377000,18.329377197265625,-0.34754225611686707,0.4865591824054718,-0.09440898895263672
1788893120426401500,18.339401611328125,-0.25060325860977173,0.35659700632095337,-0.14767217636108398
1788893120436426200,18.34942626953125,-0.15366427600383759,0.22130851447582245,-0.1615206003189087
1788893120446451000,18.359450927734375,-0.05352949723601341,0.09986846894025803,-0.13701952993869781
1788893120456472800,18.369472900390626,0.04234423115849495,0.013582111336290836,-0.07523424178361893
1788893120466495000,18.379494873046873,0.11371689289808273,-0.032224226742982864,0.0153131652623415
1788893120476522500,18.3895224609375,0.16058848798274994,-0.04500738903880119,0.12077426165342331
1788893120486539300,18.399539306640627,0.18402428925037384,-0.04181159660220146,0.22197431325912476
1788893120496556300,18.409556396484376,0.1765674501657486,-0.03755054250359535,0.31145647168159485
1788893120506573600,18.419573486328126,0.14141374826431274,-0.03009369783103466,0.3892207145690918
1788893120516591400,18.42959130859375,0.09347688406705856,-0.032224226742982864,0.4446144104003906
1788893120526609700,18.439609619140626,0.04127896577119827,-0.0492684431374073,0.47550705075263977
1788893120536628700,18.449628662109376,-0.005592633970081806,-0.0822916179895401,0.47976812720298767
1788893120546648300,18.4596484375,-0.0354200154542923,-0.13981585204601288,0.46165862679481506
1788893120556669000,18.4696689453125,-0.04500738903880119,-0.22077588737010956,0.4275701940059662
1788893120566690300,18.479690185546875,-0.03009369783103466,-0.3070622384548187,0.38709017634391785
1788893120576712200,18.489712158203126,-0.0023968431632965803,-0.3795001804828644,0.3434143662452698
1788893120586735000,18.499735107421873,0.028495801612734795,-0.4221107065677643,0.3039996027946472
1788893120596758300,18.50975830078125,0.06578002870082855,-0.44661179184913635,0.2773680090904236
1788893120606782000,18.519781982421875,0.11265163123607635,-0.4444812536239624,0.2635195851325989
1788893120616806100,18.52980615234375,0.15419691801071167,-0.41784965991973877,0.25925853848457336
1788893120626830300,18.539830322265626,0.18189376592636108,-0.3645864725112915,0.25925853848457336
1788893120636854800,18.549854736328125,0.20639483630657196,-0.2985401451587677,0.2624543309211731
1788893120646879000,18.55987890625,0.2287653684616089,-0.2239716798067093,0.2581932842731476
1788893120656900400,18.569900390625,0.24474431574344635,-0.13768532872200012,0.24008379876613617
1788893120666918700,18.579918701171874,0.2575274705886841,-0.052464235574007034,0.19747324287891388
1788893120676937500,18.5899375,0.27244117856025696,0.030626330524683,0.1303616315126419
1788893120686956500,18.59995654296875,0.2852243483066559,0.10412952303886414,0.0366184376180172
1788893120696976000,18.609975830078124,0.29694223403930664,0.1669800728559494,-0.08162582665681839
1788893120706995700,18.61999560546875,0.3139864504337311,0.23089589178562164,-0.2169143110513687
1788893120717015800,18.630015869140625,0.3406180441379547,0.2948117256164551,-0.35539859533309937
1788893120727036700,18.64003662109375,0.3789675533771515,0.3544664680957794,-0.4906870722770691
1788893120737057800,18.650057861328126,0.4258391261100769,0.42370861768722534,-0.6057355403900146
1788893120747079400,18.660079345703124,0.4631233811378479,0.5089297294616699,-0.6941524147987366
1788893120757101600,18.6701015625,0.4876244366168976,0.5941507816314697,-0.7495461106300354
1788893120767124000,18.6801240234375,0.5004075765609741,0.6761760711669922,-0.7665903568267822
1788893120777147000,18.69014697265625,0.5121254920959473,0.768854022026062,-0.7506113648414612
1788893120787169800,18.700169677734376,0.5472791790962219,0.8636624813079834,-0.7197187542915344
1788893120797193000,18.71019287109375,0.6079992055892944,0.9052077531814575,-0.683499813079834
1788893120807216400,18.72021630859375,0.6910898089408875,0.9094688296318054,-0.6291713118553162
1788893120817245000,18.730244873046875,0.7997466921806335,0.8689888119697571,-0.5396891832351685
1788893120827261200,18.74026123046875,0.8988161683082581,0.7550055980682373,-0.4107922911643982
1788893120837277700,18.750277587890626,0.9478183388710022,0.5376918315887451,-0.23928484320640564
1788893120847294500,18.76029443359375,0.9105340838432312,0.23515695333480835,-0.004926844500005245
1788893120857312000,18.77031201171875,0.7571361064910889,-0.03009369783103466,0.296542763710022
1788893120867330000,18.780330078125,0.48975494503974915,-0.1898832470178604,0.6566019058227539
1788893120877348600,18.7903486328125,0.11691268533468246,-0.20373167097568512,1.0369009971618652
1788893120887368200,18.8003681640625,-0.32517173886299133,-0.0684431865811348,1.4044169187545776
1788893120897388800,18.810388916015626,-0.7661908864974976,0.21065588295459747,1.719735026359558
1788893120907410000,18.820409912109376,-1.1677953004837036,0.5408875942230225,1.9477014541625977
1788893120917432000,18.83043212890625,-1.5033533573150635,0.844487726688385,2.085120439529419
1788893120927454700,18.840454833984374,-1.7355808019638062,1.0404962301254272,2.1415793895721436
1788893120937478400,18.850478515625,-1.8815219402313232,1.1310436725616455,2.1170783042907715
1788893120947502300,18.86050244140625,-1.9401113986968994,1.188567876815796,2.021204710006714
1788893120957526800,18.87052685546875,-1.91241455078125,1.2141342163085938,1.8699371814727783
1788893120967551500,18.880551513671875,-1.8314545154571533,1.163001537322998,1.674993872642517
1788893120977576200,18.890576171875,-1.723862886428833,1.0309089422225952,1.4747244119644165
1788893120987601000,18.900600830078126,-1.6002923250198364,0.8657930493354797,1.3000211715698242
1788893120997622300,18.910622314453125,-1.480982780456543,0.7081339955329895,1.159406304359436
1788893121007643400,18.920643310546875,-1.3680648803710938,0.5739107728004456,1.04329252243042
1788893121017662000,18.930661865234374,-1.2657995223999023,0.4492749273777008,0.9474188685417175
1788893121027680500,18.940680419921875,-1.1805784702301025,0.33848753571510315,0.8664588332176208
1788893121037699600,18.950699462890626,-1.1028141975402832,0.26391905546188354,0.7982819676399231
1788893121047719000,18.960718994140624,-1.0207889080047607,0.22983063757419586,0.7375619411468506
1788893121057738800,18.97073876953125,-0.9387635588645935,0.20639483630657196,0.6757766008377075
1788893121067759000,18.980759033203125,-0.8620645999908447,0.18508955836296082,0.5958818197250366
1788893121077779700,18.99077978515625,-0.7704519033432007,0.15419691801071167,0.5074649453163147
1788893121087800800,19.00080078125,-0.680969774723053,0.12117373943328857,0.417982816696167
1788893121097822500,19.010822509765624,-0.6064013242721558,0.08175898343324661,0.3231743574142456
1788893121107844600,19.0208447265625,-0.5520728826522827,0.028495801612734795,0.2251701056957245
1788893121117867000,19.030866943359374,-0.5201149582862854,-0.032224226742982864,0.1303616315126419
1788893121127890000,19.040889892578125,-0.5105276107788086,-0.08974846452474594,0.03448791056871414
1788893121137912800,19.050912841796876,-0.5243760347366333,-0.14194637537002563,-0.059255290776491165
1788893121147936000,19.06093603515625,-0.5456812977790833,-0.19307903945446014,-0.15512901544570923
1788893121157959400,19.07095947265625,-0.5648560523986816,-0.24847275018692017,-0.24993747472763062
1788893121167988000,19.080988037109375,-0.5787044763565063,-0.30493173003196716,-0.3404848873615265
1788893121178004200,19.091004150390624,-0.5797697305679321,-0.3549990952014923,-0.42677125334739685
1788893121188020500,19.1010205078125,-0.559529721736908,-0.3890875577926636,-0.5183839201927185
1788893121198037200,19.111037353515623,-0.508397102355957,-0.43276336789131165,-0.6131923794746399
1788893121208054800,19.1210546875,-0.41784965991973877,-0.4966791868209839,-0.7122619152069092
1788893121218072600,19.131072509765627,-0.284691721200943,-0.559529721736908,-0.81346195936203
1788893121228091400,19.14109130859375,-0.12596742808818817,-0.6106624007225037,-0.9125314950942993
1788893121238111000,19.151111083984375,0.05299686640501022,-0.6436855792999268,-1.010535717010498
1788893121248131300,19.16113134765625,0.2564622163772583,-0.6660560965538025,-1.1000179052352905
1788893121258152700,19.171152587890624,0.4822981059551239,-0.7033402919769287,-1.1841737031936646
1788893121268174800,19.1811748046875,0.7315698266029358,-0.7715172171592712,-1.258742094039917
1788893121278197800,19.19119775390625,0.9925593733787537,-0.8950877785682678,-1.3077442646026611
1788893121288221200,19.20122119140625,1.2386353015899658,-1.0623341798782349,-1.3215926885604858
1788893121298245400,19.211245361328125,1.4271869659423828,-1.238102674484253,-1.2938958406448364
1788893121308269800,19.221269775390624,1.535843849182129,-1.3883048295974731,-1.2395673990249634
1788893121318294500,19.23129443359375,1.5784543752670288,-1.4745911359786987,-1.1586073637008667
1788893121328319500,19.241319580078127,1.5411701202392578,-1.5012227296829224,-1.0542114973068237
1788893121338343700,19.25134375,1.4271869659423828,-1.4831132888793945,-0.9327715039253235
1788893121348364800,19.26136474609375,1.2887027263641357,-1.4053490161895752,-0.8145272135734558
1788893121358383400,19.27138330078125,1.1321089267730713,-1.3009532690048218,-0.7229145169258118
1788893121368402200,19.281402099609377,0.9755151867866516,-1.2093405723571777,-0.6632598042488098
1788893121378421000,19.2914208984375,0.8487488031387329,-1.1550121307373047,-0.6302366256713867
1788893121388440300,19.3014404296875,0.7571361064910889,-1.120923638343811,-0.6046702861785889
1788893121398460200,19.311460205078124,0.6878939867019653,-1.1070752143859863,-0.579103946685791
1788893121408480300,19.321480224609374,0.6378266215324402,-1.0932267904281616,-0.554602861404419
1788893121418501000,19.331501220703124,0.6154560446739197,-1.0591384172439575,-0.5279712677001953
1788893121428522200,19.341522216796875,0.6197171211242676,-1.0175931453704834,-0.4938828647136688
1788893121438544000,19.3515439453125,0.6325002908706665,-0.9803088903427124,-0.4629902243614197
1788893121448565800,19.361565673828125,0.6463487148284912,-0.9462204575538635,-0.4427502155303955
1788893121458588400,19.37158837890625,0.6655234694480896,-0.9185235500335693,-0.4299670457839966
1788893121468611000,19.381611083984374,0.6836329698562622,-0.9004141092300415,-0.42251017689704895
1788893121478634000,19.391634033203125,0.6900244951248169,-0.8950877785682678,-0.4161186218261719
1788893121488657200,19.4016572265625,0.6783066391944885,-0.8918919563293457,-0.4097270369529724
1788893121498680600,19.4116806640625,0.6527402997016907,-0.8876309394836426,-0.39907440543174744
1788893121508709400,19.42170947265625,0.6218476295471191,-0.8865656852722168,-0.390552282333374
1788893121518725600,19.4317255859375,0.5941507816314697,-0.8833698630332947,-0.3916175365447998
1788893121528742100,19.4417421875,0.5813676118850708,-0.8759130239486694,-0.4022701680660248
1788893121538759000,19.451759033203125,0.5898897647857666,-0.8599340915679932,-0.41824913024902344
1788893121548776400,19.4617763671875,0.617586612701416,-0.8364982604980469,-0.4384891390800476
1788893121558794500,19.47179443359375,0.6687192320823669,-0.8013445734977722,-0.457663893699646
1788893121568813000,19.48181298828125,0.7198519110679626,-0.7640603184700012,-0.4757733643054962
1788893121578832600,19.49183251953125,0.7720498442649841,-0.7246456146240234,-0.4864259958267212
1788893121588853200,19.501853271484375,0.8253130316734314,-0.6799045205116272,-0.4810996949672699
1788893121598874400,19.511874267578126,0.8636624813079834,-0.6213150024414062,-0.45020705461502075
1788893121608896500,19.521896484375,0.8775109052658081,-0.5531381368637085,-0.3969438672065735
1788893121618919400,19.53191943359375,0.8636624813079834,-0.48496127128601074,-0.32876700162887573
1788893121628942800,19.54194287109375,0.8189214468002319,-0.425306499004364,-0.2456764280796051
1788893121638966800,19.551966796875,0.7464835047721863,-0.3741738498210907,-0.15832480788230896
1788893121648991000,19.561990966796873,0.6516750454902649,-0.32517173886299133,-0.08269108831882477
1788893121659015700,19.572015625,0.5472791790962219,-0.27403905987739563,-0.03262370079755783
1788893121669040400,19.582040283203124,0.44714441895484924,-0.22929799556732178,-0.014514217153191566
1788893121679065000,19.592065185546875,0.36618438363075256,-0.19414429366588593,-0.03262370079755783
1788893121689086200,19.602086181640626,0.3139864504337311,-0.17070849239826202,-0.07736477255821228
1788893121699107600,19.612107666015625,0.2905506491661072,-0.15046848356723785,-0.13915006816387177
1788893121709126000,19.6221259765625,0.29268118739128113,-0.1291632205247879,-0.20519641041755676
1788893121719144700,19.632144775390625,0.31931278109550476,-0.10040109604597092,-0.25845959782600403
1788893121729163500,19.64216357421875,0.36298859119415283,-0.06631266325712204,-0.2872216999530792
1788893121739182800,19.652182861328125,0.40879490971565247,-0.04607265070080757,-0.2872216999530792
1788893121749202700,19.66220263671875,0.4301002025604248,-0.048203181475400925,-0.2637858986854553
1788893121759222800,19.672222900390626,0.40986019372940063,-0.06950845569372177,-0.21904483437538147
1788893121769243600,19.68224365234375,0.3406180441379547,-0.09081372618675232,-0.15406376123428345
1788893121779264800,19.6922646484375,0.2287653684616089,-0.10146636515855789,-0.07949529588222504
1788893121789286400,19.702286376953126,0.08388951420783997,-0.10253162682056427,-0.009187898598611355
1788893121799308300,19.712308349609376,-0.07803056389093399,-0.0822916179895401,0.05579318478703499
1788893121809330700,19.72233056640625,-0.2420811653137207,-0.032224226742982864,0.11331742256879807
1788893121819353300,19.732353271484374,-0.38163068890571594,0.04340949282050133,0.15486270189285278
1788893121829376500,19.74237646484375,-0.47963494062423706,0.13608743250370026,0.17190691828727722
1788893121839399700,19.752399658203124,-0.5307676196098328,0.2234390527009964,0.1676458716392517
1788893121849422800,19.7624228515625,-0.5424855351448059,0.2937464416027069,0.14314480125904083
1788893121859451400,19.772451416015624,-0.5179844498634338,0.34807488322257996,0.09946899116039276
1788893121869468200,19.78246826171875,-0.46578651666641235,0.383228600025177,0.045140545815229416
1788893121879485000,19.79248486328125,-0.3922833502292633,0.3885549008846283,-0.015579480677843094
1788893121889502000,19.802501953125,-0.3091927766799927,0.36724963784217834,-0.07949529588222504
1788893121899519500,19.81251953125,-0.22610220313072205,0.32890015840530396,-0.13062795996665955
1788893121909537500,19.82253759765625,-0.14940322935581207,0.261788547039032,-0.15832480788230896
1788893121919556600,19.832556640625,-0.09294424951076508,0.1627190262079239,-0.15725953876972198
1788893121929576200,19.842576171875,-0.07057371735572815,0.06897582113742828,-0.12317110598087311
1788893121939596800,19.8525966796875,-0.0918789878487587,0.002929474925622344,-0.051798444241285324
1788893121949618000,19.862617919921874,-0.15686006844043732,-0.032224226742982864,0.053662657737731934
1788893121959640000,19.87264013671875,-0.2569948434829712,-0.016245270147919655,0.1772332340478897
1788893121969662700,19.882662841796876,-0.3890875577926636,0.0540621280670166,0.2986733019351959
1788893121979686100,19.89268603515625,-0.5275717973709106,0.16804534196853638,0.38709017634391785
1788893121989709800,19.902709716796874,-0.6490118503570557,0.31079065799713135,0.4211786091327667
1788893121999734000,19.912734130859373,-0.726776123046875,0.4684496819972992,0.42011335492134094
1788893122009758500,19.922758544921876,-0.7747129797935486,0.6079992055892944,0.38282912969589233
1788893122019783200,19.932783203125,-0.793887734413147,0.7209171652793884,0.3093259334564209
1788893122029807400,19.942807373046875,-0.7896266579627991,0.814660370349884,0.2155827283859253
1788893122039828500,19.952828369140626,-0.7693866491317749,0.9126646518707275,0.10905636847019196
1788893122049847000,19.962846923828124,-0.7321024537086487,1.0330394506454468,-0.0006657897611148655
1788893122059865600,19.972865478515626,-0.6873613595962524,1.1736541986465454,-0.11038794368505478
1788893122069884700,19.982884765625,-0.6383592486381531,1.3238563537597656,-0.23076273500919342
1788893122079904000,19.992904052734374,-0.5744433999061584,1.4740585088729858,-0.3543333113193512
1788893122089923800,20.002923828125,-0.4956139028072357,1.6082817316055298,-0.4810996949672699
1788893122099944000,20.01294384765625,-0.39121806621551514,1.71587336063385,-0.608931303024292
1788893122109964500,20.022964599609374,-0.25379905104637146,1.7808544635772705,-0.7335671782493591
1788893122119985700,20.032985595703124,-0.08655267208814621,1.7723324298858643,-0.8368977308273315
1788893122130007300,20.04300732421875,0.10519478470087051,1.664740800857544,-0.8944219946861267
1788893122140029400,20.053029541015626,0.3075948655605316,1.4740585088729858,-0.8869651556015015
1788893122150051800,20.0630517578125,0.5334307551383972,1.2141342163085938,-0.8060051202774048
1788893122160074500,20.073074462890624,0.7624624371528625,0.8860330581665039,-0.646215558052063
1788893122170097400,20.083097412109375,0.9542099237442017,0.4673844277858734,-0.4022701680660248
1788893122180120600,20.09312060546875,1.0713889598846436,-0.05352949723601341,-0.07203845679759979
1788893122190143700,20.103143798828125,1.0777804851531982,-0.5701823830604553,0.3327617347240448
1788893122200172500,20.113172607421873,0.9606015086174011,-0.9590035676956177,0.7844334840774536
1788893122210189000,20.12318896484375,0.7422224283218384,-1.1869699954986572,1.2456926107406616
1788893122220205600,20.13320556640625,0.47484126687049866,-1.2167973518371582,1.6728633642196655
1788893122230222600,20.14322265625,0.2287653684616089,-1.0452899932861328,1.9998993873596191
1788893122240240000,20.153240234375,0.027430538088083267,-0.748081386089325,2.203364610671997
1788893122250258200,20.163258056640625,-0.15153375267982483,-0.3976096510887146,2.277933120727539
1788893122260277000,20.173277099609376,-0.3230412006378174,-0.024767380207777023,2.218278408050537
1788893122270296600,20.183296630859374,-0.4498075842857361,0.3257043659687042,2.051032066345215
1788893122280317000,20.19331689453125,-0.5531381368637085,0.5845634341239929,1.8145434856414795
1788893122290338300,20.20333837890625,-0.629837155342102,0.7709845304489136,1.5152044296264648
1788893122300360200,20.213360107421874,-0.6958834528923035,0.9190561771392822,1.1444926261901855
1788893122310383000,20.223383056640625,-0.748081386089325,1.0223867893218994,0.7514103651046753
1788893122320406300,20.23340625,-0.7704519033432007,1.0905636548995972,0.37217649817466736
1788893122330430200,20.24343017578125,-0.7608645558357239,1.133174180984497,0.016378428786993027
1788893122340454700,20.25345458984375,-0.7097318768501282,1.1608710289001465,-0.2882869839668274
1788893122350479000,20.26347900390625,-0.6287718415260315,1.175784707069397,-0.5311670899391174
1788893122360503800,20.27350390625,-0.5243760347366333,1.175784707069397,-0.700543999671936
1788893122370528300,20.2835283203125,-0.406131774187088,1.1566100120544434,-0.8017440438270569
1788893122380549400,20.29354931640625,-0.27297380566596985,1.1310436725616455,-0.8454198837280273
1788893122390568000,20.30356787109375,-0.14407691359519958,1.1108036041259766,-0.8496809005737305
1788893122400586500,20.31358642578125,-0.04181159660220146,1.0713889598846436,-0.8283756375312805
1788893122410605600,20.32360546875,0.044474758207798004,0.9936246871948242,-0.7878956198692322
1788893122420625000,20.333625,0.11265163123607635,0.8700540661811829,-0.7346324324607849
1788893122430644500,20.34364453125,0.16165375709533691,0.693220317363739,-0.6611292362213135
1788893122440664800,20.353664794921876,0.2000032514333725,0.48016759753227234,-0.5609944462776184
1788893122450685400,20.363685546875,0.2287653684616089,0.2649843394756317,-0.4235754609107971
1788893122460706600,20.37370654296875,0.24474431574344635,0.06151897460222244,-0.2510027587413788
1788893122470728200,20.383728271484376,0.23622220754623413,-0.12064110487699509,-0.04966791719198227
1788893122480750300,20.393750244140627,0.19467693567276,-0.2708432674407959,0.1687111258506775
1788893122490772700,20.403772705078126,0.110521100461483,-0.39015281200408936,0.4030691385269165
1788893122500795400,20.41379541015625,-0.001331579522229731,-0.4785696864128113,0.6289049983024597
1788893122510818300,20.423818359375,-0.1344895362854004,-0.5371592044830322,0.8068040609359741
1788893122520841500,20.433841552734375,-0.28149592876434326,-0.592552900314331,0.9143956899642944
1788893122530864600,20.44386474609375,-0.3986749053001404,-0.6564686894416809,0.9548757076263428
1788893122540893200,20.45389306640625,-0.481765478849411,-0.7086666226387024,0.9452883005142212
1788893122550909700,20.46390966796875,-0.538224458694458,-0.7289066314697266,0.8930904269218445
1788893122560926200,20.47392626953125,-0.5659213066101074,-0.7150582075119019,0.8099998235702515
1788893122570943000,20.48394287109375,-0.5542033910751343,-0.6660560965538025,0.7130608558654785
1788893122580960500,20.49396044921875,-0.5030707716941833,-0.5957486629486084,0.6118608117103577
1788893122590978600,20.503978515625,-0.42424124479293823,-0.508397102355957,0.5106607675552368
1788893122600997000,20.5139970703125,-0.3262369930744171,-0.3933486044406891,0.4126565158367157
1788893122611016700,20.5240166015625,-0.20160114765167236,-0.2474074810743332,0.31571751832962036
1788893122621037300,20.534037353515625,-0.05992107838392258,-0.10892320424318314,0.2241048365831375
1788893122631058400,20.544058349609376,0.08921582996845245,-0.0141147430986166,0.13675321638584137
1788893122641080600,20.55408056640625,0.24580958485603333,0.002929474925622344,0.05259739235043526
1788893122651103200,20.564103271484374,0.3874896466732025,-0.05033370852470398,-0.011318426579236984
1788893122661126700,20.574126708984377,0.48868969082832336,-0.14940322935581207,-0.026232117787003517
1788893122671150600,20.584150634765624,0.5440834164619446,-0.29108327627182007,0.004660528618842363
1788893122681174800,20.5941748046875,0.5643234252929688,-0.4487423002719879,0.0600542388856411
1788893122691199500,20.604199462890627,0.5291697382926941,-0.5755086541175842,0.12823110818862915
1788893122701224200,20.61422412109375,0.4450138807296753,-0.6170539855957031,0.20173430442810059
1788893122711248600,20.62424853515625,0.3235738277435303,-0.5659213066101074,0.25606274604797363
1788893122721270000,20.63427001953125,0.16804534196853638,-0.46152547001838684,0.2720417082309723
1788893122731288300,20.644288330078126,0.0007989477599039674,-0.3304980397224426,0.2432795912027359
1788893122741307100,20.65430712890625,-0.1621863842010498,-0.17816534638404846,0.17616797983646393
1788893122751326000,20.664325927734374,-0.29534435272216797,-0.010918952524662018,0.0739026665687561
1788893122761345300,20.67434521484375,-0.38163068890571594,0.15206637978553772,-0.05392897129058838
1788893122771365000,20.684365234375,-0.425306499004364,0.2980075180530548,-0.19987009465694427
1788893122781385200,20.69438525390625,-0.42850229144096375,0.41944757103919983,-0.35113751888275146
1788893122791406000,20.704406005859376,-0.3933486044406891,0.525973916053772,-0.5130575895309448
1788893122801427200,20.71442724609375,-0.3262369930744171,0.6048034429550171,-0.6803039908409119
1788893122811448800,20.72444873046875,-0.23142851889133453,0.6452834606170654,-0.8443545699119568
1788893122821470700,20.734470703125,-0.11318425834178925,0.655936062335968,-0.9849693775177002
1788893122831493000,20.7444931640625,0.021038956940174103,0.647413969039917,-1.0861694812774658
1788893122841516000,20.75451611328125,0.1669800728559494,0.6090644598007202,-1.1479547023773193
1788893122851539000,20.7645390625,0.33316120505332947,0.5153213143348694,-1.1703252792358398
1788893122861562000,20.77456201171875,0.5110602378845215,0.3363569974899292,-1.137302041053772
1788893122871585300,20.784585205078123,0.684698224067688,0.07536740601062775,-1.0382325649261475
1788893122881613800,20.79461376953125,0.8380961418151855,-0.228232741355896,-0.8709861636161804
1788893122891630000,20.804630126953125,0.9318393468856812,-0.5233107805252075,-0.6451503038406372
1788893122901646600,20.814646484375,0.9542099237442017,-0.7619298100471497,-0.3692470192909241
1788893122911663400,20.824663330078124,0.9105340838432312,-0.9174582958221436,-0.06884266436100006
1788893122921680600,20.8346806640625,0.8018772006034851,-0.982439398765564,0.23262694478034973
1788893122931698700,20.84469873046875,0.6367613673210144,-0.9462204575538635,0.4893554747104645
1788893122941717200,20.85471728515625,0.44181808829307556,-0.8279761672019958,0.6587324142456055
1788893122951736800,20.86473681640625,0.23409168422222137,-0.6277065873146057,0.7396924495697021
1788893122961757400,20.87475732421875,0.05299686640501022,-0.3795001804828644,0.749279797077179
1788893122971778600,20.884778564453125,-0.09507478028535843,-0.11424952745437622,0.6885597705841064
1788893122981800700,20.89480078125,-0.20266640186309814,0.14034847915172577,0.5671197175979614
1788893122991823400,20.9048232421875,-0.2516685426235199,0.3597927987575531,0.4083954393863678
1788893123001847000,20.914846923828126,-0.2474074810743332,0.5408875942230225,0.21877852082252502
1788893123011871000,20.92487109375,-0.21012325584888458,0.6697844862937927,0.01957421936094761
1788893123021895400,20.9348955078125,-0.1483379602432251,0.7400919198989868,-0.1806953400373459
1788893123031920000,20.944920166015624,-0.06418213248252869,0.75180983543396,-0.3639206886291504
1788893123041944800,20.95494482421875,0.03488738462328911,0.7209171652793884,-0.5226449966430664
1788893123051969000,20.964968994140627,0.14674006402492523,0.6570013761520386,-0.6419544816017151
1788893123061990400,20.974990478515625,0.270310640335083,0.5483444333076477,-0.7090660929679871
1788893123072009000,20.985009033203124,0.393881231546402,0.41838228702545166,-0.7261103391647339
1788893123082027500,20.995027587890625,0.49827706813812256,0.2852243483066559,-0.6952176690101624
1788893123092046600,21.005046630859376,0.5877591967582703,0.15632744133472443,-0.6227797269821167
1788893123102066000,21.01506591796875,0.6452834606170654,0.029561065137386322,-0.524775505065918
1788893123112085500,21.02508544921875,0.6580666303634644,-0.0822916179895401,-0.4065312445163727
1788893123122105900,21.03510595703125,0.6356960535049438,-0.16857796907424927,-0.28189539909362793
1788893123132126500,21.04512646484375,0.5771065950393677,-0.23995064198970795,-0.15939007699489594
1788893123142147600,21.055147705078124,0.48868969082832336,-0.3081275224685669,-0.050733182579278946
1788893123152169200,21.065169189453126,0.372575968503952,-0.3837612271308899,0.0504668653011322
1788893123162191000,21.075191162109373,0.23941799998283386,-0.44661179184913635,0.13781848549842834
1788893123172213500,21.085213623046876,0.09560741484165192,-0.47963494062423706,0.21238693594932556
1788893123182236400,21.095236328125,-0.040746334940195084,-0.48922231793403625,0.2720417082309723
1788893123192259300,21.10525927734375,-0.14940322935581207,-0.48389601707458496,0.3135869801044464
1788893123202282500,21.115282470703125,-0.22716747224330902,-0.4636560082435608,0.342349112033844
1788893123212305700,21.1253056640625,-0.2665822207927704,-0.4263717830181122,0.35406699776649475
1788893123222334200,21.135334228515624,-0.2708432674407959,-0.3795001804828644,0.34874069690704346
1788893123232350500,21.1453505859375,-0.2559295892715454,-0.3400854170322418,0.3231743574142456
1788893123242367000,21.155366943359375,-0.24101589620113373,-0.30493173003196716,0.2773680090904236
1788893123252383700,21.1653837890625,-0.23888537287712097,-0.29108327627182007,0.21238693594932556
1788893123262401000,21.175401123046875,-0.25486433506011963,-0.3070622384548187,0.12397005409002304
1788893123272419000,21.185419189453125,-0.293213814496994,-0.3400854170322418,0.0153131652623415
1788893123282437600,21.195437744140627,-0.34434646368026733,-0.36778226494789124,-0.1093226820230484
1788893123292457200,21.205457275390625,-0.39121806621551514,-0.3731085956096649,-0.24248063564300537
1788893123302477800,21.215477783203124,-0.42424124479293823,-0.3326285779476166,-0.3820301592350006
1788893123312499000,21.2254990234375,-0.42317599058151245,-0.24101589620113373,-0.5311670899391174
1788893123322521000,21.23552099609375,-0.3645864725112915,-0.12596742808818817,-0.6803039908409119
1788893123332544000,21.2455439453125,-0.2516685426235199,-0.024767380207777023,-0.8177229762077332
1788893123342567400,21.2555673828125,-0.09507478028535843,-0.007723161485046148,-0.9306409358978271
1788893123352591400,21.26559130859375,0.0913463607430458,-0.09400951862335205,-1.0020135641098022
1788893123362615800,21.27561572265625,0.26391905546188354,-0.23355905711650848,-1.0073399543762207
1788893123372640500,21.285640625,0.38642439246177673,-0.38056543469429016,-0.9359672665596008
1788893123382665200,21.295665283203125,0.4588623046875,-0.5222455263137817,-0.7921566963195801
1788893123392689700,21.305689697265624,0.4812328517436981,-0.622380256652832,-0.5972134470939636
1788893123402710800,21.315710693359375,0.43862229585647583,-0.6330329179763794,-0.3820301592350006
1788893123412732000,21.32573193359375,0.33848753571510315,-0.5765739679336548,-0.1849564015865326
1788893123422750500,21.33575048828125,0.19467693567276,-0.47430863976478577,-0.04221107065677643
1788893123432769000,21.34576904296875,0.025300011038780212,-0.3400854170322418,0.03981423005461693
1788893123442787800,21.355787841796875,-0.1579253375530243,-0.16431692242622375,0.06431528925895691
1788893123452807200,21.36580712890625,-0.3273022472858429,0.015712639316916466,0.03448791056871414
1788893123462827000,21.375826904296876,-0.45087283849716187,0.1723063886165619,-0.04221107065677643
1788893123472847000,21.38584716796875,-0.538224458694458,0.3022685647010803,-0.15725953876972198
1788893123482868000,21.395867919921876,-0.5819002389907837,0.4013380706310272,-0.29574382305145264
1788893123492889000,21.40588916015625,-0.5893571376800537,0.44714441895484924,-0.43103229999542236
1788893123502910700,21.41591064453125,-0.5733781456947327,0.439687579870224,-0.5471460223197937
1788893123512932600,21.4259326171875,-0.5350286364555359,0.38535910844802856,-0.6217144727706909
1788893123522955000,21.435955078125,-0.4785696864128113,0.2852243483066559,-0.6579334735870361
1788893123532977700,21.445977783203126,-0.4018706977367401,0.1392832249403,-0.6526071429252625
1788893123543000800,21.456000732421874,-0.3123885691165924,-0.06524740159511566,-0.5950828790664673
1788893123553024000,21.46602392578125,-0.21651484072208405,-0.31984540820121765,-0.47896915674209595
1788893123563047200,21.476047119140624,-0.13235901296138763,-0.5872265696525574,-0.3063964545726776
1788893123573075700,21.48607568359375,-0.07803056389093399,-0.8098666667938232,-0.09440898895263672
1788893123583092200,21.49609228515625,-0.05566002428531647,-0.9536772966384888,0.13781848549842834
1788893123593108700,21.506108642578123,-0.05566002428531647,-1.0346373319625854,0.3689807057380676
1788893123603125500,21.51612548828125,-0.09720530360937119,-1.0570077896118164,0.5596628785133362
1788893123613142800,21.526142822265626,-0.1856221854686737,-1.0357025861740112,0.6938861012458801
1788893123623160800,21.536160888671876,-0.30067065358161926,-0.9856351613998413,0.7578019499778748
1788893123633179600,21.5461796875,-0.40506649017333984,-0.9249151349067688,0.7524756193161011
1788893123643199200,21.55619921875,-0.47430863976478577,-0.8588688373565674,0.6800376772880554
1788893123653219600,21.566219482421875,-0.500940203666687,-0.8013445734977722,0.5511407852172852
1788893123663241000,21.576240966796874,-0.4775044322013855,-0.7257108688354492,0.39241650700569153
1788893123673262800,21.586262939453125,-0.4103928208351135,-0.6340981721878052,0.20919114351272583
1788893123683285800,21.59628564453125,-0.3081275224685669,-0.5392897129058838,0.0153131652623415
1788893123693309200,21.60630908203125,-0.16112112998962402,-0.4540686309337616,-0.18282587826251984
1788893123703333000,21.6163330078125,0.02210422046482563,-0.3933486044406891,-0.3873564898967743
1788893123713357300,21.626357421875,0.23196116089820862,-0.3635212182998657,-0.5918871164321899
1788893123723382000,21.636382080078125,0.45566651225090027,-0.36245596408843994,-0.7868303656578064
1788893123733406700,21.64640673828125,0.6910898089408875,-0.3784348964691162,-0.9604683518409729
1788893123743431200,21.65643115234375,0.9307740926742554,-0.4114580750465393,-1.1053441762924194
1788893123753452300,21.666452392578126,1.1598057746887207,-0.4721781015396118,-1.2214579582214355
1788893123763470800,21.676470947265624,1.376054286956787,-0.5584644675254822,-1.3120052814483643
1788893123773489400,21.686489501953126,1.5827155113220215,-0.668186604976654,-1.3727253675460815
1788893123783508500,21.696508544921876,1.7776587009429932,-0.818388819694519,-1.4110748767852783
1788893123793527800,21.70652783203125,1.9470356702804565,-1.012266755104065,-1.4185316562652588
1788893123803547400,21.71654736328125,2.0738019943237305,-1.2402331829071045,-1.3865737915039062
1788893123813567700,21.726567626953123,2.1494357585906982,-1.4841785430908203,-1.2992221117019653
1788893123823588400,21.73658837890625,2.164349317550659,-1.6791218519210815,-1.1543463468551636
1788893123833609500,21.746609375,2.125999927520752,-1.795235514640808,-0.9615336060523987
1788893123843631000,21.756631103515623,2.0152125358581543,-1.8463681936264038,-0.7442198395729065
1788893123853653000,21.766653076171874,1.8223997354507446,-1.8314545154571533,-0.533297598361969
1788893123863675400,21.77667529296875,1.5805848836898804,-1.7749955654144287,-0.3596596419811249
1788893123873698300,21.7866982421875,1.3089426755905151,-1.7142754793167114,-0.2595248520374298
1788893123883721200,21.79672119140625,1.0564751625061035,-1.6759259700775146,-0.2456764280796051
1788893123893744400,21.806744384765626,0.8743151426315308,-1.6801871061325073,-0.3074617087841034
1788893123903767600,21.816767578125,0.7507445216178894,-1.7579513788223267,-0.43209755420684814
1788893123913796000,21.826796142578125,0.6878939867019653,-1.8729997873306274,-0.6121271252632141
1788893123923812600,21.8368125,0.7028076648712158,-1.9933745861053467,-0.8166577219963074
1788893123933829000,21.8468291015625,0.7954856157302856,-2.1030967235565186,-1.0254493951797485
1788893123943846100,21.85684619140625,0.9499488472938538,-2.186187267303467,-1.2225232124328613
1788893123953863400,21.866863525390624,1.1598057746887207,-2.224536895751953,-1.4014874696731567
1788893123963881500,21.876881591796874,1.4080122709274292,-2.220275640487671,-1.5666033029556274
1788893123973900300,21.886900390625,1.6562186479568481,-2.1520988941192627,-1.714674949645996
1788893123983919900,21.896919921875,1.8799240589141846,-2.042376756668091,-1.8457024097442627
1788893123993940500,21.9069404296875,2.055692434310913,-1.9262629747390747,-1.9692729711532593
1788893124003961600,21.916961669921875,2.1675450801849365,-1.8165408372879028,-2.0992350578308105
1788893124013983700,21.926983642578126,2.2037642002105713,-1.718536615371704,-2.2281320095062256
1788893124024006400,21.93700634765625,2.184589385986328,-1.6311849355697632,-2.346376419067383
1788893124034029800,21.94702978515625,2.124934673309326,-1.5608775615692139,-2.4518375396728516
1788893124044053800,21.9570537109375,2.0290608406066895,-1.4958964586257935,-2.539189100265503
1788893124054078000,21.967077880859375,1.9086861610412598,-1.4202626943588257,-2.598843812942505
1788893124064102700,21.9771025390625,1.7765934467315674,-1.346759557723999,-2.6158881187438965
1788893124074127400,21.98712744140625,1.6604796648025513,-1.2956268787384033,-2.5999090671539307
1788893124084151600,21.997151611328125,1.5656712055206299,-1.2487553358078003,-2.558363676071167
1788893124094173000,22.0071728515625,1.4772543907165527,-1.2157320976257324,-2.4976437091827393
1788893124104191200,22.017191162109373,1.4005553722381592,-1.1837742328643799,-2.414553165435791
1788893124114210000,22.0272099609375,1.3334437608718872,-1.1550121307373047,-2.3133530616760254
1788893124126758000,22.0397578125,1.2455594539642334,-1.1326415538787842,-2.1152141094207764
1788893124136768300,22.049768310546874,1.1976226568222046,-1.108673095703125,-2.0006983280181885
1788893124146779000,22.05977880859375,1.153946876525879,-1.0628668069839478,-1.873399257659912
1788893124156790500,22.06979052734375,1.1262500286102295,-1.0394309759140015,-1.7535570859909058
1788893124166803200,22.07980322265625,1.1049447059631348,-1.0681930780410767,-1.6347801685333252
1788893124182473200,22.09547314453125,1.0957567691802979,-1.2785826921463013,-1.3728585243225098
1788893124192454000,22.105453857421875,1.086835265159607,-1.4391711950302124,-1.1958916187286377
1788893124202438700,22.115438720703125,1.0522141456604004,-1.6126760244369507,-0.9870999455451965
1788893124212428000,22.125427978515624,1.0008151531219482,-1.7729982137680054,-0.7346324324607849
1788893124222424000,22.135424072265625,0.9002809524536133,-1.8579529523849487,-0.4511391520500183
1788893124232427000,22.145427001953124,0.7463503479957581,-1.8418408632278442,-0.17204007506370544
1788893124242437400,22.155437255859376,0.5672528743743896,-1.7382439374923706,0.06964161247015
1788893124252455200,22.165455078125,0.37577176094055176,-1.5804517269134521,0.22210747003555298
1788893124262480600,22.175480712890625,0.20639483630657196,-1.4263880252838135,0.26951169967651367
1788893124272513300,22.18551318359375,0.0894821435213089,-1.2711257934570312,0.23276010155677795
1788893124282551800,22.1955517578125,0.014780532568693161,-1.10454523563385,0.12317110598087311
1788893124292596000,22.205595947265625,-0.023169483989477158,-0.9374319911003113,-0.05779055133461952
1788893124302644500,22.21564453125,-0.004527370445430279,-0.8099998235702515,-0.2900180220603943
1788893124312695600,22.225695556640623,0.07962846010923386,-0.7311703562736511,-0.5491434335708618
1788893124322748700,22.235748779296873,0.21425114572048187,-0.6929540038108826,-0.814660370349884
1788893124332801800,22.2458017578125,0.3826959729194641,-0.6827008128166199,-1.074584722518921
1788893124342833700,22.255833740234376,0.577905535697937,-0.6707166433334351,-1.3187963962554932
1788893124352854800,22.265854736328127,0.7893603444099426,-0.663392961025238,-1.5267890691757202
1788893124362919400,22.27591943359375,1.0116009712219238,-0.6817687153816223,-1.6917718648910522
1788893124372897300,22.285897216796876,1.2124031782150269,-0.7086666226387024,-1.8029587268829346
1788893124382877000,22.295876953125,1.3611406087875366,-0.7167892456054688,-1.861148715019226
1788893124392860000,22.30585986328125,1.462207555770874,-0.7375619411468506,-1.877527117729187
1788893124402847200,22.31584716796875,1.5154707431793213,-0.7954856157302856,-1.870336651802063
1788893124412840700,22.3258408203125,1.5169354677200317,-0.8789756894111633,-1.8335850238800049
1788893124422840600,22.335840576171876,1.457680106163025,-0.9733846783638,-1.7682044506072998
1788893124432847600,22.34584765625,1.3434306383132935,-1.055543065071106,-1.6773908138275146
1788893124442862300,22.3558623046875,1.2108052968978882,-1.1126679182052612,-1.5659375190734863
1788893124452884500,22.365884521484375,1.0639320611953735,-1.1446257829666138,-1.4417011737823486
1788893124462913500,22.37591357421875,0.9048082828521729,-1.1514167785644531,-1.3179974555969238
1788893124472949500,22.385949462890625,0.760331928730011,-1.1371688842773438,-1.196690559387207
1788893124482990600,22.395990478515625,0.6391581892967224,-1.094025731086731,-1.0969551801681519
1788893124493036500,22.40603662109375,0.5336970686912537,-1.0283788442611694,-1.0313084125518799
1788893124503085600,22.41608544921875,0.45606598258018494,-0.9282441139221191,-0.9981520175933838
1788893124513137000,22.426136962890624,0.4113249182701111,-0.8070703744888306,-1.0088046789169312
1788893124523189000,22.43618896484375,0.40346860885620117,-0.7119956016540527,-1.0651304721832275
1788893124533236500,22.446236572265626,0.4173170328140259,-0.6819018721580505,-1.1510173082351685
1788893124543257900,22.4562578125,0.4480765163898468,-0.6840324401855469,-1.2424968481063843
1788893124553257200,22.46625732421875,0.4937497079372406,-0.7161234617233276,-1.3242558240890503
1788893124563258600,22.476258544921876,0.5447492003440857,-0.7873629927635193,-1.3928321599960327
1788893124573261800,22.48626171875,0.5960150361061096,-0.879375159740448,-1.446761131286621
1788893124583268000,22.49626806640625,0.6410223841667175,-0.9948230981826782,-1.490836501121521
1788893124593277700,22.506277587890626,0.6772413849830627,-1.1514167785644531,-1.5129406452178955
1788893124603291100,22.516291015625,0.7147918939590454,-1.306412696838379,-1.5105438232421875
1788893124613308200,22.52630810546875,0.7430213689804077,-1.4053490161895752,-1.4823143482208252
1788893124623329000,22.5363291015625,0.7779088020324707,-1.4370406866073608,-1.4234585762023926
1788893124633353500,22.546353515625,0.8113313913345337,-1.4259885549545288,-1.3391695022583008
1788893124643381500,22.556381591796875,0.828641951084137,-1.4271869659423828,-1.2257189750671387
1788893124653412400,22.566412353515624,0.8239814043045044,-1.4160016775131226,-1.0797778367996216
1788893124663445800,22.57644580078125,0.7820366621017456,-1.3808480501174927,-0.8912261724472046
1788893124673481000,22.58648095703125,0.6937529444694519,-1.3262531757354736,-0.6838992834091187
1788893124683517700,22.596517578125,0.565654993057251,-1.2556794881820679,-0.48149916529655457
1788893124693555200,22.60655517578125,0.4223770201206207,-1.190964698791504,-0.2998717129230499
1788893124703636000,22.616635986328124,0.2599243223667145,-1.1424952745437622,-0.16844481229782104
1788893124713618200,22.6266181640625,0.09387636184692383,-1.1084067821502686,-0.11624689400196075
1788893124723601400,22.636601318359375,-0.030493171885609627,-1.0981537103652954,-0.14500901103019714
1788893124733587700,22.646587646484374,-0.11398320645093918,-1.0852373838424683,-0.24394537508487701
1788893124743578000,22.656578125,-0.138217955827713,-1.0587389469146729,-0.4006722867488861
1788893124765590300,22.67859033203125,-0.032224226742982864,-0.9632646441459656,-0.8241145610809326
1788893124775588600,22.688588623046876,0.03914843872189522,-0.9291762113571167,-0.9455546140670776
1788893124785589000,22.698589111328126,0.18402428925037384,-0.8716519474983215,-1.1660642623901367
1788893124795591700,22.708591796875,0.3459443747997284,-0.8269109129905701,-1.3823127746582031
1788893124805598000,22.718597900390623,0.5025381445884705,-0.7992140650749207,-1.5751254558563232
1788893124815608000,22.728608154296875,0.6271739602088928,-0.7757782340049744,-1.7338497638702393
1788893124825622000,22.7386220703125,0.7113298177719116,-0.735298216342926,-1.8467676639556885
1788893124835640000,22.74864013671875,0.768854022026062,-0.6916224360466003,-1.9170750379562378
1788893124845662500,22.758662353515625,0.7997466921806335,-0.6468813419342041,-1.9596856832504272
1788893124855688700,22.768688720703125,0.814660370349884,-0.5978792309761047,-1.9895130395889282
1788893124865718800,22.77871875,0.827443540096283,-0.5265065431594849,-2.0065572261810303
1788893124875751700,22.788751708984375,0.8476835489273071,-0.416784405708313,-2.0065572261810303
1788893124885787100,22.798787109375,0.8860330581665039,-0.29640960693359375,-1.9991003274917603
1788893124895824400,22.808824462890627,0.9563404321670532,-0.21544957160949707,-1.9799256324768066
1788893124905863000,22.81886279296875,1.0426267385482788,-0.21758009493350983,-1.9415761232376099
1788893124915901400,22.8289013671875,1.1310436725616455,-0.3315632939338684,-1.869138240814209
1788893124925932300,22.838932373046877,1.1949595212936401,-0.48496127128601074,-1.734915018081665
1788893124935953400,22.848953369140624,1.2109384536743164,-0.651142418384552,-1.5207970142364502
1788893124945980000,22.85897998046875,1.1544795036315918,-0.8034750819206238,-1.2225232124328613
1788893124955996000,22.868995849609377,1.011734127998352,-0.885500431060791,-0.8550072312355042
1788893124966012000,22.879011962890626,0.8125298619270325,-0.8663256764411926,-0.447011262178421
1788893124976028400,22.8890283203125,0.5664539337158203,-0.7459508776664734,-0.030493171885609627
1788893124986045200,22.899045166015625,0.2937464416027069,-0.5637907981872559,0.3370227813720703
1788893124996063000,22.90906298828125,0.0007989477599039674,-0.3986749053001404,0.5894902944564819
1788893125006081500,22.91908154296875,-0.25912538170814514,-0.27723485231399536,0.7247787714004517
1788893125016100900,22.929100830078124,-0.46152547001838684,-0.2005358785390854,0.7705850601196289
1788893125026121200,22.939121337890626,-0.6191844940185547,-0.14514216780662537,0.7333008646965027
1788893125036142600,22.949142578125,-0.7321024537086487,-0.11318425834178925,0.6267744898796082
1788893125046164700,22.959164794921875,-0.7779088020324707,-0.10253162682056427,0.47657233476638794
1788893125056188000,22.96918798828125,-0.7406245470046997,-0.11638005077838898,0.3008038103580475
1788893125066211600,22.979211669921874,-0.6532729268074036,-0.11957584321498871,0.10799109935760498
1788893125076236000,22.989236083984373,-0.5456812977790833,-0.105727419257164,-0.08908267319202423
1788893125086260700,22.9992607421875,-0.4306328296661377,-0.08016108721494675,-0.2680469751358032
1788893125096285700,23.00928564453125,-0.3070622384548187,-0.026897907257080078,-0.4139880836009979
1788893125106310700,23.019310546875,-0.1952095627784729,0.04234423115849495,-0.5311670899391174
1788893125116335000,23.029335205078127,-0.10785794258117676,0.11797794699668884,-0.616388201713562
1788893125126356200,23.039356201171874,-0.04181159660220146,0.18722008168697357,-0.6739124059677124
1788893125136374800,23.049374755859375,0.007190529722720385,0.2522011697292328,-0.7122619152069092
1788893125146393600,23.0593935546875,0.04340949282050133,0.3118559420108795,-0.730371356010437
1788893125156412400,23.069412353515624,0.09028109163045883,0.3502054214477539,-0.7335671782493591
1788893125166431700,23.079431640625,0.16911059617996216,0.3459443747997284,-0.7388935089111328
1788893125176451600,23.08945166015625,0.3075948655605316,0.2564622163772583,-0.7442198395729065
1788893125186471700,23.0994716796875,0.49827706813812256,0.04980107396841049,-0.7069355845451355
1788893125196492500,23.109492431640625,0.7091992497444153,-0.28256118297576904,-0.5950828790664673
1788893125206513700,23.119513671875,0.8945551514625549,-0.6319676637649536,-0.39800912141799927
1788893125216535300,23.129535400390626,1.0032119750976562,-0.8929572701454163,-0.10080057382583618
1788893125226557200,23.13955712890625,0.9882983565330505,-1.023984670639038,0.2667153775691986
1788893125236579600,23.14957958984375,0.8231824636459351,-1.0346373319625854,0.6587324142456055
1788893125246602200,23.159602294921875,0.5185170769691467,-0.9131972789764404,1.0400967597961426
1788893125256625400,23.16962548828125,0.12330426275730133,-0.6841655969619751,1.3373053073883057
1788893125266648300,23.1796484375,-0.2985401451587677,-0.39015281200408936,1.4800506830215454
1788893125276671700,23.189671630859376,-0.6447508335113525,-0.11957584321498871,1.4907033443450928
1788893125286700300,23.1997001953125,-0.8737825155258179,0.019973693415522575,1.372459053993225
1788893125296716800,23.209716796875,-1.0037447214126587,0.03914843872189522,1.1562105417251587
1788893125306733600,23.219733642578124,-1.0112015008926392,-0.0034621069207787514,0.9037430286407471
1788893125316750600,23.22975048828125,-0.8950877785682678,-0.06418213248252869,0.6299703121185303
1788893125326768000,23.23976806640625,-0.7022750377655029,-0.2005358785390854,0.37324175238609314
1788893125336786200,23.2497861328125,-0.46578651666641235,-0.34860754013061523,0.17190691828727722
1788893125346805000,23.259804931640623,-0.22290641069412231,-0.4647212624549866,0.029161592945456505
1788893125356824800,23.269824951171874,0.002929474925622344,-0.492418110370636,-0.054994236677885056
1788893125366845200,23.27984521484375,0.17337165772914886,-0.4295675754547119,-0.08056056499481201
1788893125376866600,23.289866455078126,0.27244117856025696,-0.31984540820121765,-0.07949529588222504
1788893125386888400,23.299888427734373,0.3118559420108795,-0.1664474457502365,-0.08482161909341812
1788893125396911400,23.309911376953124,0.3022685647010803,0.003994738683104515,-0.10506162792444229
1788893125406934800,23.319934814453124,0.26285380125045776,0.1723063886165619,-0.14128059148788452
1788893125416958700,23.329958740234375,0.20319904386997223,0.3406180441379547,-0.1892174482345581
1788893125426983200,23.339983154296874,0.12330426275730133,0.5025381445884705,-0.2552638053894043
1788893125437007600,23.350007568359374,0.03914843872189522,0.6420876383781433,-0.33196279406547546
1788893125447032300,23.3600322265625,-0.03435475379228592,0.7656582593917847,-0.41824913024902344
1788893125457056300,23.37005615234375,-0.08016108721494675,0.8849677443504333,-0.5205144286155701
1788893125467077400,23.380077392578126,-0.08335687965154648,0.9701888561248779,-0.6344976425170898
1788893125477096000,23.390095947265625,-0.02263685315847397,0.9350351691246033,-0.7516766786575317
1788893125487114500,23.400114501953126,0.12117373943328857,0.7294392585754395,-0.8315714001655579
1788893125497133600,23.410133544921877,0.3225085735321045,0.3693801760673523,-0.8294408917427063
1788893125507153000,23.42015283203125,0.5227781534194946,-0.09400951862335205,-0.7154576778411865
1788893125517172700,23.4301728515625,0.6708498001098633,-0.5318328738212585,-0.4768386483192444
1788893125527192800,23.44019287109375,0.7219824194908142,-0.856738269329071,-0.13062795996665955
1788893125537213400,23.45021337890625,0.6655234694480896,-1.0452899932861328,0.30719539523124695
1788893125547234600,23.460234619140625,0.4769718050956726,-1.09109628200531,0.7940208911895752
1788893125557256200,23.470256103515624,0.15845796465873718,-1.012266755104065,1.2424968481063843
1788893125567278300,23.4802783203125,-0.2143843024969101,-0.839694082736969,1.5386401414871216
1788893125577300700,23.49030078125,-0.5510076284408569,-0.6202497482299805,1.6568844318389893
1788893125587323600,23.50032373046875,-0.8205193281173706,-0.3922833502292633,1.6345138549804688
1788893125597346600,23.5103466796875,-1.023984670639038,-0.16005586087703705,1.4960296154022217
1788893125607369700,23.52036962890625,-1.1305110454559326,0.04554001986980438,1.2872380018234253
1788893125617393000,23.530392822265625,-1.0921615362167358,0.24154852330684662,1.0219873189926147
1788893125627421700,23.540421630859374,-0.9462204575538635,0.4205128252506256,0.6885597705841064
1788893125637438000,23.55043798828125,-0.748081386089325,0.5291697382926941,0.31252172589302063
1788893125647454500,23.560454345703125,-0.5233107805252075,0.5845634341239929,-0.05712476372718811
1788893125657471500,23.570471435546875,-0.31132328510284424,0.6037381887435913,-0.38096490502357483
1788893125667488800,23.58048876953125,-0.13129374384880066,0.6079992055892944,-0.6440850496292114
1788893125677506800,23.5905068359375,0.010386320762336254,0.6133255362510681,-0.843289315700531
1788893125687525600,23.600525634765624,0.09986846894025803,0.6271739602088928,-0.9956220388412476
1788893125697545200,23.610545166015626,0.15206637978553772,0.6761760711669922,-1.102148413658142
1788893125707565600,23.620565673828125,0.17869797348976135,0.7475487589836121,-1.1681947708129883
1788893125717587000,23.6305869140625,0.17763271927833557,0.8008119463920593,-1.1926958560943604
1788893125727608800,23.64060888671875,0.17550218105316162,0.8114646077156067,-1.1831084489822388
1788893125737631700,23.6506318359375,0.18402428925037384,0.7624624371528625,-1.1415631771087646
1788893125747655200,23.6606552734375,0.21065588295459747,0.6516750454902649,-1.0755168199539185
1788893125757679000,23.67067919921875,0.25007063150405884,0.4865591824054718,-0.9796430468559265
1788893125767703600,23.68070361328125,0.3033338189125061,0.25433170795440674,-0.8454198837280273
1788893125777728300,23.690728271484375,0.3779022693634033,-0.016245270147919655,-0.6589987277984619
1788893125787753000,23.7007529296875,0.450340211391449,-0.25060325860977173,-0.4150533378124237
1788893125797777400,23.71077734375,0.49934232234954834,-0.3688475489616394,-0.11571425944566727
1788893125807798800,23.720798828125,0.517451822757721,-0.36778226494789124,0.21664799749851227
1788893125817817000,23.730817138671874,0.48442864418029785,-0.23036326467990875,0.5713807940483093
1788893125827836000,23.7408359375,0.3683148920536041,0.07110634446144104,0.9346356987953186
1788893125837854700,23.750854736328126,0.13076111674308777,0.41838228702545166,1.239301085472107
1788893125847874000,23.7608740234375,-0.20373167097568512,0.7209171652793884,1.4257222414016724
1788893125857894000,23.770893798828126,-0.5510076284408569,0.9627320170402527,1.5056170225143433
1788893125867914000,23.7809140625,-0.8812393546104431,1.1235867738723755,1.5045517683029175
1788893125877934800,23.790934814453124,-1.1699258089065552,1.217329978942871,1.427852749824524
1788893125887956000,23.8009560546875,-1.3925658464431763,1.3036164045333862,1.2819116115570068
1788893125897977600,23.8109775390625,-1.5150712728500366,1.3355742692947388,1.0976210832595825
1788893125907999500,23.82099951171875,-1.5331807136535645,1.274854302406311,0.908004105091095
1788893125918022100,23.831022216796875,-1.4554164409637451,1.2013510465621948,0.727974534034729
1788893125928044800,23.841044921875,-1.3211932182312012,1.1395658254623413,0.560728132724762
1788893125938068000,23.85106787109375,-1.1422289609909058,1.0607362985610962,0.4424838721752167
1788893125948091100,23.861091064453124,-0.9206541180610657,0.9680583477020264,0.3892207145690918
1788893125958114300,23.8711142578125,-0.689491868019104,0.8913593292236328,0.38282912969589233
1788893125968143000,23.88114306640625,-0.47417548298835754,0.8380961418151855,0.41172438859939575
1788893125978159400,23.891159423828125,-0.2973417043685913,0.8008119463920593,0.4703139066696167
1788893125988176000,23.90117578125,-0.16951008141040802,0.7784414291381836,0.5480781197547913
1788893125998192600,23.911192626953124,-0.09707214683294296,0.7677887678146362,0.6311687231063843
1788893126008210200,23.921210205078125,-0.0715058222413063,0.7784414291381836,0.7014760971069336
1788893126018228200,23.931228271484375,-0.08641951531171799,0.8029424548149109,0.7558045387268066
1788893126028246800,23.941246826171874,-0.1375521719455719,0.835965633392334,0.7973498106002808
1788893126038266400,23.951266357421876,-0.2035985141992569,0.8700540661811829,0.8282424807548523
1788893126048287000,23.961286865234374,-0.28455856442451477,0.9020119905471802,0.8548740744590759
1788893126058308000,23.97130810546875,-0.35593122243881226,0.9478183388710022,0.879375159740448
1788893126068330200,23.981330322265624,-0.4017375409603119,1.0170605182647705,0.8942888379096985
1788893126078353200,23.991353271484375,-0.42304283380508423,1.0948246717453003,0.8942888379096985
1788893126088376600,24.00137646484375,-0.40706387162208557,1.153414249420166,0.8868319988250732
1788893126098400500,24.011400390625,-0.3442133069038391,1.1598057746887207,0.8815056681632996
1788893126108424700,24.0214248046875,-0.24940484762191772,1.1054773330688477,0.8900277614593506
1788893126118449400,24.031449462890624,-0.14820480346679688,0.9531446695327759,0.9305077791213989
1788893126128474000,24.04147412109375,-0.048070020973682404,0.7091992497444153,1.0231857299804688
1788893126138498800,24.051498779296875,0.01904158666729927,0.4205128252506256,1.1883015632629395
1788893126148520200,24.061520263671873,0.004127896390855312,0.15526217222213745,1.4311816692352295
1788893126158541300,24.071541259765624,-0.09920267760753632,-0.048203181475400925,1.7294554710388184
1788893126168559900,24.081559814453126,-0.28029748797416687,-0.1898832470178604,2.0426430702209473
1788893126178578400,24.091578369140624,-0.5146554708480835,-0.27830013632774353,2.3291988372802734
1788893126188597500,24.101597412109374,-0.7831019163131714,-0.31451907753944397,2.5475780963897705
1788893126198616800,24.111616943359376,-1.0313084125518799,-0.3028011918067932,2.664757013320923
1788893126208636400,24.121636474609375,-1.2358390092849731,-0.22610220313072205,2.683931827545166
1788893126218656800,24.13165673828125,-1.392432689666748,-0.09720530360937119,2.61042857170105
1788893126228677400,24.141677490234375,-1.4755233526229858,0.05299686640501022,2.454900026321411
1788893126238698500,24.151698486328126,-1.4776538610458374,0.20532956719398499,2.23225998878479
1788893126248720100,24.16172021484375,-1.4094769954681396,0.35659700632095337,1.964878797531128
1788893126258742300,24.1717421875,-1.2869716882705688,0.48868969082832336,1.6708660125732422
1788893126268764700,24.1817646484375,-1.1229209899902344,0.6048034429550171,1.3512868881225586
1788893126278787300,24.191787353515625,-0.9375651478767395,0.7081339955329895,1.0242509841918945
1788893126288810500,24.201810546875,-0.7564703226089478,0.790159285068512,0.7004108428955078
1788893126298833700,24.211833740234376,-0.582832396030426,0.8508793115615845,0.38828858733177185
1788893126308856800,24.22185693359375,-0.4145207107067108,0.890294075012207,0.09214530140161514
1788893126318885600,24.2318857421875,-0.2643185555934906,0.9190561771392822,-0.1837579756975174
1788893126328902000,24.24190185546875,-0.13435637950897217,0.9467530846595764,-0.43409493565559387
1788893126338918700,24.251918701171874,-0.022503694519400597,0.9840372800827026,-0.6567350625991821
1788893126348935400,24.261935302734376,0.07976161688566208,1.0106688737869263,-0.8495477437973022
1788893126358953000,24.271952880859374,0.18309219181537628,1.0127993822097778,-1.0157288312911987
1788893126368971000,24.281970947265624,0.3002711832523346,0.9872331023216248,-1.1446257829666138
1788893126378989800,24.29198974609375,0.45260387659072876,0.9211867451667786,-1.2287815809249878
1788893126389009400,24.302009521484376,0.64009028673172,0.8157256245613098,-1.2490216493606567
1788893126399029800,24.31202978515625,0.8392946124076843,0.6399571299552917,-1.1968237161636353
1788893126409051100,24.322051025390625,1.0321073532104492,0.4162517786026001,-1.056208848953247
1788893126419073000,24.332072998046876,1.18976628780365,0.18189376592636108,-0.8197203874588013
1788893126429096000,24.342095947265626,1.268595814704895,-0.02263685315847397,-0.5054675936698914
1788893126439119400,24.352119384765626,1.246225357055664,-0.17816534638404846,-0.1315600574016571
1788893126449143000,24.36214306640625,1.1077409982681274,-0.2857569754123688,0.27110961079597473
1788893126459167500,24.37216748046875,0.8680567145347595,-0.36778226494789124,0.6578003168106079
1788893126469192000,24.38219189453125,0.5484775900840759,-0.43808966875076294,0.9795098900794983
1788893126479216600,24.392216552734375,0.18309219181537628,-0.500940203666687,1.2096068859100342
1788893126489238800,24.40223876953125,-0.16418376564979553,-0.5254412889480591,1.366200566291809
1788893126499260700,24.4122607421875,-0.46991443634033203,-0.5201149582862854,1.4503564834594727
1788893126509288200,24.4222880859375,-0.7074682116508484,-0.4902876019477844,1.4546175003051758
1788893126519305200,24.43230517578125,-0.8534093499183655,-0.4316980838775635,1.3970932960510254
1788893126529322200,24.442322265625,-0.9013462066650391,-0.38589176535606384,1.307611107826233
1788893126539339500,24.452339599609374,-0.8704535365104675,-0.37736964225769043,1.2074763774871826
1788893126549357600,24.462357666015624,-0.7788408994674683,-0.39015281200408936,1.0924278497695923
1788893126559376000,24.4723759765625,-0.6552702784538269,-0.4029359817504883,0.9667267799377441
1788893126569395000,24.48239501953125,-0.5199818015098572,-0.4263717830181122,0.8367645740509033
1788893126579414800,24.492414794921874,-0.39428070187568665,-0.43276336789131165,0.7025413513183594
1788893126589435400,24.502435302734376,-0.2941459119319916,-0.38163068890571594,0.561926543712616
1788893126599456800,24.512456787109375,-0.23555642366409302,-0.2601906359195709,0.40639808773994446
1788893126609478700,24.522478759765626,-0.2227732539176941,-0.08655267208814621,0.23382537066936493
1788893126619501300,24.532501220703125,-0.2408827394247055,0.1009337306022644,0.04740423336625099
1788893126629524500,24.5425244140625,-0.2792322337627411,0.2937464416027069,-0.14966954290866852
1788893126639548200,24.552548095703123,-0.3261038362979889,0.5089297294616699,-0.3520696461200714
1788893126649572000,24.562572021484375,-0.3761712312698364,0.7294392585754395,-0.561926543712616
1788893126659596300,24.57259619140625,-0.4102596640586853,0.936100423336029,-0.7717835307121277
1788893126669620700,24.582620849609373,-0.43156492710113525,1.1203910112380981,-0.9752488732337952
1788893126679644700,24.592644775390625,-0.4390217661857605,1.284441590309143,-1.1616699695587158
1788893126689665800,24.602665771484375,-0.41771650314331055,1.4197300672531128,-1.3342427015304565
1788893126699684400,24.612684326171873,-0.36977964639663696,1.4974943399429321,-1.487640619277954
1788893126709703200,24.622703125,-0.2973417043685913,1.5166691541671753,-1.6080154180526733
1788893126719722000,24.632721923828125,-0.1897500902414322,1.4847111701965332,-1.6729965209960938
1788893126729741300,24.6427412109375,-0.03741738572716713,1.3941638469696045,-1.676192283630371
1788893126739761200,24.65276123046875,0.15965639054775238,1.217329978942871,-1.6101460456848145
1788893126749781500,24.662781494140624,0.40147122740745544,0.9318393468856812,-1.470596432685852
1788893126759802000,24.672802001953126,0.6667218804359436,0.5323655009269714,-1.252217411994934
1788893126769823500,24.682823486328125,0.9000146389007568,0.056192658841609955,-0.9379646182060242
1788893126779845000,24.69284521484375,1.0566083192825317,-0.4348938763141632,-0.5299686789512634
1788893126789867300,24.7028671875,1.1013494729995728,-0.8588688373565674,-0.04314317926764488
1788893126799889700,24.7128896484375,1.001214623451233,-1.1528816223144531,0.49055391550064087
1788893126809912300,24.722912353515625,0.7647261619567871,-1.3073447942733765,1.0178594589233398
1788893126819935500,24.732935546875,0.43769019842147827,-1.3105405569076538,1.4769880771636963
1788893126829958700,24.742958740234375,0.05952160432934761,-1.1986879110336304,1.823198676109314
1788893126839981800,24.75298193359375,-0.3538006842136383,-0.9760478138923645,2.0458388328552246
1788893126850010400,24.76301025390625,-0.7245124578475952,-0.6639255881309509,2.161952495574951
1788893126860026600,24.773026611328124,-1.0323736667633057,-0.32943278551101685,2.1864535808563232
1788893126870043000,24.78304296875,-1.2507526874542236,-0.016245270147919655,2.1257336139678955
1788893126880059600,24.7930595703125,-1.3689969778060913,0.27350643277168274,1.9979019165039062
1788893126890077000,24.803076904296876,-1.3839106559753418,0.5696497559547424,1.8125461339950562
1788893126900095000,24.813094970703126,-1.3359737396240234,0.8370308876037598,1.5941669940948486
1788893126910113500,24.823113525390625,-1.2273168563842773,1.0426267385482788,1.3725922107696533
1788893126920133000,24.833133056640627,-1.065396785736084,1.213068962097168,1.136103630065918
1788893126930153500,24.843153564453125,-0.8885630369186401,1.347292184829712,0.8921582698822021
1788893126940174800,24.8531748046875,-0.6850976943969727,1.438904881477356,0.6844319105148315
1788893126950197000,24.863197021484375,-0.48376286029815674,1.4921680688858032,0.5139896869659424
1788893126960220000,24.873219970703126,-0.27177539467811584,1.5315828323364258,0.38296228647232056
1788893126970243600,24.88324365234375,-0.05339634045958519,1.5582144260406494,0.28495803475379944
1788893126980267500,24.893267578125,0.1394163817167282,1.540104866027832,0.21465063095092773
1788893126990292200,24.903292236328124,0.308793306350708,1.431447982788086,0.17523586750030518
1788893127000317000,24.91331689453125,0.44834282994270325,1.233309030532837,0.17523586750030518
1788893127010342000,24.923341796875,0.514389157295227,0.9904288649559021,0.23382537066936493
1788893127020366000,24.933365966796874,0.48030075430870056,0.7741803526878357,0.3669833242893219
1788893127030387500,24.943387451171876,0.35033857822418213,0.6282392144203186,0.5651223659515381
1788893127040408600,24.95340869140625,0.12663321197032928,0.5494097471237183,0.8165245652198792
1788893127050427100,24.96342724609375,-0.19081534445285797,0.5195823311805725,1.1169289350509644
1788893127060445700,24.97344580078125,-0.5700492262840271,0.5834981799125671,1.4524869918823242
1788893127070464800,24.98346484375,-0.9620662331581116,0.7752456068992615,1.7901755571365356
1788893127080484000,24.993484130859375,-1.3199948072433472,1.0607362985610962,2.083122968673706
1788893127090504000,25.00350390625,-1.6097465753555298,1.3483574390411377,2.2897841930389404
1788893127100524300,25.013524169921876,-1.7855150699615479,1.5752586126327515,2.415485382080078
1788893127110545000,25.023544921875,-1.8728666305541992,1.7297217845916748,2.46022629737854
1788893127120566000,25.03356591796875,-1.8856498003005981,1.8415745496749878,2.4272031784057617
1788893127130588000,25.043587890625,-1.827060341835022,1.9449050426483154,2.331329584121704
1788893127140609800,25.05360986328125,-1.7130770683288574,2.0301260948181152,2.1747357845306396
1788893127150632400,25.063632568359374,-1.5490264892578125,2.0642147064208984,1.9744662046432495
1788893127160655000,25.073655029296877,-1.3466264009475708,2.037583112716675,1.7550218105316162
1788893127170678000,25.083677978515624,-1.1357041597366333,1.9768630266189575,1.5355775356292725
1788893127180701200,25.093701171875,-0.9237167239189148,1.9140124320983887,1.3374384641647339
1788893127190724600,25.103724609375,-0.7181208729743958,1.8564882278442383,1.1744531393051147
1788893127200753200,25.113753173828126,-0.5348954796791077,1.8106818199157715,1.0508825778961182
1788893127210769400,25.123769287109376,-0.39428070187568665,1.7765934467315674,0.9614004492759705
1788893127220785700,25.13378564453125,-0.28668907284736633,1.7584840059280396,0.9081372618675232
1788893127230802400,25.143802490234375,-0.20253324508666992,1.741439700126648,0.879375159740448
1788893127240819700,25.15381982421875,-0.13861742615699768,1.7211997509002686,0.8708530068397522
1788893127250837500,25.16383740234375,-0.08961530029773712,1.6956334114074707,0.8825709223747253
1788893127260856300,25.173856201171876,-0.04061317816376686,1.6476964950561523,0.9102677702903748
1788893127270876000,25.1838759765625,0.022237379103899002,1.5933680534362793,0.9624657034873962
1788893127280896300,25.193896240234373,0.0978710949420929,1.5507575273513794,1.0487520694732666
1788893127290917600,25.203917724609376,0.17030902206897736,1.5209301710128784,1.1638004779815674
1788893127300939800,25.213939697265626,0.23315958678722382,1.4666017293930054,1.3001543283462524
1788893127310962700,25.223962646484374,0.2810964286327362,1.3611406087875366,1.4492912292480469
1788893127320986000,25.233986083984377,0.3002711832523346,1.2269173860549927,1.5984281301498413
1788893127331010300,25.24401025390625,0.2853575050830841,1.0692583322525024,1.743303894996643
1788893127341034800,25.25403466796875,0.2342248409986496,0.8828372359275818,1.867939829826355
1788893127351059700,25.264059814453127,0.14793848991394043,0.6655234694480896,1.9606177806854248
1788893127361084400,25.27408447265625,0.0318247526884079,0.4258391261100769,2.0224030017852783
1788893127371108900,25.28410888671875,-0.10879004746675491,0.18508955836296082,2.058621883392334
1788893127381130000,25.2941298828125,-0.26112276315689087,-0.04287686198949814,2.073535680770874
1788893127391148500,25.3041484375,-0.4091944098472595,-0.24953800439834595,2.068209409713745
1788893127401167400,25.31416748046875,-0.5306344628334045,-0.4306328296661377,2.0511651039123535
1788893127411186200,25.324186279296875,-0.6201165914535522,-0.5797697305679321,2.0415778160095215
1788893127421205500,25.33420556640625,-0.6808366179466248,-0.6788392663002014,2.0458388328552246
1788893127431225300,25.344225341796875,-0.7223818898200989,-0.7193192839622498,2.058621883392334
1788893127441245400,25.354245361328125,-0.7649924755096436,-0.6948181986808777,2.068209409713745
1788893127451266300,25.364266357421876,-0.8022766709327698,-0.5957486629486084,2.0564913749694824
1788893127461287400,25.374287353515626,-0.8331693410873413,-0.4348938763141632,2.0106852054595947
1788893127471309000,25.38430908203125,-0.892824113368988,-0.24421168863773346,1.9126808643341064
1788893127481331000,25.3943310546875,-0.9652619957923889,-0.04607265070080757,1.7614134550094604
1788893127491353300,25.404353271484375,-1.0291777849197388,0.14247901737689972,1.5611438751220703
1788893127501376300,25.414376220703126,-1.0909631252288818,0.28735485672950745,1.3161332607269287
1788893127511399200,25.424399169921877,-1.157009482383728,0.39068543910980225,1.0476868152618408
1788893127521422300,25.43442236328125,-1.2124031782150269,0.4577970504760742,0.7781751155853271
1788893127531445800,25.44444580078125,-1.2454262971878052,0.4918854832649231,0.5225118398666382
1788893127541474300,25.454474365234375,-1.253948450088501,0.5110602378845215,0.28921908140182495
1788893127551490800,25.46449072265625,-1.2401000261306763,0.5408875942230225,0.08149266988039017
1788893127561507300,25.47450732421875,-1.199620008468628,0.5909550189971924,-0.0985368862748146
1788893127571524400,25.4845244140625,-1.1357041597366333,0.6548708081245422,-0.24767379462718964
1788893127581541600,25.494541748046874,-1.0558093786239624,0.7337003350257874,-0.35526543855667114
1788893127591560000,25.504559814453124,-0.9695230722427368,0.8295740485191345,-0.4383559823036194
1788893127601578800,25.514578857421874,-0.8800409436225891,0.9350351691246033,-0.5065328478813171
1788893127611598300,25.524598388671876,-0.7937545776367188,1.0362352132797241,-0.5651223659515381
1788893127621618700,25.53461865234375,-0.7138597965240479,1.1235867738723755,-0.6119939684867859
1788893127631639800,25.544639892578125,-0.6488786935806274,1.1906983852386475,-0.6407560706138611
1788893127641662000,25.554661865234376,-0.5924197435379028,1.2407658100128174,-0.6567350625991821
1788893127651684600,25.5646845703125,-0.5434176325798035,1.2705931663513184,-0.6641919016838074
1788893127661708000,25.5747080078125,-0.4986765384674072,1.2791153192520142,-0.6631265878677368
1788893127671732000,25.58473193359375,-0.4486091434955597,1.262071132659912,-0.6524739861488342
1788893127681756200,25.594756103515625,-0.3921501636505127,1.2194606065750122,-0.6418213248252869
1788893127691780900,25.60478076171875,-0.3388870060443878,1.1672626733779907,-0.6290381550788879
1788893127701805600,25.6148056640625,-0.28988486528396606,1.1310436725616455,-0.6194508075714111
1788893127711827500,25.624827392578126,-0.24194800853729248,1.111868977546692,-0.623711884021759
1788893127721849600,25.634849609375,-0.20892482995986938,1.086302638053894,-0.6578003168106079
1788893127731877000,25.644877197265625,-0.1748363971710205,1.0522141456604004,-0.7217161059379578
1788893127741894000,25.654893798828127,-0.13968269526958466,0.9893636107444763,-0.8048067092895508
1788893127751911000,25.664910888671876,-0.11731215566396713,0.881771981716156,-0.9060067534446716
1788893127761928200,25.67492822265625,-0.1332911103963852,0.7827024459838867,-1.0285120010375977
1788893127771946000,25.684946044921876,-0.1759016513824463,0.7315698266029358,-1.1542131900787354
1788893127781964500,25.694964599609374,-0.21851220726966858,0.7251782417297363,-1.2884364128112793
1788893127791983600,25.704983642578124,-0.25260064005851746,0.7443529963493347,-1.440769076347351
1788893127802003200,25.715003173828126,-0.2792322337627411,0.7848330140113831,-1.5984281301498413
1788893127812023800,25.72502392578125,-0.2930806577205658,0.8636624813079834,-1.7496955394744873
1788893127822045200,25.735045166015624,-0.2973417043685913,0.9595362544059753,-1.8817882537841797
1788893127832067000,25.745067138671875,-0.2877543270587921,1.0159951448440552,-1.9915103912353516
1788893127842089700,25.75508984375,-0.2557964324951172,1.0042773485183716,-2.0746009349823
1788893127852113000,25.76511279296875,-0.2131858915090561,0.9414267539978027,-2.118276834487915
1788893127862136600,25.775136474609376,-0.17270587384700775,0.8572708964347839,-2.1161463260650635
1788893127872160800,25.785160888671875,-0.13435637950897217,0.7645930051803589,-2.0671441555023193
1788893127882185000,25.79518505859375,-0.10772478580474854,0.6740455627441406,-1.9883146286010742
1788893127892209400,25.80520947265625,-0.08961530029773712,0.5824328660964966,-1.892440915107727
1788893127902233300,25.8152333984375,-0.05339634045958519,0.48868969082832336,-1.7656744718551636
1788893127912254500,25.82525439453125,-0.009720530360937119,0.39494648575782776,-1.6016238927841187
1788893127922275800,25.83527587890625,0.028628960251808167,0.31611698865890503,-1.40348482131958
1788893127932294100,25.845294189453124,0.07550056278705597,0.2564622163772583,-1.1701921224594116
1788893127942313000,25.85531298828125,0.14580796658992767,0.22450430691242218,-0.8996151685714722
1788893127952332000,25.86533203125,0.23955115675926208,0.22983063757419586,-0.5981455445289612
1788893127962351000,25.87535107421875,0.3567301630973816,0.25326642394065857,-0.276435911655426
1788893127972371000,25.885370849609377,0.5048018097877502,0.2564622163772583,0.05592634156346321
1788893127982391300,25.895391357421875,0.6667218804359436,0.1861548274755478,0.3989412188529968
1788893127992412000,25.905411865234374,0.8275766968727112,0.0018642114009708166,0.7515435218811035
1788893128002433000,25.91543310546875,0.9692567586898804,-0.29747486114501953,1.1286468505859375
1788893128012454700,25.92545458984375,1.0523473024368286,-0.6916224360466003,1.5526217222213745
1788893128022476500,25.9354765625,1.020389437675476,-1.0932267904281616,2.019207239151001
1788893128032499200,25.945499267578125,0.853143036365509,-1.359542727470398,2.5124242305755615
1788893128042521900,25.95552197265625,0.5463470816612244,-1.4181321859359741,3.0035109519958496
1788893128052544800,25.965544677734375,0.12343742698431015,-1.2977573871612549,3.453052043914795
1788893128062568000,25.97556787109375,-0.3644533157348633,-1.0410288572311401,3.8173723220825195
1788893128072591400,25.98559130859375,-0.8448871970176697,-0.6926876902580261,4.041077613830566
1788893128082620000,25.995619873046873,-1.2603400945663452,-0.3464770019054413,4.144408226013184
1788893128092636400,26.005636474609375,-1.6001591682434082,-0.07163897901773453,4.16038703918457
1788893128102653000,26.01565283203125,-1.8526266813278198,0.14674006402492523,4.1145806312561035
1788893128112669700,26.025669677734374,-2.0102856159210205,0.28202855587005615,4.028294563293457
1788893128122687200,26.035687255859376,-2.0955066680908203,0.3086601495742798,3.9260292053222656
1788893128132705300,26.045705322265626,-2.1146814823150635,0.27776750922203064,3.819502830505371
1788893128142723800,26.055723876953124,-2.081658363342285,0.23835274577140808,3.710845947265625
1788893128152743400,26.065743408203126,-2.022003650665283,0.19254639744758606,3.59686279296875
1788893128162764000,26.075763916015624,-1.923999309539795,0.13289164006710052,3.4914016723632812
1788893128172785200,26.08578515625,-1.7972328662872314,0.05832318589091301,3.388071060180664
1788893128182807300,26.095807373046874,-1.6438349485397339,0.0007989477599039674,3.2708919048309326
1788893128192830200,26.105830322265625,-1.462740182876587,0.003994738683104515,3.1185593605041504
1788893128202853600,26.115853515625,-1.2528831958770752,0.0679105594754219,2.9150938987731934
1788893128212877600,26.125877685546875,-1.0078725814819336,0.13289164006710052,2.655169725418091
1788893128222901800,26.13590185546875,-0.7191861271858215,0.12543480098247528,2.3483736515045166
1788893128232926500,26.145926513671874,-0.3729754388332367,0.021038956940174103,1.9915103912353516
1788893128242951200,26.155951171875,-0.016112113371491432,-0.19414429366588593,1.5984281301498413
1788893128252975900,26.165975830078125,0.3045322299003601,-0.5073317885398865,1.2341079711914062
1788893128262997000,26.1759970703125,0.5783050060272217,-0.7981488108634949,0.9432909488677979
1788893128273015600,26.186015625,0.7892271876335144,-0.969656229019165,0.757935106754303
1788893128283034000,26.1960341796875,0.8755135536193848,-1.0335720777511597,0.6567350625991821
1788893128293053200,26.20605322265625,0.8030756115913391,-0.990961492061615,0.6002760529518127
1788893128303072500,26.216072509765624,0.6049365997314453,-0.8088014125823975,0.5661876201629639
1788893128313092000,26.226092041015626,0.3141196072101593,-0.47537389397621155,0.5715139508247375
1788893128323112400,26.236112548828125,-0.047004759311676025,-0.04181159660220146,0.5842971205711365
1788893128333133000,26.246133056640623,-0.44115230441093445,0.38109806180000305,0.5171855092048645
1788893128343154200,26.256154296875,-0.7894935011863708,0.7241129875183105,0.3339601457118988
1788893128353175800,26.26617578125,-1.0568746328353882,0.9755151867866516,0.07829687744379044
1788893128363198000,26.276197998046875,-1.248622179031372,1.1747194528579712,-0.20080219209194183
1788893128373220400,26.286220458984374,-1.3711274862289429,1.334509015083313,-0.47670549154281616
1788893128383243000,26.296242919921873,-1.4275864362716675,1.4474269151687622,-0.7313035130500793
1788893128393266200,26.30626611328125,-1.407346487045288,1.5187996625900269,-0.9624657034873962
1788893128403289300,26.316289306640623,-1.3274517059326172,1.5369091033935547,-1.1669963598251343
1788893128413312500,26.3263125,-1.2049462795257568,1.5209301710128784,-1.3331774473190308
1788893128423341300,26.33634130859375,-1.0558093786239624,1.5038859844207764,-1.4375733137130737
1788893128433357600,26.346357666015624,-0.876845121383667,1.485776424407959,-1.4791185855865479
1788893128443374000,26.3563740234375,-0.6829671263694763,1.48045015335083,-1.4695311784744263
1788893128453390800,26.366390869140623,-0.491219699382782,1.4793848991394043,-1.4269206523895264
1788893128463408000,26.376408203125,-0.302668035030365,1.455949068069458,-1.3715269565582275
1788893128473426200,26.38642626953125,-0.11944268643856049,1.384576439857483,-1.315068006515503
1788893128483444700,26.39644482421875,0.04460791498422623,1.2514184713363647,-1.244760513305664
1788893128493464300,26.40646435546875,0.1873532384634018,1.0735194683074951,-1.138234257698059
1788893128503484700,26.416484619140626,0.30772802233695984,0.8721846342086792,-0.9816404581069946
1788893128513505800,26.426505859375,0.4217112362384796,0.6623276472091675,-0.787762463092804
1788893128523528000,26.43652783203125,0.5229113101959229,0.43329599499702454,-0.5661876201629639
1788893128533550800,26.44655078125,0.5974797606468201,0.21172115206718445,-0.3062632977962494
1788893128543574300,26.45657421875,0.6251766085624695,0.07536740601062775,-0.004793686326593161
1788893128553598200,26.46659814453125,0.5900229215621948,0.03914843872189522,0.31798118352890015
1788893128563622700,26.47662255859375,0.4824312627315521,0.09773793816566467,0.6130592226982117
1788893128573647400,26.4866474609375,0.33862069249153137,0.18935060501098633,0.8399603962898254
1788893128583672000,26.496672119140626,0.1681784987449646,0.280963271856308,0.9805752038955688
1788893128593696800,26.50669677734375,-0.018242640420794487,0.31931278109550476,1.034903645515442
1788893128603718100,26.51671826171875,-0.20466378331184387,0.2884201407432556,1.0242509841918945
1788893128613736400,26.526736328125,-0.3527354300022125,0.21278640627861023,0.9699225425720215
1788893128623755300,26.53675537109375,-0.434760719537735,0.09773793816566467,0.887897253036499
1788893128633774000,26.546774169921875,-0.44541335105895996,-0.0588558167219162,0.8016108870506287
1788893128643793400,26.55679345703125,-0.40812912583351135,-0.237820103764534,0.7526087760925293
1788893128653813200,26.566813232421875,-0.3452785909175873,-0.4199801981449127,0.7717835307121277
1788893128663833300,26.576833251953126,-0.2653838098049164,-0.5691171288490295,0.8399603962898254
1788893128673854200,26.586854248046876,-0.17270587384700775,-0.680969774723053,0.9305077791213989
1788893128683875300,26.596875244140627,-0.07576687633991241,-0.7640603184700012,1.0306426286697388
1788893128693897000,26.60689697265625,0.014780532568693161,-0.839694082736969,1.123320460319519
1788893128703918800,26.6169189453125,0.09361004084348679,-0.8897614479064941,1.1723226308822632
1788893128713941200,26.626941162109375,0.1543300747871399,-0.8897614479064941,1.1638004779815674
1788893128723964200,26.636964111328126,0.21185430884361267,-0.8556730151176453,1.0988194942474365
1788893128733987000,26.646987060546873,0.2757701277732849,-0.7992140650749207,0.9795098900794983
1788893128744010200,26.65701025390625,0.3428817391395569,-0.7076013684272766,0.8090677261352539
1788893128754033400,26.667033447265624,0.4185154438018799,-0.5787044763565063,0.5970802903175354
1788893128764062000,26.67706201171875,0.5048018097877502,-0.4157191216945648,0.3531349003314972
1788893128774078700,26.68707861328125,0.5953491926193237,-0.237820103764534,0.0942758321762085
1788893128784095500,26.697095458984375,0.6795050501823425,-0.03968106955289841,-0.1645832359790802
1788893128794112500,26.707112548828125,0.7636608481407166,0.17017586529254913,-0.4042675495147705
1788893128804130000,26.717130126953126,0.8510124683380127,0.3651190996170044,-0.6492781639099121
1788893128814148000,26.727148193359376,0.898949384689331,0.49401602149009705,-0.9060067534446716
1788893128824167200,26.737167236328126,0.9127978086471558,0.5653886795043945,-1.119059443473816
1788893128834186800,26.747186767578125,0.8797746300697327,0.5984118580818176,-1.2863059043884277
1788893128844207400,26.757207275390623,0.8147935271263123,0.6069339513778687,-1.4141374826431274
1788893128854228500,26.767228515625,0.7455514073371887,0.5845634341239929,-1.5068154335021973
1788893128864250600,26.777250732421876,0.6848313808441162,0.5249086618423462,-1.5611438751220703
1788893128874273300,26.787273193359376,0.6475471258163452,0.4577970504760742,-1.567535400390625
1788893128884296700,26.797296630859375,0.64009028673172,0.3928159773349762,-1.5259901285171509
1788893128894320400,26.8073203125,0.64009028673172,0.3320959508419037,-1.4301164150238037
1788893128904344600,26.817344482421873,0.6571345329284668,0.2884201407432556,-1.2724573612213135
1788893128914369000,26.827369140625,0.6848313808441162,0.25007063150405884,-1.0572742223739624
1788893128924393700,26.837393798828124,0.6922882199287415,0.2191779911518097,-0.8016108870506287
1788893128934418000,26.84741796875,0.6667218804359436,0.19254639744758606,-0.5182507634162903
1788893128944439000,26.85743896484375,0.6028060913085938,0.1627190262079239,-0.21465063095092773
1788893128954457600,26.86745751953125,0.48988813161849976,0.09241162240505219,0.09640636295080185
1788893128964476400,26.877476318359374,0.31625014543533325,-0.0492684431374073,0.38935387134552
1788893128974495200,26.8874951171875,0.09041424840688705,-0.23355905711650848,0.645017147064209
1788893128984514600,26.8975146484375,-0.17377112805843353,-0.4103928208351135,0.8655267357826233
1788893128994534400,26.907534423828125,-0.45073968172073364,-0.5488771200180054,1.0551435947418213
1788893129004554500,26.917554443359375,-0.7234471440315247,-0.6383592486381531,1.2138679027557373
1788893129014575400,26.927575439453125,-0.9801757335662842,-0.6639255881309509,1.3470258712768555
1788893129024596500,26.937596435546876,-1.1932284832000732,-0.6319676637649536,1.4524869918823242
1788893129034618000,26.9476181640625,-1.3487569093704224,-0.5616602301597595,1.5227943658828735
1788893129044640000,26.957639892578126,-1.4542180299758911,-0.45726442337036133,1.5526217222213745
1788893129054662400,26.967662353515625,-1.5085464715957642,-0.31878015398979187,1.5355775356292725
1788893129064685300,26.977685302734375,-1.5149379968643188,-0.15579481422901154,1.4844448566436768
1788893129074708200,26.987708251953126,-1.4733927249908447,0.016777902841567993,1.3960280418395996
1788893129084731400,26.9977314453125,-1.388171672821045,0.1765674501657486,1.2671310901641846
1788893129094754800,27.0077548828125,-1.2646011114120483,0.32463908195495605,1.1041457653045654
1788893129104783400,27.017783447265625,-1.1207904815673828,0.448209673166275,0.9081372618675232
1788893129114799600,27.027799560546875,-0.9695230722427368,0.5408875942230225,0.6961497664451599
1788893129124816100,27.037816162109376,-0.8182556629180908,0.6090644598007202,0.4799012839794159
1788893129134833000,27.0478330078125,-0.671249270439148,0.6708498001098633,0.2689790725708008
1788893129144850400,27.057850341796875,-0.5327649712562561,0.7198519110679626,0.07297056168317795
1788893129154868200,27.0678681640625,-0.4102596640586853,0.7528750896453857,-0.0942758321762085
1788893129164887000,27.077886962890624,-0.3175817131996155,0.7709845304489136,-0.22743378579616547
1788893129174906600,27.08790673828125,-0.2504701018333435,0.777376115322113,-0.3201117217540741
1788893129184927000,27.097927001953124,-0.20892482995986938,0.7763108611106873,-0.37444016337394714
1788893129194948400,27.1079482421875,-0.19188061356544495,0.7582014203071594,-0.39787596464157104
1788893129204970500,27.117970458984374,-0.19507640600204468,0.7273087501525879,-0.3818970024585724
1788893129214993200,27.1279931640625,-0.2035985141992569,0.6878939867019653,-0.33182963728904724
1788893129225016600,27.1380166015625,-0.21851220726966858,0.626108705997467,-0.2498043179512024
1788893129235040800,27.148040771484375,-0.246209055185318,0.5408875942230225,-0.13795164227485657
1788893129245065200,27.158065185546874,-0.27710169553756714,0.41518649458885193,0.0005326318205334246
1788893129255090000,27.16808984375,-0.3079943358898163,0.25965800881385803,0.1592569202184677
1788893129265114600,27.178114501953125,-0.3452785909175873,0.08815056830644608,0.33182963728904724
1788893129275139000,27.18813916015625,-0.3868238627910614,-0.07803056389093399,0.4980107545852661
1788893129285160400,27.198160400390623,-0.4209122955799103,-0.22503694891929626,0.6439518928527832
1788893129295178800,27.2081787109375,-0.43582597374916077,-0.34754225611686707,0.7621961236000061
1788893129305197600,27.218197509765623,-0.434760719537735,-0.4295675754547119,0.8516782522201538
1788893129315216400,27.22821630859375,-0.42730388045310974,-0.45619916915893555,0.8996151685714722
1788893129325235700,27.238235595703124,-0.42197754979133606,-0.41891491413116455,0.8985498547554016
1788893129335255600,27.248255615234374,-0.40386807918548584,-0.31451907753944397,0.8538088202476501
1788893129345275600,27.258275634765624,-0.37510594725608826,-0.17390428483486176,0.774979293346405
1788893129355296500,27.268296630859375,-0.34208279848098755,-0.013049479573965073,0.65353924036026
1788893129365317600,27.278317626953125,-0.28668907284736633,0.17017586529254913,0.4990760087966919
1788893129375339300,27.28833935546875,-0.19294588267803192,0.34274858236312866,0.3307643532752991
1788893129385361400,27.298361328125,-0.06511423736810684,0.49827706813812256,0.15606112778186798
1788893129395383800,27.3083837890625,0.0978710949420929,0.6282392144203186,-0.015446322970092297
1788893129405406500,27.318406494140625,0.2906838059425354,0.7432876825332642,-0.17736639082431793
1788893129415429600,27.3284296875,0.5111933946609497,0.8349003791809082,-0.31798118352890015
1788893129425452800,27.338452880859375,0.7327682375907898,0.890294075012207,-0.42557281255722046
1788893129435476000,27.34847607421875,0.9223851561546326,0.9510141015052795,-0.5001412630081177
1788893129445504800,27.3585048828125,1.0789788961410522,1.007473111152649,-0.5310339331626892
1788893129455521000,27.36852099609375,1.1929621696472168,1.0500836372375488,-0.540621280670166
1788893129465537500,27.37853759765625,1.2430294752120972,1.0628668069839478,-0.523577094078064
1788893129475554300,27.38855419921875,1.2238547801971436,1.024517297744751,-0.45326969027519226
1788893129485571800,27.39857177734375,1.1354378461837769,0.9542099237442017,-0.32330751419067383
1788893129495590000,27.40858984375,0.9681915044784546,0.8551403880119324,-0.13475584983825684
1788893129505608400,27.4186083984375,0.7391598224639893,0.739026665687561,0.1081242561340332
1788893129515628000,27.4286279296875,0.45686495304107666,0.5866939425468445,0.3957454562187195
1788893129525648600,27.438648681640625,0.12663321197032928,0.42264336347579956,0.712128758430481
1788893129535669800,27.448669677734376,-0.23875221610069275,0.26285380125045776,1.0380994081497192
1788893129545692000,27.45869189453125,-0.6169208288192749,0.12756532430648804,1.3555480241775513
1788893129555714800,27.46871484375,-0.9610009789466858,0.013582111336290836,1.6303859949111938
1788893129565738200,27.47873828125,-1.2326432466506958,-0.08974846452474594,1.8381123542785645
1788893129575762200,27.48876220703125,-1.4435653686523438,-0.16112112998962402,1.9904451370239258
1788893129585786600,27.49878662109375,-1.5980286598205566,-0.1898832470178604,2.099102020263672
1788893129595811300,27.508811279296875,-1.6907066106796265,-0.17496955394744873,2.1694095134735107
1788893129605836000,27.5188359375,-1.7237297296524048,-0.12383689731359482,2.1949756145477295
1788893129615860500,27.528860595703126,-1.7045550346374512,-0.05352949723601341,2.1811273097991943
1788893129625881900,27.5388818359375,-1.648095965385437,0.029561065137386322,2.1310598850250244
1788893129635903000,27.548903076171875,-1.5532875061035156,0.12223900109529495,2.0458388328552246
1788893129645921500,27.558921630859373,-1.4275864362716675,0.20852535963058472,1.9307903051376343
1788893129655940000,27.568940185546875,-1.283775806427002,0.2788327634334564,1.7837839126586914
1788893129665959200,27.578959228515625,-1.1282473802566528,0.3363569974899292,1.6069501638412476
1788893129675978500,27.588978515625,-0.9620662331581116,0.3874896466732025,1.4002890586853027
1788893129685998300,27.598998291015626,-0.7873629927635193,0.44181808829307556,1.1712573766708374
1788893129696018700,27.609018798828124,-0.6062681674957275,0.5099949836730957,0.9347688555717468
1788893129706039300,27.619039306640627,-0.42410808801651,0.5909550189971924,0.6940192580223083
1788893129716060700,27.629060791015625,-0.23768694698810577,0.684698224067688,0.4479433596134186
1788893129726082300,27.639082275390624,-0.05339634045958519,0.7784414291381836,0.1933453530073166
1788893129736104200,27.649104248046875,0.1213068962097168,0.8647277355194092,-0.05273054912686348
1788893129746126800,27.659126953125,0.2800311744213104,0.9456877708435059,-0.2743053734302521
1788893129756149500,27.6691494140625,0.4185154438018799,1.0298435688018799,-0.46392232179641724
1788893129766172400,27.67917236328125,0.5452818274497986,1.091628909111023,-0.6173202991485596
1788893129776195600,27.689195556640627,0.6805703043937683,1.1044120788574219,-0.7270424365997314
1788893129786219000,27.699218994140626,0.8147935271263123,1.0362352132797241,-0.7803056240081787
1788893129796247600,27.70924755859375,0.9234504103660583,0.8711193203926086,-0.7717835307121277
1788893129806263800,27.719263916015624,0.9926925301551819,0.6591318845748901,-0.6972150802612305
1788893129816280300,27.7292802734375,1.0044105052947998,0.4215780794620514,-0.5225118398666382
1788893129826297000,27.739297119140623,0.9351683259010315,0.20746009051799774,-0.2402169555425644
1788893129836314400,27.749314453125,0.7796398401260376,0.06897582113742828,0.11558110266923904
1788893129846332200,27.759332275390626,0.5623260736465454,0.03169159218668938,0.5075981020927429
1788893129856351000,27.76935107421875,0.3002711832523346,0.09986846894025803,0.9049414396286011
1788893129866370600,27.77937060546875,-0.018242640420794487,0.2468748539686203,1.282044768333435
1788893129876391200,27.78939111328125,-0.37084490060806274,0.44288337230682373,1.5931017398834229
1788893129886412300,27.799412353515624,-0.679771363735199,0.6282392144203186,1.800828218460083
1788893129896434400,27.809434326171875,-0.93117356300354,0.7763108611106873,1.909485101699829
1788893129906457300,27.819457275390626,-1.1314431428909302,0.8977509140968323,1.9297250509262085
1788893129916481000,27.82948095703125,-1.2688621282577515,1.0042773485183716,1.877527117729187
1788893129926505000,27.8395048828125,-1.3338432312011719,1.0713889598846436,1.7773923873901367
1788893129936529400,27.849529296875,-1.332777976989746,1.074584722518921,1.6399734020233154
1788893129946554000,27.85955419921875,-1.2816452980041504,1.0266478061676025,1.4727269411087036
1788893129956579000,27.8695791015625,-1.1900326013565063,0.9542099237442017,1.2852405309677124
1788893129966603500,27.879603515625,-1.0792452096939087,0.8721846342086792,1.0998847484588623
1788893129976624600,27.889624755859376,-0.9460873007774353,0.8103992938995361,0.9305077791213989
1788893129986645800,27.899645751953123,-0.8076030015945435,0.7613971829414368,0.7781751155853271
1788893129996664300,27.909664306640625,-0.6691187024116516,0.7155908346176147,0.6524739861488342
1788893130006683100,27.91968310546875,-0.5530049800872803,0.6729803085327148,0.5480781197547913
1788893130016702000,27.929701904296873,-0.46884915232658386,0.6325002908706665,0.46285703778266907
1788893130026721500,27.939721435546875,-0.41239017248153687,0.5984118580818176,0.39254966378211975
1788893130036741000,27.9497412109375,-0.3729754388332367,0.5728455185890198,0.32224225997924805
1788893130046761500,27.959761474609376,-0.34740909934043884,0.5547360181808472,0.25086960196495056
1788893130056782300,27.9697822265625,-0.31864699721336365,0.571780264377594,0.18695376813411713
1788893130066803500,27.979803466796874,-0.2600574791431427,0.5920202732086182,0.1358211189508438
1788893130076825000,27.9898251953125,-0.180162712931633,0.6058686971664429,0.11345057934522629
1788893130086847200,27.99984716796875,-0.08641951531171799,0.6154560446739197,0.13475584983825684
1788893130096869600,28.00986962890625,0.011584741994738579,0.6122602820396423,0.19867166876792908
1788893130106892300,28.019892333984377,0.09254477918148041,0.5845634341239929,0.3094590902328491
1788893130116915500,28.02991552734375,0.14687322080135345,0.5142560005187988,0.46711811423301697
1788893130126938600,28.039938720703127,0.16924376785755157,0.4013380706310272,0.67484450340271
1788893130136961800,28.0499619140625,0.1394163817167282,0.2671148478984833,0.9251814484596252
1788893130146990300,28.059990234375,0.03928159549832344,0.16165375709533691,1.205345869064331
1788893130157006800,28.0700068359375,-0.12050794810056686,0.12117373943328857,1.49616277217865
1788893130167023400,28.0800234375,-0.3154512047767639,0.16058848798274994,1.7592829465866089
1788893130177040100,28.0900400390625,-0.5231776237487793,0.2277000993490219,1.9616830348968506
1788893130187057700,28.1000576171875,-0.7351650595664978,0.2798980176448822,2.088449478149414
1788893130197075700,28.11007568359375,-0.9205209612846375,0.32676962018013,2.153430461883545
1788893130207094300,28.12009423828125,-1.0643315315246582,0.36298859119415283,2.158756732940674
1788893130217113900,28.13011376953125,-1.1772494316101074,0.372575968503952,2.098036766052246
1788893130227134500,28.140134521484374,-1.236904263496399,0.32890015840530396,1.9915103912353516
1788893130237155600,28.150155517578124,-1.2550137042999268,0.2564622163772583,1.8743313550949097
1788893130247177700,28.160177734375,-1.261405348777771,0.19361166656017303,1.7667397260665894
1788893130257200400,28.170200439453126,-1.2635358572006226,0.1573926955461502,1.6804534196853638
1788893130267224000,28.18022412109375,-1.2571442127227783,0.14141374826431274,1.6133418083190918
1788893130277248000,28.190248046875,-1.241165280342102,0.148870587348938,1.5568828582763672
1788893130287272400,28.2002724609375,-1.229447364807129,0.1904158741235733,1.5142722129821777
1788893130297297200,28.210297119140623,-1.2251863479614258,0.27776750922203064,1.4759228229522705
1788893130307321900,28.22032177734375,-1.2251863479614258,0.38003280758857727,1.4152027368545532
1788893130317346600,28.2303466796875,-1.2315778732299805,0.4684496819972992,1.3161332607269287
1788893130327367700,28.24036767578125,-1.241165280342102,0.5398223400115967,1.1946932077407837
1788893130337386200,28.25038623046875,-1.2496874332427979,0.5866939425468445,1.0540783405303955
1788893130347405000,28.260405029296876,-1.2571442127227783,0.6186518669128418,0.8974846005439758
1788893130357424000,28.270424072265627,-1.248622179031372,0.6325002908706665,0.7344992756843567
1788893130367443500,28.280443359375,-1.2230558395385742,0.6293044686317444,0.569383442401886
1788893130377463300,28.29046337890625,-1.1836410760879517,0.6250434517860413,0.41172438859939575
1788893130387483400,28.3004833984375,-1.1346389055252075,0.6325002908706665,0.267913818359375
1788893130397504300,28.310504150390624,-1.0803104639053345,0.6431529521942139,0.14966954290866852
1788893130407525400,28.320525390625,-1.0238515138626099,0.6538055539131165,0.04420844092965126
1788893130417547000,28.330547119140626,-0.9673925638198853,0.6697844862937927,-0.04953476041555405
1788893130427569200,28.340569091796876,-0.9183903932571411,0.6836329698562622,-0.13049480319023132
1788893130437591600,28.350591552734375,-0.8672577738761902,0.6910898089408875,-0.20506325364112854
1788893130447614500,28.360614501953126,-0.8118640780448914,0.6921550631523132,-0.27537065744400024
1788893130457637400,28.370637451171874,-0.7596661448478699,0.6974813938140869,-0.343547523021698
1788893130467660500,28.38066064453125,-0.7053377032279968,0.7123950719833374,-0.4095938801765442
1788893130477683700,28.39068359375,-0.6350302696228027,0.7358308434486389,-0.4788359999656677
1788893130487712500,28.40071240234375,-0.5444828867912292,0.760331928730011,-0.5470128655433655
1788893130497728800,28.410728759765625,-0.4155859649181366,0.7827024459838867,-0.6098634600639343
1788893130507745300,28.420745361328127,-0.2408827394247055,0.814660370349884,-0.6695181727409363
1788893130517762000,28.430761962890625,-0.031025802716612816,0.851944625377655,-0.7302381992340088
1788893130527779300,28.440779296875,0.20972378551959991,0.7922898530960083,-0.7898929715156555
1788893130537797400,28.45079736328125,0.4845618009567261,0.5589970946311951,-0.8133288025856018
1788893130547816200,28.460816162109374,0.7466166615486145,0.17976324260234833,-0.757935106754303
1788893130557835800,28.470835693359376,0.9564735889434814,-0.26764747500419617,-0.6034718751907349
1788893130567856400,28.4808564453125,1.0960230827331543,-0.7076013684272766,-0.3446127772331238
1788893130577877500,28.49087744140625,1.134372591972351,-1.0474205017089844,0.013315795920789242
1788893130587899600,28.500899658203124,1.038498878479004,-1.249820590019226,0.45007389783859253
1788893130597922600,28.510922607421875,0.8030756115913391,-1.3211932182312012,0.900680422782898
1788893130607946000,28.520946044921875,0.4547344148159027,-1.2785826921463013,1.2980237007141113
1788893130617970200,28.53097021484375,0.03608580678701401,-1.1763173341751099,1.5962976217269897
1788893130627994600,28.54099462890625,-0.42410808801651,-1.0335720777511597,1.7518260478973389
1788893130638019000,28.55101904296875,-0.8299735188484192,-0.8993488550186157,1.7848492860794067
1788893130648044000,28.5610439453125,-1.169792652130127,-0.823715090751648,1.721998691558838
1788893130658068500,28.571068359375,-1.412672758102417,-0.7427550554275513,1.582449197769165
1788893130668089900,28.58108984375,-1.534112811088562,-0.6607297658920288,1.3896363973617554
1788893130678111000,28.591111083984377,-1.5383738279342651,-0.6170539855957031,1.1872363090515137
1788893130688129500,28.601129638671875,-1.4211949110031128,-0.6127929091453552,1.0008151531219482
1788893130698148000,28.611148193359377,-1.2134684324264526,-0.6127929091453552,0.812263548374176
1788893130708167200,28.621167236328127,-0.9876325726509094,-0.5893571376800537,0.6386255621910095
1788893130718186500,28.6311865234375,-0.771384060382843,-0.5158539414405823,0.4948149621486664
1788893130728206300,28.641206298828124,-0.5881586670875549,-0.3837612271308899,0.37337490916252136
1788893130738226700,28.651226806640626,-0.44967442750930786,-0.17390428483486176,0.2551306486129761
1788893130748247300,28.661247314453124,-0.35699647665023804,0.10839057713747025,0.12516847252845764
1788893130758268400,28.671268310546875,-0.30479857325553894,0.40027281641960144,-0.037816859781742096
1788893130768290300,28.681290283203126,-0.2941459119319916,0.6708498001098633,-0.2306295782327652
1788893130778312200,28.691312255859376,-0.31012487411499023,0.9222519993782043,-0.44048652052879333
1788893130788334600,28.70133447265625,-0.35167014598846436,1.1427615880966187,-0.6578003168106079
1788893130798357500,28.711357421875,-0.4059986174106598,1.3089426755905151,-0.8729835748672485
1788893130808380400,28.72138037109375,-0.4539354741573334,1.4239912033081055,-1.072187900543213
1788893130818403600,28.731403564453124,-0.4816323220729828,1.5081470012664795,-1.2490216493606567
1788893130828427000,28.741427001953124,-0.48802390694618225,1.552888035774231,-1.393897533416748
1788893130838455600,28.75145556640625,-0.4486091434955597,1.5241259336471558,-1.500423789024353
1788893130848472000,28.76147216796875,-0.3633880615234375,1.388837456703186,-1.550491213798523
1788893130858488600,28.771488525390627,-0.2408827394247055,1.1619362831115723,-1.5100111961364746
1788893130868505600,28.781505615234376,-0.08002793043851852,0.7837677001953125,-1.3523521423339844
1788893130878523000,28.79152294921875,0.08082687854766846,0.2692453861236572,-1.0785794258117676
1788893130888541200,28.801541259765624,0.19907113909721375,-0.2857569754123688,-0.699345588684082
1788893130898560000,28.81156005859375,0.2480732649564743,-0.7651256322860718,-0.2498043179512024
1788893130908579600,28.82157958984375,0.19374482333660126,-1.0879005193710327,0.2689790725708008
1788893130918600000,28.831599853515623,0.032890014350414276,-1.2444941997528076,0.8378298282623291
1788893130928621000,28.84162109375,-0.22383852303028107,-1.2338416576385498,1.4056153297424316
1788893130938643200,28.851643310546876,-0.5221123695373535,-1.0879005193710327,1.8668745756149292
1788893130948666000,28.861666015625,-0.7948198318481445,-0.9131972789764404,2.153430461883545
1788893130958689500,28.871689453125,-1.0142641067504883,-0.735298216342926,2.28232741355896
1788893130968713500,28.88171337890625,-1.1921632289886475,-0.5414202213287354,2.291914701461792
1788893130978737700,28.891737548828125,-1.3263863325119019,-0.35286858677864075,2.223737955093384
1788893130988762400,28.901762451171876,-1.382845401763916,-0.20266640186309814,2.1172115802764893
1788893130998787000,28.911787109375,-1.3146685361862183,-0.036485280841588974,1.957421898841858
1788893131008811800,28.921811767578124,-1.1346389055252075,0.13715268671512604,1.7070850133895874
1788893131018833200,28.931833251953126,-0.9098682999610901,0.2884201407432556,1.3725922107696533
1788893131028851700,28.941851806640624,-0.696815550327301,0.38962018489837646,1.009337306022644
1788893131038870300,28.951870361328126,-0.5093291997909546,0.4737760126590729,0.6652571558952332
1788893131048889300,28.961889404296876,-0.35593122243881226,0.5536707639694214,0.3669833242893219
1788893131058908700,28.97190869140625,-0.22809958457946777,0.6250434517860413,0.12942953407764435
1788893131068928500,28.981928466796877,-0.1471395343542099,0.6996119022369385,-0.061252661049366
1788893131078948900,28.991948974609375,-0.08855003863573074,0.7635276913642883,-0.21571588516235352
1788893131088969500,29.001969482421874,-0.043808966875076294,0.7933551073074341,-0.31372013688087463
1788893131098990800,29.011990966796876,-0.02143843099474907,0.7890940308570862,-0.34674331545829773
1788893131109012500,29.022012451171875,-0.01717737689614296,0.7582014203071594,-0.3243727684020996
1788893131119034600,29.03203466796875,-0.023568958044052124,0.7060034871101379,-0.2551306486129761
1788893131129057000,29.04205712890625,-0.04061317816376686,0.6282392144203186,-0.14966954290866852
1788893131139079700,29.05207958984375,-0.07576687633991241,0.5462139248847961,-0.01225053146481514
1788893131149102800,29.062102783203127,-0.13435637950897217,0.4716454744338989,0.154995858669281
1788893131159126000,29.0721259765625,-0.2217079997062683,0.3981422781944275,0.34035173058509827
1788893131169149200,29.082149169921873,-0.3452785909175873,0.318247526884079,0.5267728567123413
1788893131179178000,29.092177978515625,-0.499741792678833,0.23196116089820862,0.6950845122337341
1788893131189194200,29.1021943359375,-0.6840324401855469,0.15100112557411194,0.825046718120575
1788893131199210500,29.11221044921875,-0.8757798671722412,0.08282424509525299,0.9145288467407227
1788893131209227300,29.122227294921874,-1.0472873449325562,0.03169159218668938,0.9603351950645447
1788893131219244500,29.13224462890625,-1.1836410760879517,0.012516847811639309,0.9688572883605957
1788893131229262600,29.1422626953125,-1.2816452980041504,0.03488738462328911,0.9560741186141968
1788893131239281400,29.152281494140624,-1.3338432312011719,0.08282424509525299,0.9443562030792236
1788893131249301000,29.162301025390626,-1.3391695022583008,0.110521100461483,0.93902987241745
1788893131259321300,29.1723212890625,-1.3114726543426514,0.13608743250370026,0.9454214572906494
1788893131269342700,29.1823427734375,-1.2677968740463257,0.13502216339111328,0.9752488732337952
1788893131279364900,29.19236474609375,-1.2358390092849731,0.11691268533468246,1.026381492614746
1788893131289387800,29.2023876953125,-1.2145336866378784,0.10412952303886414,1.1020152568817139
1788893131299411500,29.212411376953124,-1.2155989408493042,0.10412952303886414,1.1872363090515137
1788893131309435600,29.222435546875,-1.2422305345535278,0.14034847915172577,1.2681963443756104
1788893131319460000,29.232460205078127,-1.2880369424819946,0.2277000993490219,1.326785922050476
1788893131329484800,29.24248486328125,-1.3476916551589966,0.34807488322257996,1.3385037183761597
1788893131339509800,29.252509765625,-1.4020200967788696,0.4684496819972992,1.294827938079834
1788893131349534000,29.262533935546877,-1.4531527757644653,0.5792371034622192,1.20321524143219
1788893131359555000,29.27255517578125,-1.5021549463272095,0.6889592409133911,1.0732531547546387
1788893131369573600,29.28257373046875,-1.5373085737228394,0.7837677001953125,0.909202516078949
1788893131379592400,29.292592529296876,-1.5479612350463867,0.8562056422233582,0.7302381992340088
1788893131389611300,29.302611328125,-1.5277211666107178,0.9105340838432312,0.5491434335708618
1788893131399630800,29.312630859375,-1.4883065223693848,0.9531446695327759,0.3755054473876953
1788893131409650400,29.322650390625,-1.4361085891723633,0.9914941191673279,0.22743378579616547
1788893131419670800,29.3326708984375,-1.3743232488632202,1.0223867893218994,0.11664637178182602
1788893131429691600,29.342691650390623,-1.3061463832855225,1.054344654083252,0.042077913880348206
1788893131439712800,29.352712646484374,-1.2273168563842773,1.111868977546692,0.01651158556342125
1788893131449734400,29.362734375,-1.1357041597366333,1.1949595212936401,0.03249054029583931
1788893131459756500,29.372756591796875,-1.0313084125518799,1.2610058784484863,0.07829687744379044
1788893131469779000,29.382779052734374,-0.9119988083839417,1.2812458276748657,0.15393058955669403
1788893131479801600,29.392801513671873,-0.771384060382843,1.23757004737854,0.2785664498806
1788893131489824800,29.40282470703125,-0.6435524225234985,1.121456265449524,0.4617917835712433
1788893131499848000,29.412847900390624,-0.575375497341156,0.9563404321670532,0.6876276731491089
1788893131509871000,29.42287109375,-0.5764408111572266,0.7752456068992615,0.9592698812484741
1788893131519900000,29.43289990234375,-0.6435524225234985,0.6005423665046692,1.2681963443756104
1788893131529916200,29.442916259765624,-0.7756450772285461,0.448209673166275,1.582449197769165
1788893131539932700,29.4529326171875,-0.9673925638198853,0.33316120505332947,1.8732661008834839
1788893131549949700,29.46294970703125,-1.2017505168914795,0.28628960251808167,2.114015579223633
1788893131559967000,29.472967041015625,-1.395628571510315,0.3075948655605316,2.2493042945861816
1788893131569985000,29.482985107421875,-1.521329641342163,0.318247526884079,2.2695441246032715
1788893131580003800,29.49300390625,-1.5905717611312866,0.33955278992652893,2.198171615600586
1788893131590023400,29.5030234375,-1.614007592201233,0.38535910844802856,2.0415778160095215
1788893131600043800,29.513043701171874,-1.5788538455963135,0.4460791349411011,1.813611388206482
1788893131610065200,29.523065185546876,-1.4701969623565674,0.5153213143348694,1.5430344343185425
1788893131620087000,29.533087158203124,-1.3104074001312256,0.593085527420044,1.240499496459961
1788893131630110000,29.54310986328125,-1.1207904815673828,0.6889592409133911,0.9219856858253479
1788893131640133400,29.55313330078125,-0.9088030457496643,0.8082687854766846,0.5981455445289612
1788893131650157300,29.5631572265625,-0.6840324401855469,0.9531446695327759,0.2689790725708008
1788893131660181800,29.573181640625,-0.4667186439037323,1.1044120788574219,-0.04953476041555405
1788893131670206500,29.58320654296875,-0.2728406488895416,1.2556794881820679,-0.34567806124687195
1788893131680231400,29.5932314453125,-0.11092057824134827,1.4144037961959839,-0.6066676378250122
1788893131690256000,29.603255859375,0.024367906153202057,1.5869765281677246,-0.8367645740509033
1788893131700277200,29.61327734375,0.14687322080135345,1.7606145143508911,-1.046621561050415
1788893131710295800,29.6232958984375,0.26937854290008545,1.9150776863098145,-1.2394342422485352
1788893131720314600,29.633314697265625,0.395079642534256,2.0546271800994873,-1.4141374826431274
1788893131730333400,29.64333349609375,0.527172327041626,2.160088300704956,-1.570731282234192
1788893131740353000,29.65335302734375,0.6635261178016663,2.180328369140625,-1.7006933689117432
1788893131750372600,29.66337255859375,0.8009451031684875,2.0684757232666016,-1.7923060655593872
1788893131760393000,29.67339306640625,0.9181240797042847,1.850096583366394,-1.8498302698135376
1788893131770413600,29.68341357421875,1.020389437675476,1.5795196294784546,-1.8562219142913818
1788893131780435000,29.69343505859375,1.087501049041748,1.2652668952941895,-1.7997629642486572
1788893131790456600,29.70345654296875,1.1077409982681274,0.9126646518707275,-1.6868449449539185
1788893131800478700,29.713478759765625,1.0896315574645996,0.5462139248847961,-1.520663857460022
1788893131810501000,29.723501220703124,1.0416946411132812,0.2191779911518097,-1.315068006515503
1788893131820523800,29.733523681640627,0.9575388431549072,0.003994738683104515,-1.0988194942474365
1788893131830547000,29.743546875,0.8637956380844116,-0.1249021589756012,-0.8900277614593506
1788893131840570000,29.753570068359377,0.807336688041687,-0.28149592876434326,-0.6929540038108826
1788893131850593300,29.76359326171875,0.7732482552528381,-0.4764391779899597,-0.523577094078064
1788893131860621800,29.773621826171876,0.7572692632675171,-0.7097318768501282,-0.3914843797683716
1788893131870638000,29.78363818359375,0.7679219245910645,-0.9728519916534424,-0.2775011658668518
1788893131880654600,29.793654541015623,0.7892271876335144,-1.2210584878921509,-0.16564849019050598
1788893131890671400,29.80367138671875,0.7966840267181396,-1.4000227451324463,-0.06338318437337875
1788893131900688600,29.813688720703126,0.7817703485488892,-1.4532859325408936,0.01225053146481514
1788893131910706700,29.823706787109376,0.7636608481407166,-1.342498540878296,0.06444845348596573
1788893131920725200,29.833725341796875,0.7306377291679382,-1.103879451751709,0.08042740821838379
1788893131930744800,29.843744873046877,0.6837661266326904,-0.818388819694519,0.04527370631694794
1788893131940765400,29.853765380859375,0.6443513631820679,-0.5147886276245117,-0.042077913880348206
1788893131950786800,29.863786865234374,0.6123934388160706,-0.1994706094264984,-0.17630113661289215
1788893131960809000,29.87380908203125,0.5900229215621948,0.09347688406705856,-0.35952648520469666
1788893131970832000,29.883831787109376,0.5707150101661682,0.32996541261672974,-0.5812344551086426
1788893131980855300,29.893855224609375,0.5600623488426208,0.5004075765609741,-0.8230493068695068
1788893131990879500,29.90387939453125,0.5621928572654724,0.6293044686317444,-1.0701904296875
1788893132000904000,29.913904052734374,0.5664539337158203,0.7432876825332642,-1.3215926885604858
1788893132010928600,29.9239287109375,0.5685844421386719,0.8327698707580566,-1.5825823545455933
1788893132020953600,29.93395361328125,0.5781718492507935,0.860466718673706,-1.8425066471099854
1788893132030977800,29.943977783203124,0.6207823753356934,0.7837677001953125,-2.077929973602295
1788893132040999200,29.953999267578126,0.6996119022369385,0.5600623488426208,-2.254763603210449
1788893132051020300,29.964020263671873,0.8157256245613098,0.1808284968137741,-2.329332113265991
1788893132061038800,29.974038818359375,0.9531446695327759,-0.3304980397224426,-2.276068925857544
1788893132071057400,29.984057373046873,1.0926941633224487,-0.9110667109489441,-2.1003003120422363
1788893132081076500,29.994076416015623,1.2013510465621948,-1.451155424118042,-1.772199273109436
1788893132091095800,30.004095703125,1.2492879629135132,-1.8335850238800049,-1.3002874851226807
1788893132101115600,30.01411572265625,1.1928290128707886,-2.0540945529937744,-0.7516766786575317
1788893132111135700,30.0241357421875,1.0096036195755005,-2.141446352005005,-0.19987009465694427
1788893132121156600,30.034156494140625,0.7326350808143616,-2.0146799087524414,0.32637014985084534
1788893132131177700,30.044177734375,0.42370861768722534,-1.7398418188095093,0.7450187802314758
1788893132141199400,30.054199462890626,0.10839057713747025,-1.406414270401001,0.9953557252883911
1788893132151220500,30.064220458984376,-0.1525990217924118,-1.0516815185546875,1.1040126085281372
1788893132161242600,30.07424267578125,-0.37736964225769043,-0.7107971906661987,1.1082736253738403
1788893132171265300,30.084265380859375,-0.546746551990509,-0.3731085956096649,1.0305094718933105
1788893132181288200,30.0942880859375,-0.6617950201034546,-0.07803056389093399,0.8845682740211487
1788893132191311400,30.104311279296876,-0.6841655969619751,0.1904158741235733,0.6800376772880554
1788893132201334800,30.114334716796876,-0.6394245028495789,0.43329599499702454,0.39561229944229126
1788893132211363300,30.12436328125,-0.5872265696525574,0.6048034429550171,0.05685844644904137
1788893132221379600,30.134379638671874,-0.5307676196098328,0.7028076648712158,-0.25206801295280457
1788893132231396000,30.14439599609375,-0.4689823091030121,0.7763108611106873,-0.4960133731365204
1788893132241412900,30.154412841796876,-0.39974018931388855,0.851944625377655,-0.6749776601791382
1788893132251430100,30.16443017578125,-0.3230412006378174,0.9297088384628296,-0.8038745522499084
1788893132261448000,30.174447998046876,-0.24847275018692017,0.9691236019134521,-0.8933567404747009
1788893132271466800,30.184466796875,-0.14620743691921234,0.9382309317588806,-0.9423588514328003
1788893132281486300,30.194486328125,-0.010918952524662018,0.8199867010116577,-0.9380977749824524
1788893132291507000,30.2045068359375,0.12863057851791382,0.6239781975746155,-0.8667251467704773
1788893132301528000,30.214528076171874,0.24580958485603333,0.39068543910980225,-0.7175882458686829
1788893132311550200,30.22455029296875,0.32996541261672974,0.15952323377132416,-0.49707865715026855
1788893132321573000,30.234572998046875,0.36192330718040466,-0.04500738903880119,-0.22969746589660645
1788893132331596800,30.2445966796875,0.33955278992652893,-0.1898832470178604,0.07496792823076248
1788893132341620700,30.254620849609374,0.2649843394756317,-0.2644517123699188,0.4126565158367157
1788893132351645200,30.264645263671873,0.11478215456008911,-0.28149592876434326,0.7567366361618042
1788893132361670000,30.274669921875,-0.09827057272195816,-0.22503694891929626,1.0656630992889404
1788893132371694800,30.28469482421875,-0.3464770019054413,-0.11105373501777649,1.297890543937683
1788893132381719000,30.294718994140624,-0.6117276549339294,0.027430538088083267,1.4427664279937744
1788893132391740400,30.304740478515626,-0.8556730151176453,0.17763271927833557,1.5173349380493164
1788893132401761500,30.314761474609377,-1.0761826038360596,0.3235738277435303,1.5290528535842896
1788893132411780000,30.324780029296875,-1.2476900815963745,0.4737760126590729,1.4928338527679443
1788893132421798700,30.334798583984377,-1.3584774732589722,0.6271739602088928,1.4140043258666992
1788893132431817700,30.344817626953127,-1.4096101522445679,0.7699192762374878,1.3021516799926758
1788893132441837000,30.354837158203125,-1.3883048295974731,0.8455530405044556,1.1785811185836792
1788893132451857000,30.36485693359375,-1.3041490316390991,0.8721846342086792,1.0528799295425415
1788893132461877000,30.374876953125,-1.1688605546951294,0.8775109052658081,0.9357009530067444
1788893132471897600,30.384897705078124,-1.0048099756240845,0.8551403880119324,0.8302398324012756
1788893132481918700,30.394918701171875,-0.823715090751648,0.7795066833496094,0.7375619411468506
1788893132491940400,30.4049404296875,-0.6394245028495789,0.7028076648712158,0.6672545075416565
1788893132501962500,30.41496240234375,-0.4593949317932129,0.6538055539131165,0.6289049983024597
1788893132511985000,30.42498486328125,-0.29747486114501953,0.663392961025238,0.6278397440910339
1788893132522007800,30.4350078125,-0.16005586087703705,0.7464835047721863,0.6576671600341797
1788893132532030700,30.44503076171875,-0.05033370852470398,0.8966856598854065,0.6853640079498291
1788893132542054000,30.455053955078125,0.025300011038780212,1.0681930780410767,0.6928208470344543
1788893132552077300,30.465077392578124,0.07110634446144104,1.217329978942871,0.682168185710907
1788893132562105900,30.47510595703125,0.07856319099664688,1.3568795919418335,0.6555365920066833
1788893132572122400,30.485122314453125,0.03914843872189522,1.4783196449279785,0.6193176507949829
1788893132582139000,30.495138916015627,-0.0354200154542923,1.5443660020828247,0.5756418108940125
1788893132592156000,30.505156005859376,-0.13129374384880066,1.5667364597320557,0.5340965390205383
1788893132602173200,30.515173095703126,-0.23675484955310822,1.543300747871399,0.5085302591323853
1788893132612191200,30.525191162109376,-0.3518033027648926,1.4452964067459106,0.5127912759780884
1788893132622210000,30.5352099609375,-0.47004759311676025,1.2780500650405884,0.5681849718093872
1788893132632229600,30.545229736328125,-0.5978792309761047,1.0820415019989014,0.6896250247955322
1788893132642250200,30.555250244140623,-0.7512772083282471,0.8870983123779297,0.8792420029640198
1788893132652271400,30.565271240234374,-0.9334372878074646,0.7262434959411621,1.1189262866973877
1788893132662293500,30.57529345703125,-1.14116370677948,0.5781718492507935,1.3926990032196045
1788893132672316200,30.585316162109375,-1.3691301345825195,0.45247071981430054,1.6867117881774902
1788893132682339600,30.595339599609375,-1.61946702003479,0.3693801760673523,1.988181471824646
1788893132692363500,30.605363525390626,-1.8793914318084717,0.32676962018013,2.2907164096832275
1788893132702387700,30.6153876953125,-2.1126840114593506,0.3022685647010803,2.5538363456726074
1788893132712412400,30.625412353515625,-2.3033664226531982,0.27670222520828247,2.7455837726593018
1788893132722437000,30.63543701171875,-2.463155746459961,0.24794010818004608,2.868089199066162
1788893132732459000,30.645458984375,-2.5888569355010986,0.23089589178562164,2.9458534717559814
1788893132742481200,30.655481201171874,-2.67620849609375,0.22663484513759613,2.9842028617858887
1788893132752508400,30.66550830078125,-2.7284064292907715,0.2181127369403839,2.972485065460205
1788893132762525400,30.675525390625,-2.7326674461364746,0.20213377475738525,2.908569097518921
1788893132772542500,30.68554248046875,-2.6889917850494385,0.19467693567276,2.7967164516448975
1788893132782559700,30.695559814453127,-2.597378969192505,0.19254639744758606,2.6422533988952637
1788893132792577500,30.70557763671875,-2.463155746459961,0.20319904386997223,2.4441142082214355
1788893132802595800,30.715595947265626,-2.294844150543213,0.21598219871520996,2.214017391204834
1788893132812615000,30.725614990234376,-2.096705198287964,0.23622220754623413,1.9551582336425781
1788893132822635000,30.735635009765623,-1.875130295753479,0.2713759243488312,1.6739286184310913
1788893132832655600,30.745655517578125,-1.6365113258361816,0.30652961134910583,1.3713937997817993
1788893132842676700,30.7556767578125,-1.3978922367095947,0.3278348743915558,1.055010437965393
1788893132852699000,30.765698974609375,-1.1688605546951294,0.33316120505332947,0.7322356104850769
1788893132862721500,30.775721435546874,-0.9558078050613403,0.3363569974899292,0.41478702425956726
1788893132872744700,30.78574462890625,-0.7576687932014465,0.3363569974899292,0.11864373832941055
1788893132882768400,30.795768310546876,-0.5701823830604553,0.33316120505332947,-0.13169321417808533
1788893132892792300,30.805792236328124,-0.3922833502292633,0.3278348743915558,-0.33196279406547546
1788893132902816800,30.815816650390627,-0.21544957160949707,0.33316120505332947,-0.4864259958267212
1788893132912841000,30.825841064453126,-0.03328948840498924,0.32890015840530396,-0.5950828790664673
1788893132922865000,30.835864990234374,0.14141374826431274,0.28628960251808167,-0.6739124059677124
1788893132932886300,30.84588623046875,0.3075948655605316,0.21704746782779694,-0.7282408475875854
1788893132942907400,30.855907470703126,0.4812328517436981,0.12117373943328857,-0.7399587631225586
1788893132952926000,30.865926025390625,0.6516750454902649,-0.023702116683125496,-0.7111966609954834
1788893132962944800,30.87594482421875,0.8072035312652588,-0.22077588737010956,-0.6568682193756104
1788893132972963600,30.885963623046877,0.9467530846595764,-0.45619916915893555,-0.5833650231361389
1788893132982983000,30.89598291015625,1.0575405359268188,-0.7118624448776245,-0.47470811009407043
1788893132993002800,30.906002685546873,1.1235867738723755,-0.9590035676956177,-0.3351585865020752
1788893133003022800,30.91602294921875,1.1385005712509155,-1.182708978652954,-0.17856481671333313
1788893133013043500,30.92604345703125,1.0926941633224487,-1.3339763879776,-0.019840534776449203
1788893133023064800,30.93606494140625,0.99468994140625,-1.366999626159668,0.12503531575202942
1788893133033086200,30.946086181640624,0.8647277355194092,-1.2530163526535034,0.22303956747055054
1788893133043108400,30.9561083984375,0.7656582593917847,-1.1102709770202637,0.2539322078227997
1788893133053130800,30.966130859375,0.7262434959411621,-0.9941573143005371,0.21238693594932556
1788893133063153700,30.976153564453124,0.7443529963493347,-0.9163930416107178,0.11012163013219833
1788893133073176600,30.986176513671875,0.8114646077156067,-0.8620645999908447,-0.015579480677843094
1788893133083199700,30.99619970703125,0.9243825078010559,-0.8556730151176453,-0.14128059148788452
1788893133093223000,31.006222900390625,1.0586057901382446,-0.9025446176528931,-0.2605901062488556
1788893133103251700,31.016251708984374,1.2056121826171875,-0.9313067197799683,-0.36498594284057617
1788893133113268200,31.026268310546875,1.3302479982376099,-0.8631298542022705,-0.447011262178421
1788893133123284700,31.03628466796875,1.405881643295288,-0.6905571818351746,-0.5151881575584412
1788893133133301800,31.0463017578125,1.4165343046188354,-0.4103928208351135,-0.5897566080093384
1788893133143319000,31.056319091796876,1.3792500495910645,-0.06311687082052231,-0.6994787454605103
1788893133153337000,31.066337158203126,1.3185300827026367,0.2660495936870575,-0.8635293245315552
1788893133163356000,31.07635595703125,1.2439615726470947,0.5419528484344482,-1.0840388536453247
1788893133173375500,31.08637548828125,1.163001537322998,0.777376115322113,-1.3418327569961548
1788893133183395800,31.096395751953125,1.0831067562103271,0.936100423336029,-1.6241276264190674
1788893133193417200,31.106417236328124,1.0042773485183716,1.0021467208862305,-1.9138792753219604
1788893133203439400,31.116439453125,0.9339699149131775,0.9840372800827026,-2.186586856842041
1788893133213462000,31.1264619140625,0.860466718673706,0.903077244758606,-2.414553165435791
1788893133223485400,31.1364853515625,0.7816371917724609,0.777376115322113,-2.578603744506836
1788893133233509400,31.14650927734375,0.70174241065979,0.6410223841667175,-2.6648900508880615
1788893133243533600,31.156533447265623,0.6463487148284912,0.48868969082832336,-2.6702165603637695
1788893133253558300,31.166558349609375,0.6239781975746155,0.31505173444747925,-2.59245228767395
1788893133263583000,31.1765830078125,0.6431529521942139,0.11478215456008911,-2.4411847591400146
1788893133273604900,31.18660498046875,0.70174241065979,-0.11424952745437622,-2.1940436363220215
1788893133283627000,31.196626953125,0.777376115322113,-0.35393384099006653,-1.85635507106781
1788893133293654300,31.206654296875,0.8487488031387329,-0.5765739679336548,-1.4664685726165771
1788893133303671300,31.21667138671875,0.8934898972511292,-0.7608645558357239,-1.0211883783340454
1788893133313688300,31.226688232421875,0.8934898972511292,-0.9046751260757446,-0.5354281663894653
1788893133323705900,31.236705810546876,0.844487726688385,-0.9952225685119629,-0.059255290776491165
1788893133333723600,31.2467236328125,0.7539403438568115,-1.044224739074707,0.35300174355506897
1788893133343742000,31.256741943359376,0.638891875743866,-1.0676604509353638,0.6480797529220581
1788893133353761000,31.266760986328126,0.5153213143348694,-1.0847047567367554,0.8376966714859009
1788893133363780900,31.27678076171875,0.37577176094055176,-1.0580731630325317,0.9420925378799438
1788893133373801500,31.286801513671875,0.23409168422222137,-0.9941573143005371,0.9697893857955933
1788893133383822600,31.296822509765626,0.10945583879947662,-0.9014793634414673,0.9261136054992676
1788893133393844700,31.3068447265625,0.027430538088083267,-0.7885614037513733,0.8217177391052246
1788893133403867100,31.3168671875,-0.019441060721874237,-0.6713824272155762,0.6779071688652039
1788893133423914000,31.3369140625,-0.03861580789089203,-0.4721781015396118,0.3572627902030945
1788893133433938200,31.346938232421873,-0.01837579719722271,-0.39015281200408936,0.2155827283859253
1788893133443962400,31.35696240234375,0.012516847811639309,-0.2985401451587677,0.11438268423080444
1788893133453986600,31.366986572265624,0.06897582113742828,-0.1771000772714615,0.05685844644904137
1788893133464010800,31.3770107421875,0.12223900109529495,-0.05139897018671036,0.04194475710391998
1788893133474032000,31.3870322265625,0.16165375709533691,0.0679105594754219,0.04727107286453247
1788893133484053200,31.39705322265625,0.18935060501098633,0.15100112557411194,0.061119500547647476
1788893133494071800,31.40707177734375,0.19361166656017303,0.19148114323616028,0.06751108169555664
1788893133504090400,31.41709033203125,0.16165375709533691,0.19787272810935974,0.05472791939973831
1788893133514109400,31.427109375,0.09986846894025803,0.18828535079956055,0.02277000993490219
1788893133524128800,31.437128662109377,0.018908429890871048,0.16804534196853638,-0.02197106182575226
1788893133534148400,31.4471484375,-0.07057371735572815,0.14674006402492523,-0.06884266436100006
1788893133544168700,31.457168701171874,-0.1621863842010498,0.13289164006710052,-0.11145320534706116
1788893133554189300,31.467189208984376,-0.24953800439834595,0.12863057851791382,-0.13915006816387177
1788893133564210400,31.47721044921875,-0.3273022472858429,0.12543480098247528,-0.15086796879768372
1788893133574232300,31.487232421875,-0.38589176535606384,0.110521100461483,-0.14554163813591003
1788893133584254200,31.497254150390624,-0.416784405708313,0.06151897460222244,-0.13382373750209808
1788893133594276900,31.50727685546875,-0.4221107065677643,-0.05352949723601341,-0.12530162930488586
1788893133604299500,31.517299560546874,-0.4018706977367401,-0.21971063315868378,-0.11784479022026062
1788893133614322400,31.527322509765625,-0.3507380485534668,-0.4114580750465393,-0.10186583548784256
1788893133624345600,31.537345703125,-0.2697780132293701,-0.592552900314331,-0.06777740269899368
1788893133634369000,31.547369140625,-0.16857796907424927,-0.7193192839622498,-0.011318426579236984
1788893133644397600,31.5573974609375,-0.04181159660220146,-0.7395592927932739,0.06857634335756302
1788893133654414000,31.5674140625,0.09560741484165192,-0.7278413772583008,0.1676458716392517
1788893133664430600,31.5774306640625,0.21491694450378418,-0.7129276990890503,0.2901511788368225
1788893133674447400,31.587447265625,0.29694223403930664,-0.6639255881309509,0.43928807973861694
1788893133684465000,31.59746484375,0.318247526884079,-0.5584644675254822,0.5948165655136108
1788893133694483000,31.60748291015625,0.26285380125045776,-0.41358861327171326,0.7258440256118774
1788893133704501500,31.61750146484375,0.15845796465873718,-0.27403905987739563,0.8206524848937988
1788893133714521000,31.62752099609375,0.025300011038780212,-0.15899059176445007,0.8739156723022461
1788893133724541700,31.637541748046875,-0.13768532872200012,-0.04394212365150452,0.8920251131057739
1788893133734562800,31.647562744140625,-0.31984540820121765,0.11371689289808273,0.8739156723022461
1788893133744585000,31.6575849609375,-0.49987494945526123,0.3075948655605316,0.8249135613441467
1788893133754607600,31.667607666015623,-0.6554034352302551,0.5025381445884705,0.7428882122039795
1788893133764631300,31.67763134765625,-0.7747129797935486,0.6740455627441406,0.6374271512031555
1788893133774655200,31.6876552734375,-0.8620645999908447,0.8082687854766846,0.5266396999359131
1788893133784679700,31.6976796875,-0.915327787399292,0.8892288208007812,0.43396177887916565
1788893133794704400,31.707704345703124,-0.9462204575538635,0.911599338054657,0.36791542172431946
1788893133804729000,31.71772900390625,-0.961134135723114,0.8860330581665039,0.34874069690704346
1788893133814753500,31.72775341796875,-0.9675257205963135,0.8402267098426819,0.3934817612171173
1788893133824775000,31.73777490234375,-0.9930920004844666,0.790159285068512,0.49894285202026367
1788893133834793500,31.74779345703125,-1.0229194164276123,0.7379614114761353,0.6534060835838318
1788893133844812000,31.75781201171875,-1.0676604509353638,0.6815024018287659,0.8387619853019714
1788893133854831000,31.7678310546875,-1.1390331983566284,0.638891875743866,1.0475536584854126
1788893133864850400,31.777850341796874,-1.2540816068649292,0.5941507816314697,1.2606064081192017
1788893133874870300,31.787870361328125,-1.4021532535552979,0.5387570858001709,1.4534190893173218
1788893133884890400,31.797890380859375,-1.5789870023727417,0.45673179626464844,1.6046864986419678
1788893133894911200,31.8079111328125,-1.7867134809494019,0.3406180441379547,1.7133433818817139
1788893133904932400,31.817932373046876,-2.015745162963867,0.2287653684616089,1.7857813835144043
1788893133914954000,31.8279541015625,-2.250103235244751,0.13182637095451355,1.8315876722335815
1788893133924976000,31.83797607421875,-2.4759390354156494,0.056192658841609955,1.846501350402832
1788893133934998500,31.84799853515625,-2.686861276626587,0.00612526573240757,1.8283919095993042
1788893133945021400,31.858021484375,-2.869021415710449,0.003994738683104515,1.7772592306137085
1788893133955044400,31.86804443359375,-3.0160276889801025,0.05512739345431328,1.6962991952896118
1788893133965067500,31.878067626953126,-3.1065750122070312,0.15526217222213745,1.5833812952041626
1788893133975090700,31.888090576171876,-3.1300108432769775,0.270310640335083,1.4363749027252197
1788893133985119500,31.898119384765625,-3.087400436401367,0.38003280758857727,1.2499537467956543
1788893133995135700,31.9081357421875,-2.9925918579101562,0.5004075765609741,1.0390315055847168
1788893134005152300,31.91815234375,-2.8519771099090576,0.6250434517860413,0.8089345693588257
1788893134015169000,31.9281689453125,-2.671947479248047,0.7262434959411621,0.5617933869361877
1788893134025186300,31.938186279296875,-2.4610252380371094,0.8018772006034851,0.2901511788368225
1788893134035204400,31.948204345703125,-2.2234716415405273,0.8625972270965576,0.006791055668145418
1788893134045223200,31.95822314453125,-1.96248197555542,0.8998814821243286,-0.2829606533050537
1788893134055242800,31.96824267578125,-1.6610122919082642,0.8849677443504333,-0.5631250143051147
1788893134065263000,31.97826318359375,-1.3275848627090454,0.8157256245613098,-0.8187882900238037
1788893134075284500,31.988284423828127,-0.9707214832305908,0.7177214026451111,-1.0297104120254517
1788893134085306400,31.998306396484374,-0.5904223918914795,0.6079992055892944,-1.191630482673645
1788893134095329300,32.008329345703125,-0.17923060059547424,0.48868969082832336,-1.3077442646026611
1788893134105352700,32.01835278320313,0.25326642394065857,0.3352917432785034,-1.395095944404602
1788893134115377000,32.028376953125,0.6815024018287659,0.15845796465873718,-1.454750657081604
1788893134125401000,32.038401123046874,1.1097383499145508,-0.03328948840498924,-1.4696643352508545
1788893134135425800,32.04842578125,1.5092122554779053,-0.23142851889133453,-1.4440979957580566
1788893134145450800,32.05845068359375,1.850096583366394,-0.41358861327171326,-1.4036179780960083
1788893134155475500,32.068475341796876,2.1142818927764893,-0.5936181545257568,-1.3588769435882568
1788893134165496600,32.07849658203125,2.2911157608032227,-0.7629950642585754,-1.3077442646026611
1788893134175518000,32.08851806640625,2.367814779281616,-0.9270457029342651,-1.2523505687713623
1788893134185536300,32.09853637695313,2.349705219268799,-1.061268925666809,-1.1852389574050903
1788893134195555000,32.10855517578125,2.245309352874756,-1.103879451751709,-1.1053441762924194
1788893134205574100,32.11857421875,2.0833892822265625,-1.0016140937805176,-1.017992615699768
1788893134215593500,32.12859350585938,1.9150776863098145,-0.7917572259902954,-0.9253146052360535
1788893134225613300,32.13861328125,1.7680712938308716,-0.5424855351448059,-0.821984052658081
1788893134235633400,32.14863330078125,1.639174461364746,-0.31878015398979187,-0.7111966609954834
1788893134245654300,32.158654296875,1.543300747871399,-0.14194637537002563,-0.5993439555168152
1788893134255675400,32.16867529296875,1.4921680688858032,-0.05352949723601341,-0.4800344407558441
1788893134265697000,32.178697021484375,1.463405966758728,-0.04181159660220146,-0.3585943877696991
1788893134275719200,32.18871923828125,1.47299325466156,-0.06418213248252869,-0.2318280041217804
1788893134285741600,32.19874145507813,1.4751238822937012,-0.08335687965154648,-0.09227846562862396
1788893134295764200,32.20876416015625,1.426121711730957,-0.07376950979232788,0.05685844644904137
1788893134305787400,32.21878735351562,1.3632711172103882,-0.05033370852470398,0.21771325170993805
1788893134315810600,32.228810546875,1.2982900142669678,0.014647374860942364,0.3604585826396942
1788893134325833700,32.23883374023438,1.2151994705200195,0.13502216339111328,0.44354915618896484
1788893134335862500,32.24886254882812,1.1193257570266724,0.2692453861236572,0.4733765423297882
1788893134345878800,32.258878662109375,1.0234520435333252,0.3960117697715759,0.45739758014678955
1788893134355895300,32.26889526367187,0.9307740926742554,0.5014728307723999,0.3998733460903168
1788893134365912000,32.278912109375,0.8423572182655334,0.5739107728004456,0.2986733019351959
1788893134375929300,32.28892944335937,0.7667235136032104,0.6111950278282166,0.1729721873998642
1788893134385947400,32.298947509765625,0.6996119022369385,0.626108705997467,0.03555317223072052
1788893134395966200,32.30896630859375,0.6378266215324402,0.6143907904624939,-0.09760478138923645
1788893134405985800,32.31898583984375,0.5845634341239929,0.5589970946311951,-0.21904483437538147
1788893134416006100,32.329006103515624,0.5547360181808472,0.44714441895484924,-0.30959224700927734
1788893134426027300,32.33902734375,0.5600623488426208,0.28628960251808167,-0.336223840713501
1788893134436049400,32.34904931640625,0.5856286883354187,0.0636495053768158,-0.27763432264328003
1788893134446072300,32.359072265625,0.6133255362510681,-0.22290641069412231,-0.12104058265686035
1788893134456095700,32.369095703125,0.6111950278282166,-0.5307676196098328,0.11970899999141693
1788893134466119700,32.37911962890625,0.5526055097579956,-0.8045403361320496,0.4265049397945404
1788893134476144000,32.38914404296875,0.43329599499702454,-1.0026793479919434,0.7705850601196289
1788893134486168800,32.3991689453125,0.25326642394065857,-1.1347720623016357,1.1157305240631104
1788893134496193500,32.409193603515625,0.021038956940174103,-1.1997531652450562,1.4310485124588013
1788893134506218200,32.41921826171875,-0.2239716798067093,-1.1859047412872314,1.6515581607818604
1788893134516239600,32.42923950195313,-0.4263717830181122,-1.14116370677948,1.7559539079666138
1788893134526260700,32.4392607421875,-0.5765739679336548,-1.0857700109481812,1.7506276369094849
1788893134536279300,32.449279296875,-0.672447681427002,-0.9920267462730408,1.6504929065704346
1788893134546297900,32.4592978515625,-0.6948181986808777,-0.8684561848640442,1.4704632759094238
1788893134556317000,32.46931689453125,-0.6266413331031799,-0.7374287843704224,1.226517915725708
1788893134566336300,32.479336181640626,-0.4881570637226105,-0.6085318326950073,0.9314398765563965
1788893134576356000,32.48935620117187,-0.30493173003196716,-0.481765478849411,0.5969471335411072
1788893134586376400,32.49937646484375,-0.09400951862335205,-0.360325425863266,0.22943115234375
1788893134596397000,32.50939697265625,0.11691268533468246,-0.24953800439834595,-0.15725953876972198
1788893134606418200,32.51941821289063,0.3214432895183563,-0.16325165331363678,-0.5301018357276917
1788893134616440000,32.529440185546875,0.5376918315887451,-0.11105373501777649,-0.901878833770752
1788893134626462000,32.5394619140625,0.7241129875183105,-0.09400951862335205,-1.2619379758834839
1788893134636484600,32.54948461914063,0.8796414732933044,-0.08016108721494675,-1.5623422861099243
1788893134646507300,32.55950732421875,0.9797762632369995,-0.04287686198949814,-1.7935044765472412
1788893134656530200,32.5695302734375,1.054344654083252,0.014647374860942364,-1.9682077169418335
1788893134666553300,32.57955322265625,1.1065425872802734,0.06897582113742828,-2.101365804672241
1788893134676576800,32.58957666015625,1.1310436725616455,0.10519478470087051,-2.186586856842041
1788893134686605300,32.59960522460938,1.140631079673767,0.11478215456008911,-2.226001501083374
1788893134696621600,32.60962158203125,1.1267826557159424,0.11158636957406998,-2.230262517929077
1788893134706638000,32.61963818359375,1.0926941633224487,0.11158636957406998,-2.1897826194763184
1788893134716654800,32.62965478515625,1.04475736618042,0.10199899226427078,-2.1056268215179443
1788893134726672100,32.63967211914063,0.9808415174484253,0.07643266767263412,-1.9841866493225098
1788893134736690000,32.64968994140625,0.8998814821243286,0.04660528525710106,-1.8403761386871338
1788893134746708700,32.65970874023437,0.8018772006034851,0.029561065137386322,-1.680586576461792
1788893134756728300,32.669728271484374,0.6857634782791138,0.028495801612734795,-1.516535997390747
1788893134766749000,32.6797490234375,0.5547360181808472,0.04127896577119827,-1.353550672531128
1788893134776770000,32.68977001953125,0.41838228702545166,0.056192658841609955,-1.204413652420044
1788893134786792400,32.69979248046875,0.28735485672950745,0.08921582996845245,-1.073386311531067
1788893134796815400,32.7098154296875,0.16804534196853638,0.15632744133472443,-0.9583377838134766
1788893134806838800,32.7198388671875,0.08602003753185272,0.22663484513759613,-0.8571377396583557
1788893134816863000,32.729863037109375,0.06684529036283493,0.2607232630252838,-0.7601987719535828
1788893134826887400,32.739887451171874,0.08282424509525299,0.22556957602500916,-0.6398239731788635
1788893134836912000,32.749912109375,0.09773793816566467,0.14034847915172577,-0.47790390253067017
1788893134846936800,32.759936767578125,0.09773793816566467,0.056192658841609955,-0.2786996066570282
1788893134856961300,32.769961181640625,0.07430213689804077,-0.02157158963382244,-0.04647212475538254
1788893134866982400,32.779982421875,0.02210422046482563,-0.07057371735572815,0.20493009686470032
1788893134877001000,32.7900009765625,-0.06205160543322563,-0.06524740159511566,0.4595280885696411
1788893134887019500,32.80001953125,-0.17070849239826202,0.013582111336290836,0.6651239991188049
1788893134897038600,32.81003857421875,-0.29108327627182007,0.11371689289808273,0.782302975654602
1788893134907058000,32.820057861328124,-0.4029359817504883,0.1957421898841858,0.8217177391052246
1788893134917077800,32.83007788085938,-0.5020055174827576,0.26391905546188354,0.7854987978935242
1788893134927098000,32.84009814453125,-0.5744433999061584,0.32996541261672974,0.6906903386116028
1788893134937118700,32.85011865234375,-0.6042708158493042,0.36298859119415283,0.5500755310058594
1788893134947139800,32.860139892578125,-0.6106624007225037,0.3171822428703308,0.37643754482269287
1788893134957161700,32.87016162109375,-0.6159886717796326,0.1669800728559494,0.19853851199150085
1788893134967183600,32.88018359375,-0.6191844940185547,-0.0492684431374073,0.06857634335756302
1788893134977206300,32.890206298828126,-0.6340981721878052,-0.27190855145454407,0.009986846707761288
1788893134987229000,32.90022900390625,-0.659664511680603,-0.49774444103240967,0.024900536984205246
1788893134997251800,32.910251953125,-0.6916224360466003,-0.7321024537086487,0.09733846783638
1788893135007275000,32.92027490234375,-0.7193192839622498,-0.9185235500335693,0.21877852082252502
1788893135017298400,32.93029833984375,-0.7555382251739502,-1.0431593656539917,0.38176384568214417
1788893135027327000,32.940326904296874,-0.7885614037513733,-1.1102709770202637,0.5628587007522583
1788893135037343200,32.95034326171875,-0.7864308953285217,-1.1028141975402832,0.7333008646965027
1788893135047359500,32.960359375,-0.7597993016242981,-1.0527467727661133,0.849414587020874
1788893135057376300,32.97037622070312,-0.7150582075119019,-1.0080057382583618,0.899482011795044
1788893135067393500,32.9803935546875,-0.6479465961456299,-0.9728519916534424,0.8888293504714966
1788893135077411300,32.990411376953126,-0.5648560523986816,-0.9515467286109924,0.8174566626548767
1788893135087430100,33.00043017578125,-0.47537389397621155,-0.9526119828224182,0.6896250247955322
1788893135097449700,33.01044970703125,-0.3731085956096649,-0.9749825596809387,0.5170523524284363
1788893135107470000,33.020469970703125,-0.2569948434829712,-1.0133320093154907,0.3093259334564209
1788893135117491500,33.03049145507813,-0.1249021589756012,-1.0570077896118164,0.08242477476596832
1788893135127513600,33.040513671875,0.016777902841567993,-1.096422553062439,-0.15939007699489594
1788893135137536500,33.05053662109375,0.17443692684173584,-1.128380537033081,-0.41292282938957214
1788893135147560000,33.06055981445313,0.3406180441379547,-1.145424723625183,-0.6781734824180603
1788893135157584100,33.07058422851563,0.5206475853919983,-1.1550121307373047,-0.947685182094574
1788893135167608600,33.08060864257813,0.7091992497444153,-1.1699258089065552,-1.2108052968978882
1788893135177633500,33.09063354492187,0.8998814821243286,-1.1848394870758057,-1.4515548944473267
1788893135187658200,33.100658203125,1.0777804851531982,-1.1848394870758057,-1.6699339151382446
1788893135197682700,33.1106826171875,1.2514184713363647,-1.1699258089065552,-1.8584855794906616
1788893135207704000,33.1207041015625,1.405881643295288,-1.1486204862594604,-2.012948751449585
1788893135217722400,33.13072241210938,1.5347785949707031,-1.111336350440979,-2.1290626525878906
1788893135227741200,33.1407412109375,1.6370439529418945,-1.0580731630325317,-2.201500415802002
1788893135237760000,33.15076000976563,1.724395513534546,-1.0154625177383423,-2.2473068237304688
1788893135247779300,33.160779296875,1.8117471933364868,-1.0090709924697876,-2.2728731632232666
1788893135257799200,33.17079907226562,1.904425024986267,-1.0516815185546875,-2.280329942703247
1788893135267819500,33.18081958007812,1.9928419589996338,-1.1145321130752563,-2.2686121463775635
1788893135277840100,33.19084008789063,2.070606231689453,-1.1997531652450562,-2.24198055267334
1788893135287861200,33.200861328125,2.145174741744995,-1.3041490316390991,-2.2142837047576904
1788893135297883000,33.2108828125,2.2335915565490723,-1.401087999343872,-2.1897826194763184
1788893135307905000,33.22090502929687,2.3273346424102783,-1.4927006959915161,-2.1652815341949463
1788893135317927400,33.23092749023437,2.428534746170044,-1.5811175107955933,-2.1503677368164062
1788893135327950300,33.24095043945312,2.542517900466919,-1.66953444480896,-2.136519432067871
1788893135337973200,33.25097314453125,2.661827564239502,-1.7717998027801514,-2.1248013973236084
1788893135347996400,33.260996337890624,2.785398006439209,-1.8634123802185059,-2.1098878383636475
1788893135358019800,33.27101977539063,2.895120143890381,-1.9315892457962036,-2.09177827835083
1788893135368048400,33.28104833984375,2.9856677055358887,-1.9784609079360962,-2.0704729557037354
1788893135378064600,33.291064697265625,3.047452926635742,-2.0232019424438477,-2.0555593967437744
1788893135388081200,33.3010810546875,3.074084520339966,-2.0594208240509033,-2.052363634109497
1788893135398098000,33.31109790039063,3.07301926612854,-2.0775303840637207,-2.0640814304351807
1788893135408115200,33.321115234375,3.053844451904297,-2.090313673019409,-2.101365804672241
1788893135418133200,33.33113330078125,3.0272128582000732,-2.1137492656707764,-2.151432991027832
1788893135428152000,33.341152099609374,3.0016465187072754,-2.1478378772735596,-2.201500415802002
1788893135438171600,33.351171630859376,2.9803414344787598,-2.1765999794006348,-2.2334582805633545
1788893135448192000,33.36119189453125,2.9558403491973877,-2.195774793624878,-2.2323930263519287
1788893135458213400,33.37121337890625,2.9217517375946045,-2.185122013092041,-2.1951088905334473
1788893135468235500,33.381235595703124,2.875945568084717,-2.1520988941192627,-2.1205403804779053
1788893135478258200,33.39125805664062,2.7971160411834717,-2.1041619777679443,-2.0257320404052734
1788893135488281900,33.40128173828125,2.7044379711151123,-2.0434420108795166,-1.9213361740112305
1788893135498305800,33.411305908203126,2.571280002593994,-1.9859176874160767,-1.8201360702514648
1788893135508330500,33.42133056640625,2.397642135620117,-1.9443724155426025,-1.7338497638702393
1788893135518355200,33.431355224609376,2.195242166519165,-1.9230672121047974,-1.6667381525039673
1788893135528380000,33.4413798828125,1.9736672639846802,-1.9113492965698242,-1.6219969987869263
1788893135538404400,33.451404296875,1.7542228698730469,-1.9060230255126953,-1.588973879814148
1788893135548425500,33.46142553710938,1.552888035774231,-1.9038923978805542,-1.551689624786377
1788893135558446800,33.47144677734375,1.3856416940689087,-1.8868482112884521,-1.504818081855774
1788893135568465200,33.481465087890626,1.2556794881820679,-1.8484987020492554,-1.4409022331237793
1788893135578484000,33.49148388671875,1.163001537322998,-1.798431396484375,-1.3684643507003784
1788893135588503000,33.5015029296875,1.1044120788574219,-1.7419723272323608,-1.2875043153762817
1788893135598522400,33.5115224609375,1.074584722518921,-1.6599470376968384,-1.2033483982086182
1788893135608542200,33.52154223632812,1.0671278238296509,-1.5587470531463623,-1.1266494989395142
1788893135618562300,33.53156225585938,1.0799109935760498,-1.4415680170059204,-1.0723210573196411
1788893135628583200,33.54158325195313,1.1001510620117188,-1.3179974555969238,-1.0456894636154175
1788893135638604300,33.55160424804688,1.1171952486038208,-1.1986879110336304,-1.0520809888839722
1788893135648626000,33.5616259765625,1.1321089267730713,-1.0879005193710327,-1.0872347354888916
1788893135658648000,33.57164794921875,1.1385005712509155,-0.9941573143005371,-1.1468894481658936
1788893135668670500,33.58167041015625,1.1353046894073486,-0.9142625331878662,-1.2182620763778687
1788893135678693000,33.59169311523438,1.1246521472930908,-0.8450203537940979,-1.2821779251098633
1788893135688716300,33.60171630859375,1.1022815704345703,-0.7757782340049744,-1.3322453498840332
1788893135698739500,33.611739501953124,1.0735194683074951,-0.7139929533004761,-1.3673990964889526
1788893135708762600,33.6217626953125,1.0383657217025757,-0.6554034352302551,-1.3908348083496094
1788893135718791400,33.63179150390625,0.99468994140625,-0.592552900314331,-1.4100096225738525
1788893135728807400,33.64180737304687,0.9467530846595764,-0.5286371111869812,-1.4291843175888062
1788893135738824000,33.65182397460938,0.903077244758606,-0.4636560082435608,-1.4526201486587524
1788893135748840700,33.6618408203125,0.8668583035469055,-0.4103928208351135,-1.4739253520965576
1788893135758857700,33.671857666015626,0.8423572182655334,-0.3656517565250397,-1.4899044036865234
1788893135768875800,33.68187573242187,0.8285087943077087,-0.3304980397224426,-1.4941654205322266
1788893135778894300,33.69189428710938,0.8231824636459351,-0.3070622384548187,-1.4824475049972534
1788893135788914000,33.70191381835937,0.8210519552230835,-0.2942790687084198,-1.4526201486587524
1788893135798934300,33.71193432617188,0.8114646077156067,-0.2996053993701935,-1.4089443683624268
1788893135808955600,33.72195556640625,0.7933551073074341,-0.32517173886299133,-1.350354790687561
1788893135818977800,33.73197778320313,0.7731150984764099,-0.36671701073646545,-1.2725905179977417
1788893135829000700,33.74200073242187,0.7294392585754395,-0.4263717830181122,-1.1777820587158203
1788893135839024400,33.7520244140625,0.6623276472091675,-0.5030707716941833,-1.0680599212646484
1788893135849048600,33.762048583984374,0.5749760270118713,-0.5573992133140564,-0.934902012348175
1788893135859073000,33.77207299804687,0.46525388956069946,-0.596813976764679,-0.7815040349960327
1788893135869097700,33.78209765625,0.34274858236312866,-0.6085318326950073,-0.6238450407981873
1788893135879122700,33.792122802734376,0.21172115206718445,-0.5882918238639832,-0.4608596861362457
1788893135889147100,33.802147216796875,0.06684529036283493,-0.5637907981872559,-0.2872216999530792
1788893135899168300,33.812168212890626,-0.0918789878487587,-0.5403549671173096,-0.11358373612165451
1788893135909189400,33.822189453125,-0.26338642835617065,-0.5126581192016602,0.04727107286453247
1788893135919208000,33.8322080078125,-0.4338286221027374,-0.4828307330608368,0.1910816729068756
1788893135929226800,33.842226806640625,-0.5989444851875305,-0.45619916915893555,0.32530489563941956
1788893135939245600,33.85224560546875,-0.7502118945121765,-0.416784405708313,0.4499407410621643
1788893135949265000,33.862264892578125,-0.8514119386672974,-0.3592601716518402,0.5522060394287109
1788893135959284700,33.87228466796875,-0.9100014567375183,-0.29108327627182007,0.6086649894714355
1788893135969304800,33.882304931640626,-0.9515467286109924,-0.20373167097568512,0.615056574344635
1788893135979325700,33.89232568359375,-0.9962878227233887,-0.08761793375015259,0.576707124710083
1788893135989346800,33.90234692382813,-1.031441569328308,0.04340949282050133,0.5053344368934631
1788893135999368400,33.91236840820312,-1.053812026977539,0.16804534196853638,0.4126565158367157
1788893136009390600,33.922390625,-1.0559425354003906,0.2894853949546814,0.30293434858322144
1788893136019413000,33.9324130859375,-1.0325068235397339,0.41518649458885193,0.19747324287891388
1788893136029435600,33.942435546875,-0.9760478138923645,0.5334307551383972,0.10266478359699249
1788893136039458800,33.95245874023438,-0.8823046088218689,0.6601971387863159,0.02277000993490219
1788893136049482000,33.96248193359375,-0.7544729709625244,0.7784414291381836,-0.04540686309337616
1788893136059505200,33.97250512695312,-0.592552900314331,0.8551403880119324,-0.11464899778366089
1788893136069534000,33.982533935546876,-0.3933486044406891,0.8753803968429565,-0.18708692491054535
1788893136079550200,33.99255029296875,-0.16538217663764954,0.7922898530960083,-0.27230802178382874
1788893136089566700,34.00256665039063,0.09347688406705856,0.5387570858001709,-0.36498594284057617
1788893136099583700,34.012583740234376,0.3821633458137512,0.1243695318698883,-0.45979443192481995
1788893136109601000,34.02260107421875,0.684698224067688,-0.3933486044406891,-0.5364934206008911
1788893136119619000,34.032619140625,0.96592777967453,-0.9504814743995667,-0.5652555227279663
1788893136129638000,34.04263793945312,1.217329978942871,-1.4660691022872925,-0.5162534117698669
1788893136139657500,34.052657470703124,1.4112080335617065,-1.8484987020492554,-0.37563860416412354
1788893136149677800,34.062677734375,1.5145385265350342,-2.061551570892334,-0.1615206003189087
1788893136159699200,34.07269921875,1.5251911878585815,-2.1041619777679443,0.09733846783638
1788893136169721000,34.08272119140625,1.4421006441116333,-1.9805914163589478,0.34980595111846924
1788893136179744000,34.09274389648437,1.262071132659912,-1.7355808019638062,0.5543365478515625
1788893136189767400,34.102767333984374,1.0138646364212036,-1.4074796438217163,0.6885597705841064
1788893136199791400,34.11279125976562,0.7358308434486389,-1.0474205017089844,0.7226482033729553
1788893136209815800,34.12281591796875,0.49401602149009705,-0.7097318768501282,0.6661892533302307
1788893136219840300,34.13284033203125,0.30546435713768005,-0.44235071539878845,0.530900776386261
1788893136229865200,34.142865234375,0.18189376592636108,-0.24527695775032043,0.3338269889354706
1788893136239889700,34.1528896484375,0.1392832249403,-0.10679268091917038,0.10266478359699249
1788893136249911000,34.1629111328125,0.17017586529254913,-0.010918952524662018,-0.13701952993869781
1788893136259932200,34.17293212890625,0.26391905546188354,0.04554001986980438,-0.37137752771377563
1788893136269950700,34.18295068359375,0.4077296555042267,0.07430213689804077,-0.5961481928825378
1788893136279969300,34.19296923828125,0.5834981799125671,0.08602003753185272,-0.8060051202774048
1788893136289988400,34.20298828125,0.7624624371528625,0.08921582996845245,-0.9902957081794739
1788893136300007700,34.21300756835937,0.9265130758285522,0.08282424509525299,-1.1404979228973389
1788893136310027500,34.22302758789063,1.0532793998718262,0.06684529036283493,-1.2512853145599365
1788893136320047900,34.2330478515625,1.1353046894073486,0.04980107396841049,-1.325853705406189
1788893136330068500,34.243068359375,1.1747194528579712,0.03275685757398605,-1.36313796043396
1788893136340089900,34.25308984375,1.1875026226043701,0.00612526573240757,-1.36313796043396
1788893136350111500,34.26311157226562,1.1715236902236938,-0.0492684431374073,-1.3322453498840332
1788893136360133600,34.273133544921876,1.1235867738723755,-0.13129374384880066,-1.271525263786316
1788893136370156000,34.283156005859375,1.0628668069839478,-0.22929799556732178,-1.1713905334472656
1788893136380178700,34.2931787109375,0.99468994140625,-0.31878015398979187,-1.0350368022918701
1788893136390201900,34.30320190429688,0.9179909229278564,-0.39547911286354065,-0.8773777484893799
1788893136400225000,34.31322509765625,0.8338351249694824,-0.4668518006801605,-0.713327169418335
1788893136410248200,34.323248291015624,0.7475487589836121,-0.5733781456947327,-0.5556681752204895
1788893136420276700,34.33327685546875,0.6676539778709412,-0.6820350289344788,-0.401204913854599
1788893136430293000,34.34329296875,0.588824450969696,-0.7384940385818481,-0.25206801295280457
1788893136440309200,34.353309326171875,0.5142560005187988,-0.7747129797935486,-0.12317110598087311
1788893136450326000,34.36332592773437,0.45247071981430054,-0.8098666667938232,-0.04114580899477005
1788893136460343000,34.37334301757812,0.39920756220817566,-0.8460856676101685,0.005725792143493891
1788893136470360800,34.38336083984375,0.3555317521095276,-0.8833698630332947,0.03768370300531387
1788893136480379600,34.393379638671874,0.3257043659687042,-0.8993488550186157,0.053662657737731934
1788893136490399000,34.40339892578125,0.3022685647010803,-0.885500431060791,0.04620581120252609
1788893136500419300,34.41341943359375,0.2948117256164551,-0.8535425066947937,0.016378428786993027
1788893136510440700,34.423440673828125,0.3022685647010803,-0.8130624890327454,-0.030493171885609627
1788893136520462800,34.433462890625,0.3171822428703308,-0.7661908864974976,-0.08801741153001785
1788893136530485800,34.44348583984375,0.3352917432785034,-0.7193192839622498,-0.15725953876972198
1788893136540509200,34.45350927734375,0.36724963784217834,-0.689491868019104,-0.23928484320640564
1788893136550533400,34.463533447265625,0.41518649458885193,-0.6703171730041504,-0.33196279406547546
1788893136560557800,34.473557861328125,0.47910231351852417,-0.6522076725959778,-0.42677125334739685
1788893136570582500,34.48358251953125,0.5526055097579956,-0.6021402478218079,-0.5226449966430664
1788893136580607500,34.493607421875,0.6506097912788391,-0.5222455263137817,-0.6174534559249878
1788893136590629600,34.503629638671875,0.7784414291381836,-0.48496127128601074,-0.7175882458686829
1788893136600652000,34.513652099609374,0.9265130758285522,-0.47963494062423706,-0.8241145610809326
1788893136610679600,34.52367944335938,1.0926941633224487,-0.5265065431594849,-0.9221188426017761
1788893136620696000,34.533696044921875,1.250353217124939,-0.6479465961456299,-0.9998830556869507
1788893136630712600,34.54371264648437,1.3707280158996582,-0.8524772524833679,-1.0371673107147217
1788893136640729600,34.5537294921875,1.4410353899002075,-1.0484857559204102,-1.0094704627990723
1788893136650747100,34.5637470703125,1.4421006441116333,-1.1645994186401367,-0.9221188426017761
1788893136660765200,34.57376513671875,1.3558143377304077,-1.1571426391601562,-0.7868303656578064
1788893136670784300,34.5837841796875,1.207742691040039,-0.9845699071884155,-0.6408892273902893
1788893136680803800,34.59380395507812,1.0277130603790283,-0.6916224360466003,-0.5428850054740906
1788893136690824200,34.60382421875,0.844487726688385,-0.3741738498210907,-0.5226449966430664
1788893136700845600,34.61384545898437,0.6676539778709412,-0.05459476262331009,-0.5865607857704163
1788893136710867700,34.62386767578125,0.5185170769691467,0.19893798232078552,-0.7111966609954834
1788893136720890400,34.63389038085938,0.4024033546447754,0.37683701515197754,-0.9008135795593262
1788893136730913800,34.64391381835937,0.31611698865890503,0.4961465299129486,-1.144758939743042
1788893136740937700,34.65393774414063,0.25433170795440674,0.5600623488426208,-1.3993569612503052
1788893136750962200,34.66396215820313,0.21278640627861023,0.5600623488426208,-1.6177359819412231
1788893136760986600,34.673986572265626,0.17763271927833557,0.4876244366168976,-1.777525544166565
1788893136771011300,34.68401123046875,0.1392832249403,0.3821633458137512,-1.8606160879135132
1788893136781035500,34.694035400390625,0.10412952303886414,0.2894853949546814,-1.861681342124939
1788893136791056600,34.704056640625,0.07536740601062775,0.21278640627861023,-1.7839170694351196
1788893136801078000,34.714078125,0.05193160101771355,0.13608743250370026,-1.6422370672225952
1788893136811096300,34.724096435546876,0.04554001986980438,0.044474758207798004,-1.454750657081604
1788893136821115100,34.734115234375,0.06684529036283493,-0.03968106955289841,-1.2321105003356934
1788893136831134200,34.74413427734375,0.11797794699668884,-0.11211899667978287,-0.9657946228981018
1788893136841153300,34.7541533203125,0.1904158741235733,-0.17816534638404846,-0.6739124059677124
1788893136851173000,34.76417309570313,0.2692453861236572,-0.2516685426235199,-0.37563860416412354
1788893136861193500,34.774193359375,0.3310306668281555,-0.3411506712436676,-0.08482161909341812
1788893136871214000,34.784214111328126,0.35659700632095337,-0.42850229144096375,0.1825595498085022
1788893136881235200,34.794235107421876,0.3278348743915558,-0.49774444103240967,0.4137217700481415
1788893136891256800,34.8042568359375,0.251135915517807,-0.5403549671173096,0.6012081503868103
1788893136901278700,34.81427880859375,0.13608743250370026,-0.5478118062019348,0.7471492886543274
1788893136911301400,34.82430126953125,-0.008788425475358963,-0.5158539414405823,0.8536756634712219
1788893136921324000,34.834323974609376,-0.17496955394744873,-0.42317599058151245,0.9218525290489197
1788893136931347000,34.84434692382813,-0.349672794342041,-0.29108327627182007,0.9527451395988464
1788893136941370000,34.8543701171875,-0.5105276107788086,-0.12703268229961395,0.9452883005142212
1788893136951393500,34.8643935546875,-0.6500771641731262,0.06258423626422882,0.9037430286407471
1788893136961422000,34.874422119140625,-0.7587340474128723,0.2660495936870575,0.8430230021476746
1788893136971438600,34.8844384765625,-0.8269109129905701,0.4641886353492737,0.7705850601196289
1788893136981454800,34.894454833984376,-0.860999345779419,0.6484792232513428,0.6970819234848022
1788893136991471900,34.904471923828126,-0.8641951084136963,0.7965508699417114,0.6246439814567566
1788893137001489200,34.9144892578125,-0.8407593369483948,0.9126646518707275,0.5575323700904846
1788893137011507200,34.92450708007812,-0.7949529886245728,0.9978857040405273,0.4893554747104645
1788893137021525800,34.93452587890625,-0.7384940385818481,1.0468878746032715,0.42437440156936646
1788893137031545300,34.94454541015625,-0.6767086982727051,1.061801552772522,0.3689807057380676
1788893137041565700,34.95456567382813,-0.6074665784835815,1.0532793998718262,0.331696480512619
1788893137051587000,34.96458715820312,-0.538224458694458,1.0202562808990479,0.31571751832962036
1788893137061609000,34.97460888671875,-0.4775044322013855,0.9723193645477295,0.32956594228744507
1788893137071632000,34.9846318359375,-0.43808966875076294,0.9084035754203796,0.38282912969589233
1788893137081655300,34.9946552734375,-0.42743703722953796,0.827443540096283,0.47550705075263977
1788893137091679500,35.00467944335937,-0.4487423002719879,0.739026665687561,0.6086649894714355
1788893137101704000,35.01470385742188,-0.5126581192016602,0.6676539778709412,0.773780882358551
1788893137111728400,35.02472827148438,-0.5978792309761047,0.6239781975746155,0.9644630551338196
1788893137121753300,35.03475341796875,-0.7150582075119019,0.6069339513778687,1.1508841514587402
1788893137131777800,35.04477783203125,-0.8652604222297668,0.5952160358428955,1.3085432052612305
1788893137141799200,35.054799072265624,-1.0282456874847412,0.5760413408279419,1.420395851135254
1788893137151820300,35.0648203125,-1.178447961807251,0.5462139248847961,1.4704632759094238
1788893137161838800,35.0748388671875,-1.2903006076812744,0.5334307551383972,1.4608758687973022
1788893137171857400,35.084857421875,-1.352085828781128,0.5472791790962219,1.4054821729660034
1788893137181876500,35.09487646484375,-1.3531510829925537,0.5270391702651978,1.3415664434432983
1788893137191895800,35.10489575195312,-1.305214285850525,0.44714441895484924,1.297890543937683
1788893137201915400,35.114915283203125,-1.242363691329956,0.3683148920536041,1.2968252897262573
1788893137211935700,35.12493579101562,-1.178447961807251,0.3086601495742798,1.3511537313461304
1788893137221956400,35.13495629882812,-1.1219888925552368,0.270310640335083,1.4555495977401733
1788893137231977500,35.1449775390625,-1.0804436206817627,0.2852243483066559,1.5950990915298462
1788893137241999000,35.1549990234375,-1.066595196723938,0.3747064769268036,1.7698023319244385
1788893137252021200,35.165021240234374,-1.0889657735824585,0.5621928572654724,1.9572887420654297
1788893137262043600,35.17504370117187,-1.128380537033081,0.8338351249694824,2.105360507965088
1788893137272066300,35.18506640625,-1.1741868257522583,1.1012163162231445,2.1660804748535156
1788893137282089200,35.19508911132812,-1.2146668434143066,1.3323785066604614,2.1405141353607178
1788893137292112400,35.2051123046875,-1.225319504737854,1.5464965105056763,2.0414445400238037
1788893137302135600,35.21513549804688,-1.2157320976257324,1.731852412223816,1.866741418838501
1788893137312164400,35.22516430664062,-1.1965574026107788,1.8788588047027588,1.6430360078811646
1788893137322180900,35.23518090820313,-1.1464899778366089,1.9853850603103638,1.3916337490081787
1788893137332197400,35.245197265625,-1.0804436206817627,2.0578229427337646,1.1274484395980835
1788893137342214400,35.25521435546875,-1.0175931453704834,2.0695409774780273,0.8717851042747498
1788893137352232000,35.26523193359375,-0.9781783223152161,2.0098862648010254,0.6576671600341797
1788893137362250000,35.27525,-0.9600688815116882,1.9012292623519897,0.5149217844009399
1788893137372268800,35.28526879882813,-0.9547425508499146,1.7478313446044922,0.47657233476638794
1788893137382288400,35.29528833007812,-0.9653951525688171,1.4911028146743774,0.5490102767944336
1788893137392308700,35.30530883789063,-0.9973530769348145,1.1736541986465454,0.7407577037811279
1788893137402329900,35.31532983398437,-1.061268925666809,0.8881635665893555,1.0592715740203857
1788893137412352000,35.32535205078125,-1.1496857404708862,0.7283740043640137,1.4875074625015259
1788893137422374700,35.33537475585938,-1.2807132005691528,0.6655234694480896,1.9583539962768555
1788893137432398000,35.34539819335937,-1.430915355682373,0.6921550631523132,2.4238741397857666
1788893137442422000,35.35542211914063,-1.565138578414917,0.7912245988845825,2.8457186222076416
1788893137452446500,35.36544653320313,-1.6897743940353394,0.8253130316734314,3.1482534408569336
1788893137462471000,35.375470947265626,-1.7813870906829834,0.768854022026062,3.2931294441223145
1788893137472495600,35.38549560546875,-1.8250629901885986,0.6591318845748901,3.305912494659424
1788893137482520000,35.39552001953125,-1.8538250923156738,0.5472791790962219,3.220691442489624
1788893137492541200,35.40554125976563,-1.8868482112884521,0.4311654567718506,3.0598366260528564
1788893137502559700,35.415559814453125,-1.9145450592041016,0.3214432895183563,2.869154453277588
1788893137512578300,35.425578369140624,-1.9475682973861694,0.25007063150405884,2.6837985515594482
1788893137522597400,35.435597412109374,-1.9955050945281982,0.2426137924194336,2.5101606845855713
1788893137532616700,35.44561669921875,-2.051964044570923,0.2894853949546814,2.3461101055145264
1788893137542636300,35.45563623046875,-2.10522723197937,0.3683148920536041,2.1831247806549072
1788893137552656600,35.46565673828125,-2.151033639907837,0.45566651225090027,2.0116171836853027
1788893137562677200,35.47567724609375,-2.179795742034912,0.5376918315887451,1.8230655193328857
1788893137572698400,35.485698486328126,-2.1787304878234863,0.5994771122932434,1.6174696683883667
1788893137582720000,35.49571997070313,-2.1318588256835938,0.6410223841667175,1.3948296308517456
1788893137592742100,35.5057421875,-2.0349199771881104,0.6729803085327148,1.159406304359436
1788893137602764500,35.5157646484375,-1.8729997873306274,0.6996119022369385,0.916526198387146
1788893137612787200,35.525787109375,-1.6407723426818848,0.7347655892372131,0.6768419146537781
1788893137622810000,35.53581005859375,-1.3435637950897217,0.7805719375610352,0.4371575713157654
1788893137632833300,35.54583325195313,-1.0090709924697876,0.8402267098426819,0.20919114351272583
1788893137642856400,35.5558564453125,-0.668186604976654,0.8988161683082581,0.009986846707761288
1788893137652885200,35.56588525390625,-0.360325425863266,0.9552751779556274,-0.17110797762870789
1788893137662901500,35.57590161132813,-0.08548741042613983,1.007473111152649,-0.34155014157295227
1788893137672918000,35.58591796875,0.1392832249403,1.0522141456604004,-0.5077312588691711
1788893137682935000,35.59593505859375,0.29268118739128113,1.0596710443496704,-0.6781734824180603
1788893137692952600,35.60595263671875,0.38535910844802856,1.0255825519561768,-0.8560724854469299
1788893137702970600,35.615970703125,0.43862229585647583,0.9137299060821533,-1.0392978191375732
1788893137712989400,35.62598950195313,0.46099284291267395,0.7166560888290405,-1.2278494834899902
1788893137723009000,35.63600903320312,0.45992758870124817,0.46525388956069946,-1.3993569612503052
1788893137733029400,35.646029296875,0.439687579870224,0.18935060501098633,-1.5357106924057007
1788893137743050500,35.65605053710937,0.41518649458885193,-0.09507478028535843,-1.6198664903640747
1788893137753072600,35.66607275390625,0.40453386306762695,-0.3518033027648926,-1.6518244743347168
1788893137763095300,35.67609521484375,0.41838228702545166,-0.5701823830604553,-1.6283886432647705
1788893137773118700,35.68611865234375,0.4546012580394745,-0.7225150465965271,-1.5580812692642212
1788893137783142700,35.696142578125,0.5025381445884705,-0.7779088020324707,-1.4483591318130493
1788893137793167000,35.7061669921875,0.5526055097579956,-0.7363634705543518,-1.3237231969833374
1788893137803191600,35.71619165039063,0.6122602820396423,-0.6692518591880798,-1.2001526355743408
1788893137813216300,35.72621630859375,0.663392961025238,-0.6074665784835815,-1.090430498123169
1788893137823240700,35.73624072265625,0.6857634782791138,-0.5435507893562317,-0.9977525472640991
1788893137833261800,35.74626171875,0.6900244951248169,-0.4956139028072357,-0.9231840968132019
1788893137843280400,35.7562802734375,0.6687192320823669,-0.49774444103240967,-0.8667251467704773
1788893137853299000,35.766298828125,0.6271739602088928,-0.5275717973709106,-0.826245129108429
1788893137863318000,35.776318115234375,0.5643234252929688,-0.5233107805252075,-0.7942872047424316
1788893137873337300,35.78633740234375,0.4865591824054718,-0.45193809270858765,-0.7793735265731812
1788893137883357000,35.79635693359375,0.40879490971565247,-0.3166496157646179,-0.8006787896156311
1788893137893377300,35.806377197265626,0.3406180441379547,-0.1483379602432251,-0.8571377396583557
1788893137903398000,35.81639794921875,0.280963271856308,0.02636527456343174,-0.9402283430099487
1788893137913419000,35.8264189453125,0.23196116089820862,0.1904158741235733,-1.036102056503296
1788893137923440600,35.83644067382812,0.18722008168697357,0.318247526884079,-1.1362367868423462
1788893137933462800,35.846462890625,0.15206637978553772,0.40879490971565247,-1.2385021448135376
1788893137943485200,35.856485107421875,0.12756532430648804,0.45140546560287476,-1.3354411125183105
1788893137953507800,35.8665078125,0.11797794699668884,0.45140546560287476,-1.4142706394195557
1788893137963530800,35.87653076171875,0.12223900109529495,0.41838228702545166,-1.4771212339401245
1788893137973554000,35.88655395507813,0.14460954070091248,0.37577176094055176,-1.529319167137146
1788893137983577000,35.8965771484375,0.19680745899677277,0.3587275445461273,-1.5655380487442017
1788893137993605600,35.906605712890624,0.2852243483066559,0.3502054214477539,-1.5804517269134521
1788893138003622000,35.91662182617188,0.43755704164505005,0.33316120505332947,-1.5729949474334717
1788893138013638400,35.926638427734375,0.647413969039917,0.30120328068733215,-1.5197317600250244
1788893138023655200,35.9366552734375,0.8913593292236328,0.24367906153202057,-1.3972264528274536
1788893138033672400,35.94667236328125,1.121456265449524,0.14247901737689972,-1.1958916187286377
1788893138043690500,35.9566904296875,1.2663321495056152,0.0050600022077560425,-0.910400927066803
1788893138053709300,35.966709228515626,1.291898488998413,-0.14727269113063812,-0.5428850054740906
1788893138063728600,35.97672875976563,1.158740520477295,-0.28256118297576904,-0.11464899778366089
1788893138073749200,35.986749267578126,0.8721846342086792,-0.38589176535606384,0.3476754128932953
1788893138083770400,35.99677026367188,0.48016759753227234,-0.4583296775817871,0.7833682298660278
1788893138093792500,36.00679248046875,0.03914843872189522,-0.47111284732818604,1.1306442022323608
1788893138103815400,36.0168154296875,-0.4103928208351135,-0.416784405708313,1.3500884771347046
1788893138113838800,36.0268388671875,-0.7896266579627991,-0.33475908637046814,1.4672675132751465
1788893138123862800,36.03686279296875,-1.0751173496246338,-0.228232741355896,1.494964361190796
1788893138133887000,36.046886962890625,-1.2657995223999023,-0.12277163565158844,1.452353835105896
1788893138143911700,36.05691162109375,-1.3329111337661743,-0.015180006623268127,1.3586106300354004
1788893138153936400,36.066936279296876,-1.296692132949829,0.10519478470087051,1.239301085472107
1788893138163960800,36.0769609375,-1.1805784702301025,0.2181127369403839,1.0965557098388672
1788893138173982200,36.08698217773438,-1.0218541622161865,0.30120328068733215,0.9357009530067444
1788893138184003300,36.09700341796875,-0.8450203537940979,0.3651190996170044,0.7652587890625
1788893138194021600,36.107021728515626,-0.668186604976654,0.4119907021522522,0.5990776419639587
1788893138204040400,36.11704052734375,-0.5073317885398865,0.42796966433525085,0.44781020283699036
1788893138214059300,36.127059326171874,-0.35393384099006653,0.3970770239830017,0.3189133107662201
1788893138224078600,36.13707861328125,-0.22184115648269653,0.3352917432785034,0.21238693594932556
1788893138234098400,36.14709838867188,-0.12064110487699509,0.24580958485603333,0.1452753245830536
1788893138244118500,36.157118408203125,-0.036485280841588974,0.16058848798274994,0.11970899999141693
1788893138254139400,36.167139404296876,0.019973693415522575,0.1009337306022644,0.1346226930618286
1788893138264160500,36.177160400390626,0.05299686640501022,0.060453712940216064,0.1868206113576889
1788893138274182100,36.18718212890625,0.07217161357402802,0.018908429890871048,0.2667153775691986
1788893138284204000,36.1972041015625,0.08069372177124023,-0.04181159660220146,0.35513225197792053
1788893138294226400,36.207226318359375,0.0679105594754219,-0.11744531989097595,0.43928807973861694
1788893138304249000,36.2172490234375,0.03275685757398605,-0.2090579867362976,0.5138565301895142
1788893138314272300,36.22727221679688,-0.02157158963382244,-0.31451907753944397,0.5660544633865356
1788893138324295200,36.23729516601563,-0.08974846452474594,-0.4157191216945648,0.5820333957672119
1788893138334318600,36.24731860351562,-0.1579253375530243,-0.500940203666687,0.5692502856254578
1788893138344347100,36.25734716796875,-0.21971063315868378,-0.5403549671173096,0.5319660305976868
1788893138354363400,36.26736328125,-0.2612559199333191,-0.5414202213287354,0.4733765423297882
1788893138364380000,36.2773798828125,-0.2708432674407959,-0.5073317885398865,0.3977428078651428
1788893138374396700,36.287396728515624,-0.23888537287712097,-0.41465386748313904,0.3093259334564209
1788893138384414000,36.2974140625,-0.16964323818683624,-0.2601906359195709,0.219843789935112
1788893138394431700,36.307431640625,-0.06524740159511566,-0.048203181475400925,0.13249216973781586
1788893138404450600,36.317450439453125,0.07536740601062775,0.15206637978553772,0.0366184376180172
1788893138414470100,36.32747021484375,0.2330264151096344,0.22556957602500916,-0.05819002538919449
1788893138424490500,36.337490478515626,0.3693801760673523,0.20746009051799774,-0.12423637509346008
1788893138434511600,36.34751171875,0.46525388956069946,0.17869797348976135,-0.13595427572727203
1788893138444533800,36.35753369140625,0.5067991614341736,0.1201084777712822,-0.10186583548784256
1788893138454556400,36.367556396484375,0.5025381445884705,0.048735812306404114,-0.047537390142679214
1788893138464579800,36.37757983398438,0.46631917357444763,0.03275685757398605,0.03235738351941109
1788893138474603800,36.387603759765625,0.383228600025177,0.08815056830644608,0.12183953076601028
1788893138484628200,36.397628173828124,0.2692453861236572,0.24474431574344635,0.18469008803367615
1788893138494653000,36.40765283203125,0.14460954070091248,0.46205809712409973,0.2006690353155136
1788893138504677600,36.417677734375,0.025300011038780212,0.6878939867019653,0.17084164917469025
1788893138514702000,36.4277021484375,-0.07590003311634064,0.9062730669975281,0.10373004525899887
1788893138524723500,36.43772338867188,-0.14727269113063812,1.0692583322525024,0.011052110232412815
1788893138534744600,36.44774462890625,-0.1771000772714615,1.140631079673767,-0.11038794368505478
1788893138544763000,36.457762939453126,-0.19201377034187317,1.1416963338851929,-0.24993747472763062
1788893138554781700,36.46778173828125,-0.2186453640460968,1.054344654083252,-0.36498594284057617
1788893138564800500,36.477800537109374,-0.2761695981025696,0.8839024901390076,-0.43209755420684814
1788893138574819800,36.48781982421875,-0.36778226494789124,0.6772413849830627,-0.4331628382205963
1788893138584839700,36.49783959960938,-0.4647212624549866,0.47484126687049866,-0.3735080659389496
1788893138594859800,36.50785986328125,-0.568051815032959,0.29268118739128113,-0.2680469751358032
1788893138604880600,36.517880615234375,-0.6607297658920288,0.148870587348938,-0.11145320534706116
1788893138614901800,36.52790185546875,-0.7299718856811523,0.04767054691910744,0.07603318989276886
1788893138624923400,36.53792333984375,-0.7704519033432007,-0.024767380207777023,0.2667153775691986
1788893138634945300,36.5479453125,-0.7821698188781738,-0.09294424951076508,0.43396177887916565
1788893138644967700,36.5579677734375,-0.7693866491317749,-0.1771000772714615,0.5404881238937378
1788893138654990300,36.567990234375,-0.7384940385818481,-0.2708432674407959,0.5799028873443604
1788893138665013500,36.578013427734376,-0.7012097835540771,-0.35819488763809204,0.5511407852172852
1788893138675036400,36.58803637695313,-0.6639255881309509,-0.4391549229621887,0.4648544192314148
1788893138685059600,36.5980595703125,-0.6149234175682068,-0.5158539414405823,0.33063119649887085
1788893138695088400,36.60808837890625,-0.5542033910751343,-0.5893571376800537,0.16445007920265198
1788893138705104400,36.6181044921875,-0.4913528561592102,-0.651142418384552,-0.030493171885609627
1788893138715121000,36.628120849609374,-0.41891491413116455,-0.6937529444694519,-0.2360890507698059
1788893138725137700,36.6381376953125,-0.3411506712436676,-0.7225150465965271,-0.44488072395324707
1788893138735154700,36.64815478515625,-0.2516685426235199,-0.7427550554275513,-0.6494113206863403
1788893138745172700,36.6581728515625,-0.1430116444826126,-0.7661908864974976,-0.8400935530662537
1788893138755191300,36.66819140625,-0.023702116683125496,-0.7949529886245728,-1.010535717010498
1788893138765211000,36.6782109375,0.11265163123607635,-0.8173235058784485,-1.1436936855316162
1788893138775231500,36.6882314453125,0.2575274705886841,-0.8375635147094727,-1.236371636390686
1788893138785252600,36.698252685546876,0.3928159773349762,-0.8535425066947937,-1.2938958406448364
1788893138795274800,36.70827465820312,0.5163865685462952,-0.8748477697372437,-1.32052743434906
1788893138805297400,36.71829736328125,0.6282392144203186,-0.9078709483146667,-1.3301148414611816
1788893138815321000,36.72832104492188,0.7123950719833374,-0.9568730592727661,-1.32798433303833
1788893138825345000,36.738344970703125,0.7709845304489136,-1.036767840385437,-1.3226579427719116
1788893138835369500,36.748369384765624,0.8167908787727356,-1.1379679441452026,-1.32052743434906
1788893138845394200,36.758394287109375,0.8508793115615845,-1.2572773694992065,-1.3194621801376343
1788893138855419000,36.7684189453125,0.8913593292236328,-1.3701953887939453,-1.3056137561798096
1788893138865443000,36.778443115234374,0.9392961859703064,-1.4628733396530151,-1.2693947553634644
1788893138875464400,36.78846435546875,0.9925593733787537,-1.5235933065414429,-1.2108052968978882
1788893138885482800,36.79848266601562,1.0479531288146973,-1.548094391822815,-1.137302041053772
1788893138895501300,36.80850122070313,1.1044120788574219,-1.5438333749771118,-1.0584726333618164
1788893138905520400,36.81852026367188,1.1747194528579712,-1.5235933065414429,-0.9849693775177002
1788893138915539700,36.82853979492187,1.28018057346344,-1.5203975439071655,-0.9380977749824524
1788893138925559300,36.838559326171875,1.4399701356887817,-1.577921748161316,-0.926379919052124
1788893138935579400,36.84857934570312,1.6594144105911255,-1.7153407335281372,-0.9391630291938782
1788893138945600000,36.85860009765625,1.900164008140564,-1.9145450592041016,-0.9594030380249023
1788893138955621000,36.86862109375,2.115347385406494,-2.095639944076538,-0.9604683518409729
1788893138965642800,36.878642822265626,2.2815284729003906,-2.2160146236419678,-0.9178577661514282
1788893138975664600,36.88866455078125,2.358227491378784,-2.254364252090454,-0.8635293245315552
1788893138985687000,36.89868701171875,2.3774020671844482,-2.160620927810669,-0.81346195936203
1788893138995710000,36.9087099609375,2.3454442024230957,-1.9582208395004272,-0.7815040349960327
1788893139005732900,36.91873291015625,2.2580926418304443,-1.7132102251052856,-0.8006787896156311
1788893139015756000,36.928756103515624,2.1590230464935303,-1.4543511867523193,-0.8763124942779541
1788893139025779200,36.938779296875,2.0823240280151367,-1.2167973518371582,-0.9913609623908997
1788893139035807700,36.94880786132813,2.025865077972412,-1.0516815185546875,-1.1287800073623657
1788893139045824300,36.95882421875,2.0002987384796143,-0.9781783223152161,-1.2672642469406128
1788893139055840500,36.96884057617188,1.997102975845337,-0.9472857117652893,-1.36313796043396
1788893139065857500,36.978857421875,1.9736672639846802,-0.9206541180610657,-1.4068137407302856
1788893139075874800,36.98887475585938,1.9182734489440918,-0.885500431060791,-1.404683232307434
1788893139085892600,36.998892578125,1.8255956172943115,-0.8333024978637695,-1.3769863843917847
1788893139095911400,37.00891137695312,1.6903071403503418,-0.7693866491317749,-1.3226579427719116
1788893139105931000,37.018930908203124,1.5379743576049805,-0.6948181986808777,-1.2427631616592407
1788893139115951400,37.02895141601562,1.3739237785339355,-0.6319676637649536,-1.1436936855316162
1788893139125972500,37.03897241210937,1.2098731994628906,-0.5893571376800537,-1.0339715480804443
1788893139135994600,37.04899462890625,1.061801552772522,-0.5733781456947327,-0.9199883341789246
1788893139146017300,37.05901733398437,0.9339699149131775,-0.60533607006073,-0.821984052658081
1788893139156040700,37.069040771484374,0.8380961418151855,-0.6980140209197998,-0.7484808564186096
1788893139166064600,37.07906469726562,0.7667235136032104,-0.8364982604980469,-0.7101313471794128
1788893139176088800,37.0890888671875,0.7187866568565369,-0.9952225685119629,-0.7037398219108582
1788893139186113500,37.09911352539063,0.6825676560401917,-1.14116370677948,-0.7239798307418823
1788893139196138200,37.10913818359375,0.6548708081245422,-1.2530163526535034,-0.7612640261650085
1788893139206162700,37.11916259765625,0.638891875743866,-1.3265196084976196,-0.8145272135734558
1788893139216183800,37.12918383789062,0.6282392144203186,-1.3616732358932495,-0.8827040791511536
1788893139226202400,37.13920239257813,0.6271739602088928,-1.3616732358932495,-0.9583377838134766
1788893139236221000,37.149220947265626,0.6335655450820923,-1.3456943035125732,-1.0467547178268433
1788893139246239700,37.15923974609375,0.6516750454902649,-1.3179974555969238,-1.150085210800171
1788893139256259000,37.169259033203126,0.6857634782791138,-1.292431116104126,-1.2757863998413086
1788893139266279000,37.17927880859375,0.7358308434486389,-1.2807132005691528,-1.4153358936309814
1788893139276299000,37.18929907226563,0.7965508699417114,-1.284974217414856,-1.5729949474334717
1788893139286319600,37.199319580078125,0.8647277355194092,-1.2988226413726807,-1.734915018081665
1788893139296340700,37.2093408203125,0.9243825078010559,-1.3030837774276733,-1.8851171731948853
1788893139306362400,37.2193623046875,0.9872331023216248,-1.2892353534698486,-2.0161445140838623
1788893139316384300,37.22938427734375,1.0554099082946777,-1.2615385055541992,-2.1290626525878906
1788893139326406700,37.23940673828125,1.1246521472930908,-1.208275318145752,-2.2174794673919678
1788893139336429300,37.24942919921875,1.1949595212936401,-1.1219888925552368,-2.280329942703247
1788893139346452200,37.2594521484375,1.2556794881820679,-1.0133320093154907,-2.3240058422088623
1788893139356475400,37.26947534179688,1.3185300827026367,-0.906805694103241,-2.360224723815918
1788893139366498600,37.27949853515625,1.384576439857483,-0.8141277432441711,-2.390052080154419
1788893139376527400,37.28952734375,1.4410353899002075,-0.7129276990890503,-2.4177489280700684
1788893139386543600,37.29954370117188,1.476189136505127,-0.6159886717796326,-2.4369237422943115
1788893139396560000,37.309559814453124,1.4953638315200806,-0.5744433999061584,-2.4529027938842773
1788893139406576600,37.31957666015625,1.4953638315200806,-0.5456812977790833,-2.4667510986328125
1788893139416594000,37.32959399414062,1.4612754583358765,-0.5499423742294312,-2.4614248275756836
1788893139426612000,37.33961206054688,1.4048163890838623,-0.5701823830604553,-2.4220099449157715
1788893139436630500,37.349630615234375,1.3355742692947388,-0.58403080701828,-2.354898452758789
1788893139446650000,37.35965014648438,1.242896318435669,-0.613858163356781,-2.255828857421875
1788893139456670500,37.36967041015625,1.133174180984497,-0.6458160877227783,-2.125866651535034
1788893139466691600,37.379691650390626,1.0085383653640747,-0.6671213507652283,-1.9724687337875366
1788893139476713700,37.38971362304687,0.8785761594772339,-0.7033402919769287,-1.7935044765472412
1788893139486736400,37.399736328125,0.7305045127868652,-0.7555382251739502,-1.5996265411376953
1788893139496759800,37.409759765625,0.5771065950393677,-0.810931921005249,-1.4057484865188599
1788893139506783700,37.41978369140625,0.43329599499702454,-0.8727172613143921,-1.2182620763778687
1788893139516808200,37.42980810546875,0.3022685647010803,-0.9526119828224182,-1.0499504804611206
1788893139526833000,37.4398330078125,0.20106850564479828,-1.061268925666809,-0.9050745964050293
1788893139536857600,37.449857666015625,0.13502216339111328,-1.1720563173294067,-0.7942872047424316
1788893139546882000,37.459882080078124,0.10412952303886414,-1.2487553358078003,-0.7271755933761597
1788893139556903200,37.469903076171875,0.10519478470087051,-1.292431116104126,-0.6984134912490845
1788893139566921700,37.47992163085937,0.1392832249403,-1.2988226413726807,-0.6984134912490845
1788893139576940300,37.48994018554688,0.19893798232078552,-1.2689952850341797,-0.7186535000801086
1788893139586959000,37.499958984375,0.270310640335083,-1.2167973518371582,-0.7538071870803833
1788893139596978400,37.509978515625,0.35233595967292786,-1.1464899778366089,-0.8102661371231079
1788893139606998000,37.519998046875,0.4492749273777008,-1.0506162643432617,-0.8752472400665283
1788893139617018400,37.53001831054687,0.5579318404197693,-0.9376983046531677,-0.9455546140670776
1788893139627039000,37.5400390625,0.6697844862937927,-0.8247803449630737,-1.0094704627990723
1788893139637060000,37.55006005859375,0.7741803526878357,-0.7416898012161255,-1.0627336502075195
1788893139647081500,37.56008154296875,0.8625972270965576,-0.7150582075119019,-1.1032136678695679
1788893139657103600,37.570103515625,0.9158604145050049,-0.7416898012161255,-1.1213231086730957
1788893139667126000,37.5801259765625,0.927578330039978,-0.7885614037513733,-1.1096051931381226
1788893139677148700,37.59014868164063,0.8988161683082581,-0.8205193281173706,-1.064864158630371
1788893139687171600,37.60017163085938,0.8498140573501587,-0.8173235058784485,-0.9956220388412476
1788893139697194500,37.61019458007812,0.7880287766456604,-0.7832350730895996,-0.9199883341789246
1788893139707217700,37.6202177734375,0.714525580406189,-0.7299718856811523,-0.8571377396583557
1788893139717246200,37.63024609375,0.6356960535049438,-0.6575340032577515,-0.8028092980384827
1788893139727262700,37.6402626953125,0.5579318404197693,-0.5744433999061584,-0.7580682635307312
1788893139737279500,37.65027954101563,0.48975494503974915,-0.4647212624549866,-0.7250450849533081
1788893139747296300,37.660296142578126,0.4205128252506256,-0.4018706977367401,-0.7154576778411865
1788893139757313800,37.67031372070313,0.35340121388435364,-0.3826959729194641,-0.7207840085029602
1788893139767331800,37.680331787109374,0.30120328068733215,-0.3869570195674896,-0.7186535000801086
1788893139777350400,37.69035034179687,0.23515695333480835,-0.41784965991973877,-0.6930871605873108
1788893139787370000,37.700369873046874,0.17550218105316162,-0.5062665343284607,-0.6472808122634888
1788893139797390300,37.71039038085937,0.138217955827713,-0.6415550112724304,-0.5929523706436157
1788893139807411500,37.72041137695312,0.12650005519390106,-0.802409827709198,-0.5237102508544922
1788893139817433600,37.73043359375,0.12756532430648804,-0.9813741445541382,-0.42783650755882263
1788893139827456300,37.74045629882813,0.13608743250370026,-1.1720563173294067,-0.3170490860939026
1788893139837479700,37.750479736328124,0.15526217222213745,-1.352085828781128,-0.18282587826251984
1788893139847503400,37.76050341796875,0.17337165772914886,-1.518267035484314,-0.02516685426235199
1788893139857527800,37.77052783203125,0.17443692684173584,-1.6684691905975342,0.15166690945625305
1788893139867552300,37.78055224609375,0.1435442715883255,-1.7920397520065308,0.34021857380867004
1788893139877577000,37.79057690429688,0.08921582996845245,-1.8772608041763306,0.5181176066398621
1788893139887601200,37.80060107421875,0.012516847811639309,-1.91241455078125,0.6619281768798828
1788893139897622300,37.81062231445313,-0.0727042406797409,-1.9081535339355469,0.7567366361618042
1788893139907640800,37.820640869140625,-0.1664474457502365,-1.86980402469635,0.7929556369781494
1788893139917659400,37.83065942382812,-0.24634221196174622,-1.783517599105835,0.7673892974853516
1788893139927678200,37.84067822265625,-0.30173593759536743,-1.6535555124282837,0.6811029314994812
1788893139937697500,37.850697509765624,-0.31878015398979187,-1.4841785430908203,0.5351617932319641
1788893139947717400,37.86071728515625,-0.28256118297576904,-1.2956268787384033,0.3327617347240448
1788893139957737500,37.870737548828124,-0.2005358785390854,-1.1006836891174316,0.09094688296318054
1788893139967758000,37.88075805664062,-0.08655267208814621,-0.906805694103241,-0.15512901544570923
1788893139977779200,37.890779296875,0.07856319099664688,-0.7076013684272766,-0.4193144142627716
1788893139987800600,37.900800537109376,0.2522011697292328,-0.5360939502716064,-0.7314366698265076
1788893139997822700,37.91082275390625,0.4301002025604248,-0.40080544352531433,-1.0584726333618164
1788893140007845000,37.92084521484375,0.6111950278282166,-0.29747486114501953,-1.3663337230682373
1788893140017867800,37.93086767578125,0.7635276913642883,-0.2186453640460968,-1.6411718130111694
1788893140027890700,37.940890625,0.8881635665893555,-0.15366427600383759,-1.8659424781799316
1788893140037913600,37.95091357421875,0.9797762632369995,-0.10998847335577011,-2.0353193283081055
1788893140047936800,37.960936767578126,1.04475736618042,-0.09507478028535843,-2.1450414657592773
1788893140057965300,37.97096533203125,1.0894984006881714,-0.0918789878487587,-2.190847873687744
1788893140067981800,37.98098193359375,1.1257174015045166,-0.08655267208814621,-2.1780645847320557
1788893140077998300,37.99099829101562,1.163001537322998,-0.07057371735572815,-2.1098878383636475
1788893140088015000,38.00101513671875,1.1949595212936401,-0.04607265070080757,-1.9895130395889282
1788893140098032600,38.01103271484375,1.2194606065750122,-0.019441060721874237,-1.826527714729309
1788893140108050700,38.02105078125,1.2194606065750122,-0.0034621069207787514,-1.6411718130111694
1788893140118069200,38.0310693359375,1.1906983852386475,0.013582111336290836,-1.4504896402359009
1788893140128088800,38.0410888671875,1.1342394351959229,0.003994738683104515,-1.258742094039917
1788893140138109200,38.05110913085937,1.0383657217025757,-0.029028434306383133,-1.07764732837677
1788893140148130600,38.061130615234376,0.903077244758606,-0.10253162682056427,-0.9146620035171509
1788893140158152400,38.07115234375,0.7326350808143616,-0.19627483189105988,-0.7719166874885559
1788893140168175000,38.08117504882812,0.5440834164619446,-0.30173593759536743,-0.6440850496292114
1788893140178198500,38.091198486328125,0.35340121388435364,-0.4071970283985138,-0.5322323441505432
1788893140188222200,38.10122216796875,0.1808284968137741,-0.4902876019477844,-0.43209755420684814
1788893140198246700,38.11124658203125,0.035952646285295486,-0.5350286364555359,-0.33835434913635254
1788893140208271000,38.12127099609375,-0.0684431865811348,-0.5552686452865601,-0.24993747472763062
1788893140218295800,38.1312958984375,-0.13129374384880066,-0.5637907981872559,-0.16791218519210815
1788893140228320000,38.14132006835938,-0.16431692242622375,-0.5616602301597595,-0.09653951972723007
1788893140238341000,38.15134106445313,-0.17390428483486176,-0.5499423742294312,-0.04114580899477005
1788893140248359700,38.161359619140626,-0.1675127148628235,-0.5275717973709106,-0.002796316985040903
1788893140258378200,38.171378173828124,-0.14940322935581207,-0.5105276107788086,0.016378428786993027
1788893140268397000,38.18139697265625,-0.12383689731359482,-0.5020055174827576,0.017443692311644554
1788893140278416400,38.19141650390625,-0.0822916179895401,-0.508397102355957,0.005725792143493891
1788893140288436200,38.20143627929688,-0.03435475379228592,-0.5307676196098328,-0.014514217153191566
1788893140298456300,38.211456298828125,0.018908429890871048,-0.5659213066101074,-0.04434159770607948
1788893140308477000,38.221476806640624,0.08175898343324661,-0.6149234175682068,-0.08269108831882477
1788893140318498000,38.231498046875,0.14567480981349945,-0.6671213507652283,-0.1284974217414856
1788893140328519400,38.24151953125,0.21172115206718445,-0.7225150465965271,-0.16791218519210815
1788893140338541600,38.25154150390625,0.280963271856308,-0.7779088020324707,-0.19560903310775757
1788893140348564000,38.26156396484375,0.3502054214477539,-0.8141277432441711,-0.2041311413049698
1788893140358586600,38.271586669921874,0.42903491854667664,-0.8194540739059448,-0.19560903310775757
1788893140368609500,38.281609619140625,0.5217128396034241,-0.810931921005249,-0.17856481671333313
1788893140378632400,38.291632568359375,0.6335655450820923,-0.7992140650749207,-0.16045533120632172
1788893140388655600,38.301655517578126,0.760331928730011,-0.7693866491317749,-0.14021532237529755
1788893140398684200,38.31168408203125,0.8945551514625549,-0.7310371994972229,-0.11677952855825424
1788893140408700400,38.321700439453124,1.0298435688018799,-0.6862961053848267,-0.10399636626243591
1788893140418717000,38.33171704101562,1.151283621788025,-0.6383592486381531,-0.10080057382583618
1788893140428733700,38.34173364257813,1.2343742847442627,-0.5701823830604553,-0.10825742036104202
1788893140438751000,38.3517509765625,1.3142690658569336,-0.4860265254974365,-0.13488900661468506
1788893140448769000,38.36176904296875,1.3856416940689087,-0.5190497040748596,-0.18708692491054535
1788893140458787600,38.37178759765625,1.4357091188430786,-0.7257108688354492,-0.22330589592456818
1788893140468807200,38.38180712890625,1.4602100849151611,-1.0048099756240845,-0.1796300858259201
1788893140478827300,38.3918271484375,1.4378396272659302,-1.2881700992584229,-0.04008054360747337
1788893140488848400,38.40184838867187,1.3494226932525635,-1.5534206628799438,0.18149429559707642
1788893140498870500,38.41187060546875,1.2141342163085938,-1.7600818872451782,0.4691154658794403
1788893140508893200,38.42189306640625,1.0277130603790283,-1.8708692789077759,0.8014777302742004
1788893140518916600,38.43191650390625,0.8167908787727356,-1.8889787197113037,1.1604715585708618
1788893140528940500,38.4419404296875,0.5653886795043945,-1.837846040725708,1.5056170225143433
1788893140538964700,38.45196484375,0.28202855587005615,-1.7036229372024536,1.792172908782959
1788893140548989400,38.46198950195313,-0.020506324246525764,-1.4500901699066162,1.9743330478668213
1788893140559014100,38.47201416015625,-0.30599698424339294,-1.1049447059631348,2.020139455795288
1788893140569038600,38.48203857421875,-0.5265065431594849,-0.7225150465965271,1.9317224025726318
1788893140579059700,38.49205981445313,-0.672447681427002,-0.3795001804828644,1.7367792129516602
1788893140589078300,38.50207836914063,-0.7395592927932739,-0.06737792491912842,1.4417011737823486
1788893140599096800,38.512096923828125,-0.7235803008079529,0.20213377475738525,1.0518146753311157
1788893140609115600,38.52211572265625,-0.6181192398071289,0.393881231546402,0.6097303032875061
1788893140619135000,38.532135009765625,-0.425306499004364,0.5185170769691467,0.14634059369564056
1788893140629154600,38.54215454101563,-0.1621863842010498,0.6037381887435913,-0.30852699279785156
1788893140639175000,38.5521748046875,0.14460954070091248,0.6452834606170654,-0.737828254699707
1788893140649195500,38.562195556640624,0.4961465299129486,0.617586612701416,-1.1106704473495483
1788893140659216600,38.572216552734375,0.8764456510543823,0.5089297294616699,-1.407879114151001
1788893140669238000,38.58223803710938,1.2610058784484863,0.3075948655605316,-1.6156054735183716
1788893140679260200,38.59226025390625,1.619999647140503,0.048735812306404114,-1.714674949645996
1788893140689282300,38.6022822265625,1.9321218729019165,-0.24847275018692017,-1.7093486785888672
1788893140699305000,38.61230493164062,2.175002098083496,-0.5552686452865601,-1.618801236152649
1788893140709328000,38.62232788085937,2.3326611518859863,-0.8215845823287964,-1.4771212339401245
1788893140719351000,38.63235107421875,2.408294677734375,-1.016527771949768,-1.3066790103912354
1788893140729374200,38.64237426757813,2.4221432209014893,-1.1443594694137573,-1.1245189905166626
1788893140739402800,38.65240283203125,2.39444637298584,-1.2189279794692993,-0.9572725296020508
1788893140749419000,38.6624189453125,2.3252041339874268,-1.2476900815963745,-0.8251798748970032
1788893140759435300,38.67243530273438,2.2165472507476807,-1.2391679286956787,-0.7250450849533081
1788893140769452000,38.6824521484375,2.0929768085479736,-1.1891005039215088,-0.6558029055595398
1788893140779469300,38.69246923828125,1.9427745342254639,-1.120923638343811,-0.6206492185592651
1788893140789487400,38.7024873046875,1.76594078540802,-1.0388983488082886,-0.6099966168403625
1788893140799506000,38.712505859375,1.564605951309204,-0.9515467286109924,-0.6121271252632141
1788893140809525500,38.722525390625,1.3440964221954346,-0.8769782781600952,-0.637693464756012
1788893140819545900,38.7325458984375,1.1257174015045166,-0.8173235058784485,-0.6888260841369629
1788893140829567000,38.74256689453125,0.9265130758285522,-0.7693866491317749,-0.7580682635307312
1788893140839589000,38.75258911132813,0.7635276913642883,-0.7193192839622498,-0.8400935530662537
1788893140849611800,38.76261181640625,0.647413969039917,-0.672447681427002,-0.9338367581367493
1788893140859635200,38.77263525390625,0.5984118580818176,-0.613858163356781,-1.0329062938690186
1788893140869659100,38.7826591796875,0.6069339513778687,-0.5286371111869812,-1.12771475315094
1788893140879683300,38.792683349609376,0.6548708081245422,-0.42850229144096375,-1.211870551109314
1788893140889708000,38.8027080078125,0.7294392585754395,-0.3262369930744171,-1.2885695695877075
1788893140899732700,38.81273266601563,0.814660370349884,-0.22184115648269653,-1.3524852991104126
1788893140909757200,38.82275708007813,0.890294075012207,-0.12703268229961395,-1.4089443683624268
1788893140919778300,38.8327783203125,0.9392961859703064,-0.04500738903880119,-1.4568811655044556
1788893140929799400,38.84279931640625,0.9510141015052795,0.021038956940174103,-1.5026875734329224
1788893140939817700,38.852817626953126,0.927578330039978,0.06897582113742828,-1.5474286079406738
1788893140949836300,38.862836181640624,0.8796414732933044,0.09560741484165192,-1.593234896659851
1788893140959855000,38.872855224609374,0.814660370349884,0.09454214572906494,-1.6337149143218994
1788893140969874400,38.88287451171875,0.7358308434486389,0.0732368752360344,-1.6709991693496704
1788893140979894300,38.89289428710938,0.6527402997016907,0.04980107396841049,-1.6923044919967651
1788893140989914400,38.902914306640625,0.5749760270118713,0.03169159218668938,-1.6891086101531982
1788893140999935000,38.91293505859375,0.5099949836730957,0.008255792781710625,-1.65608549118042
1788893141009956000,38.9229560546875,0.4673844277858734,-0.0141147430986166,-1.5900391340255737
1788893141019977700,38.93297778320313,0.450340211391449,-0.008788425475358963,-1.484578013420105
1788893141029999600,38.94299951171875,0.4577970504760742,0.012516847811639309,-1.3652684688568115
1788893141040022000,38.95302197265625,0.47590652108192444,0.05193160101771355,-1.2267842292785645
1788893141050044700,38.96304467773437,0.5185170769691467,0.10839057713747025,-1.0691251754760742
1788893141060067600,38.973067626953124,0.5696497559547424,0.17017586529254913,-0.8922914862632751
1788893141070090500,38.983090576171875,0.6143907904624939,0.1808284968137741,-0.6952176690101624
1788893141080113700,38.99311376953125,0.6303697824478149,0.09454214572906494,-0.4917523264884949
1788893141090142500,39.003142578125,0.601607620716095,-0.013049479573965073,-0.2925480306148529
1788893141100158500,39.013158447265624,0.4972118139266968,-0.14620743691921234,-0.08269108831882477
1788893141110174700,39.0231748046875,0.3363569974899292,-0.2857569754123688,0.14101427793502808
1788893141120191500,39.03319140625,0.138217955827713,-0.3848264813423157,0.35300174355506897
1788893141130208800,39.04320874023438,-0.07803056389093399,-0.40400123596191406,0.5266396999359131
1788893141140226600,39.0532265625,-0.29747486114501953,-0.36245596408843994,0.6512755751609802
1788893141150245000,39.0632451171875,-0.5041360259056091,-0.3123885691165924,0.7290397882461548
1788893141160264700,39.0732646484375,-0.680969774723053,-0.26338642835617065,0.7705850601196289
1788893141170285000,39.08328515625,-0.8375635147094727,-0.1994706094264984,0.7748461365699768
1788893141180306200,39.09330615234375,-0.9643298983573914,-0.11957584321498871,0.7428882122039795
1788893141190328300,39.10332836914063,-1.049551010131836,-0.03009369783103466,0.6842987537384033
1788893141200351200,39.11335131835938,-1.0942920446395874,0.0540621280670166,0.6001428961753845
1788893141210374700,39.12337475585937,-1.1102709770202637,0.12863057851791382,0.4914860129356384
1788893141220398600,39.13339868164063,-1.103879451751709,0.17550218105316162,0.3700459599494934
1788893141230423000,39.14342309570313,-1.086835265159607,0.1904158741235733,0.2528669536113739
1788893141240447700,39.15344775390625,-1.0719215869903564,0.1765674501657486,0.16018901765346527
1788893141250472400,39.16347241210938,-1.0559425354003906,0.14674006402492523,0.07816372066736221
1788893141260496400,39.173496337890626,-1.0282456874847412,0.1009337306022644,0.020639482885599136
1788893141270517500,39.183517578125,-0.9760478138923645,0.05086633935570717,0.0003994738799519837
1788893141280538600,39.19353857421875,-0.9078709483146667,0.030626330524683,0.020639482885599136
1788893141290557200,39.20355712890625,-0.8322372436523438,0.04554001986980438,0.06964161247015
1788893141300575700,39.21357568359375,-0.7597993016242981,0.0774979293346405,0.12823110818862915
1788893141310594600,39.22359448242187,-0.6958834528923035,0.09560741484165192,0.17190691828727722
1788893141320614000,39.23361376953125,-0.6436855792999268,0.08282424509525299,0.1964079886674881
1788893141330633500,39.24363354492188,-0.6095971465110779,0.04127896577119827,0.20706062018871307
1788893141340653800,39.25365380859375,-0.5957486629486084,-0.023702116683125496,0.19960378110408783
1788893141350674400,39.26367431640625,-0.592552900314331,-0.11318425834178925,0.17829850316047668
1788893141360695600,39.273695556640625,-0.6021402478218079,-0.2047969400882721,0.14101427793502808
1788893141370717000,39.28371704101563,-0.6181192398071289,-0.2793653905391693,0.09627319872379303
1788893141380739000,39.293739013671875,-0.6415550112724304,-0.3315632939338684,0.049401599913835526
1788893141390761200,39.30376123046875,-0.6628602743148804,-0.3592601716518402,0.0003994738799519837
1788893141400784000,39.31378393554687,-0.672447681427002,-0.3752391040325165,-0.04860265180468559
1788893141410806800,39.323806884765624,-0.6628602743148804,-0.3869570195674896,-0.0997353047132492
1788893141420830000,39.333829833984375,-0.6340981721878052,-0.38163068890571594,-0.15406376123428345
1788893141430853000,39.34385302734375,-0.58403080701828,-0.34860754013061523,-0.21478378772735596
1788893141440881700,39.35388159179688,-0.5105276107788086,-0.3070622384548187,-0.2840259075164795
1788893141450897700,39.363897705078124,-0.416784405708313,-0.2655169665813446,-0.3585943877696991
1788893141460914200,39.3739140625,-0.30173593759536743,-0.237820103764534,-0.4374238848686218
1788893141470930700,39.3839306640625,-0.171773761510849,-0.22929799556732178,-0.5098618268966675
1788893141480948000,39.393947998046876,-0.04607265070080757,-0.23675484955310822,-0.57058185338974
1788893141490965800,39.4039658203125,0.07004108279943466,-0.24421168863773346,-0.6110618710517883
1788893141500984300,39.413984375,0.16911059617996216,-0.2420811653137207,-0.637693464756012
1788893141511004000,39.42400390625,0.2522011697292328,-0.23036326467990875,-0.6440850496292114
1788893141521024300,39.43402416992188,0.32890015840530396,-0.21012325584888458,-0.6206492185592651
1788893141531045400,39.44404541015625,0.39920756220817566,-0.1856221854686737,-0.5759081840515137
1788893141541067500,39.454067626953126,0.46099284291267395,-0.14514216780662537,-0.5045354962348938
1788893141551090200,39.464090087890625,0.5185170769691467,-0.11957584321498871,-0.4107922911643982
1788893141561113600,39.47411352539063,0.5962813496589661,-0.11744531989097595,-0.3127880394458771
1788893141571137800,39.4841376953125,0.6772413849830627,-0.0822916179895401,-0.18176060914993286
1788893141581162000,39.494161865234375,0.7400919198989868,-0.03861580789089203,-0.02516685426235199
1788893141591186700,39.504186767578126,0.7837677001953125,-0.0023968431632965803,0.1303616315126419
1788893141601211400,39.51421142578125,0.7976161241531372,-0.0023968431632965803,0.26884591579437256
1788893141611235600,39.524235595703125,0.768854022026062,-0.05139897018671036,0.3849596381187439
1788893141621256700,39.534256591796876,0.7028076648712158,-0.13129374384880066,0.4605933725833893
1788893141631277800,39.54427783203125,0.6218476295471191,-0.23462431132793427,0.5042691826820374
1788893141641296400,39.55429638671875,0.5334307551383972,-0.32836753129959106,0.5138565301895142
1788893141651315000,39.56431494140625,0.46099284291267395,-0.39974018931388855,0.49574705958366394
1788893141661333800,39.57433374023437,0.42796966433525085,-0.4444812536239624,0.46165862679481506
1788893141671353000,39.58435302734375,0.4407528340816498,-0.4625907242298126,0.4233091473579407
1788893141681372700,39.59437255859375,0.48868969082832336,-0.4636560082435608,0.39135122299194336
1788893141691392800,39.60439282226562,0.5526055097579956,-0.41358861327171326,0.3700459599494934
1788893141701413600,39.61441357421875,0.6399571299552917,-0.31451907753944397,0.350871205329895
1788893141711434500,39.6244345703125,0.7709845304489136,-0.293213814496994,0.3103911876678467
1788893141721456000,39.6344560546875,0.9169256687164307,-0.406131774187088,0.25925853848457336
1788893141731478000,39.64447802734375,1.0404962301254272,-0.5829655528068542,0.23688800632953644
1788893141741500400,39.65450048828125,1.1065425872802734,-0.7619298100471497,0.2709764242172241
1788893141751523000,39.66452319335937,1.1108036041259766,-0.9408941268920898,0.350871205329895
1788893141761546000,39.6745458984375,1.061801552772522,-1.0527467727661133,0.45313653349876404
1788893141771569200,39.684569091796874,0.9499488472938538,-1.0570077896118164,0.5692502856254578
1788893141781592300,39.69459228515625,0.7795066833496094,-0.9281109571456909,0.6683197617530823
1788893141791620900,39.70462084960938,0.5834981799125671,-0.6692518591880798,0.7087997794151306
1788893141801636900,39.71463696289062,0.40027281641960144,-0.37630438804626465,0.6672545075416565
1788893141811653000,39.724653076171876,0.2575274705886841,-0.14407691359519958,0.539422869682312
1788893141821669600,39.734669677734374,0.15206637978553772,0.0540621280670166,0.33063119649887085
1788893141831687000,39.74468701171875,0.08921582996845245,0.20746009051799774,0.07496792823076248
1788893141841704700,39.75470458984375,0.060453712940216064,0.30546435713768005,-0.21478378772735596
1788893141851723300,39.76472314453125,0.0636495053768158,0.337422251701355,-0.5269060134887695
1788893141861742800,39.77474291992188,0.09241162240505219,0.3214432895183563,-0.8390282988548279
1788893141871763000,39.784762939453124,0.1435442715883255,0.280963271856308,-1.1341062784194946
1788893141881784300,39.794784423828126,0.20852535963058472,0.22556957602500916,-1.3823127746582031
1788893141891806200,39.80480615234375,0.29161593317985535,0.1627190262079239,-1.5602117776870728
1788893141901829000,39.8148291015625,0.38535910844802856,0.0870852991938591,-1.660346508026123
1788893141911852500,39.8248525390625,0.4929507374763489,-0.017310533672571182,-1.6752601861953735
1788893141921876500,39.83487646484375,0.5984118580818176,-0.1430116444826126,-1.6198664903640747
1788893141931901000,39.84490087890625,0.6878939867019653,-0.2601906359195709,-1.5101443529129028
1788893141941925600,39.854925537109374,0.7560708522796631,-0.35712963342666626,-1.3397021293640137
1788893141951950600,39.86495068359375,0.7858982682228088,-0.4391549229621887,-1.12771475315094
1788893141961974500,39.874974609375,0.7784414291381836,-0.5211802124977112,-0.918923020362854
1788893141971996000,39.884995849609375,0.7422224283218384,-0.6021402478218079,-0.7356976866722107
1788893141982016800,39.895016845703125,0.6751108169555664,-0.689491868019104,-0.5929523706436157
1788893141992035300,39.905035400390624,0.5834981799125671,-0.7693866491317749,-0.4821649491786957
1788893142002054000,39.91505395507812,0.4822981059551239,-0.8194540739059448,-0.39374807476997375
1788893142012072700,39.92507275390625,0.37683701515197754,-0.8311719298362732,-0.3106575012207031
1788893142022092000,39.93509204101562,0.2692453861236572,-0.8215845823287964,-0.22330589592456818
1788893142032111600,39.945111572265624,0.1669800728559494,-0.7843003273010254,-0.1327584832906723
1788893142042131700,39.95513159179688,0.07217161357402802,-0.6980140209197998,-0.03688475489616394
1788893142052152300,39.96515234375,-0.010918952524662018,-0.568051815032959,0.05472791939973831
1788893142062173200,39.97517309570313,-0.07163897901773453,-0.37630438804626465,0.12716585397720337
1788893142072194800,39.98519482421875,-0.11105373501777649,-0.18455693125724792,0.17084164917469025
1788893142082216700,39.995216796875,-0.1344895362854004,0.002929474925622344,0.17510271072387695
1788893142092239000,40.005239013671876,-0.14620743691921234,0.16378428041934967,0.15060164034366608
1788893142102261800,40.01526171875,-0.14727269113063812,0.28735485672950745,0.10373004525899887
1788893142112284700,40.02528466796875,-0.14194637537002563,0.36724963784217834,0.03981423005461693
1788893142122307800,40.03530786132813,-0.13555480539798737,0.40027281641960144,-0.019840534776449203
1788893142132331000,40.0453310546875,-0.13768532872200012,0.40346860885620117,-0.059255290776491165
1788893142142359600,40.055359619140624,-0.1621863842010498,0.39494648575782776,-0.0624510794878006
1788893142152375800,40.06537573242188,-0.21544957160949707,0.39068543910980225,-0.028362644836306572
1788893142162392300,40.075392333984375,-0.2878875136375427,0.4013380706310272,0.03129211813211441
1788893142172409000,40.0854091796875,-0.3752391040325165,0.41838228702545166,0.11012163013219833
1788893142182426400,40.09542626953125,-0.4721781015396118,0.45247071981430054,0.1921469271183014
1788893142192444200,40.105444091796876,-0.5627255439758301,0.504668653011322,0.2656501233577728
1788893142202462700,40.115462646484374,-0.6468813419342041,0.5675191879272461,0.3189133107662201
1788893142212482300,40.125482421875,-0.7246456146240234,0.6420876383781433,0.350871205329895
1788893142222502700,40.135502685546875,-0.7896266579627991,0.7134603261947632,0.35832804441452026
1788893142232523800,40.145523681640626,-0.8407593369483948,0.768854022026062,0.3455449044704437
1788893142242545700,40.15554565429687,-0.885500431060791,0.8082687854766846,0.3189133107662201
1788893142252568600,40.165568603515624,-0.9270457029342651,0.8231824636459351,0.29334697127342224
1788893142262591700,40.175591796875,-0.9707214832305908,0.8317046165466309,0.26991117000579834
1788893142272615700,40.18561572265625,-1.0229194164276123,0.8476835489273071,0.2528669536113739
1788893142282640000,40.19563989257812,-1.0772478580474854,0.860466718673706,0.2390185296535492
1788893142292664300,40.20566430664063,-1.1251847743988037,0.8700540661811829,0.22090904414653778
1788893142302689000,40.21568896484375,-1.158207893371582,0.8977509140968323,0.20173430442810059
1788893142312713500,40.22571337890625,-1.150750994682312,0.9542099237442017,0.1868206113576889
1788893142322734600,40.23573461914062,-1.0974878072738647,1.031974196434021,0.1825595498085022
1788893142332753200,40.24575317382813,-1.0112015008926392,1.1693931818008423,0.18149429559707642
1788893142342771700,40.255771728515626,-0.8918919563293457,1.2780500650405884,0.1772332340478897
1788893142352790500,40.26579052734375,-0.743820309638977,1.3089426755905151,0.16445007920265198
1788893142362809600,40.2758095703125,-0.5691171288490295,1.2397005558013916,0.14740586280822754
1788893142372829400,40.28582934570313,-0.4455465078353882,1.011734127998352,0.17510271072387695
1788893142382849500,40.295849609375,-0.3965443968772888,0.7976161241531372,0.2986733019351959
1788893142392870100,40.3058701171875,-0.4221107065677643,0.6442182064056396,0.5436839461326599
1788893142402891000,40.31589111328125,-0.5115928649902344,0.5014728307723999,0.8632630109786987
1788893142412912600,40.32591259765625,-0.6415550112724304,0.3981422781944275,1.2190611362457275
1788893142422934500,40.3359345703125,-0.7960182428359985,0.3885549008846283,1.5876423120498657
1788893142432957000,40.34595703125,-0.9515467286109924,0.43649178743362427,1.8859161138534546
1788893142442979600,40.3559794921875,-1.0772478580474854,0.3981422781944275,2.074467897415161
1788893142453002500,40.36600244140625,-1.1560773849487305,0.2713759243488312,2.179928779602051
1788893142463025700,40.376025634765625,-1.2167973518371582,0.13715268671512604,2.2225394248962402
1788893142473048800,40.386048828125,-1.262603759765625,0.0018642114009708166,2.227865695953369
1788893142483077400,40.39607739257813,-1.2817784547805786,-0.1291632205247879,2.2268004417419434
1788893142493093600,40.40609375,-1.2881700992584229,-0.2239716798067093,2.2353224754333496
1788893142503110000,40.41610986328125,-1.2977573871612549,-0.24101589620113373,2.253432035446167
1788893142513126700,40.42612670898438,-1.3084100484848022,-0.19627483189105988,2.2598235607147217
1788893142523144000,40.43614404296875,-1.3275848627090454,-0.14088112115859985,2.227865695953369
1788893142533162000,40.44616186523437,-1.3456943035125732,-0.10040109604597092,2.149036169052124
1788893142543180500,40.4561806640625,-1.3350416421890259,-0.0492684431374073,2.0318572521209717
1788893142553200000,40.4662001953125,-1.2817784547805786,0.013582111336290836,1.8752634525299072
1788893142563220500,40.47622045898437,-1.1912310123443604,0.0913463607430458,1.674993872642517
1788893142573241600,40.48624169921875,-1.0644646883010864,0.17337165772914886,1.4512885808944702
1788893142583263500,40.49626342773438,-0.8950877785682678,0.251135915517807,1.2158652544021606
1788893142593286100,40.5062861328125,-0.705470860004425,0.2980075180530548,0.9676588773727417
1788893142603309600,40.5163095703125,-0.5169191956520081,0.2980075180530548,0.7087997794151306
1788893142613333500,40.52633349609375,-0.35393384099006653,0.27244117856025696,0.4424838721752167
1788893142623357700,40.536357666015626,-0.2324937880039215,0.2553969621658325,0.18469008803367615
1788893142633382100,40.546382080078125,-0.171773761510849,0.25433170795440674,-0.04966791719198227
1788893142643406800,40.55640673828125,-0.15046848356723785,0.2522011697292328,-0.2563290596008301
1788893142653431300,40.566431396484376,-0.14620743691921234,0.25326642394065857,-0.42677125334739685
1788893142663452400,40.576452392578126,-0.14940322935581207,0.270310640335083,-0.5631250143051147
1788893142673473500,40.5864736328125,-0.14407691359519958,0.31079065799713135,-0.6728471517562866
1788893142683491800,40.596491943359375,-0.11851058155298233,0.3651190996170044,-0.7601987719535828
1788893142693510400,40.60651049804687,-0.06418213248252869,0.4109254479408264,-0.83476722240448
1788893142703529200,40.616529296875,0.015712639316916466,0.40346860885620117,-0.8912261724472046
1788893142713548500,40.62654858398437,0.10519478470087051,0.3555317521095276,-0.926379919052124
1788893142723568000,40.636568115234375,0.18935060501098633,0.30652961134910583,-0.9412935972213745
1788893142733588200,40.64658813476562,0.2553969621658325,0.2607232630252838,-0.9668599367141724
1788893142743608800,40.65660888671875,0.3086601495742798,0.25007063150405884,-1.036102056503296
1788893142753630000,40.6666298828125,0.3459443747997284,0.3235738277435303,-1.1628683805465698
1788893142763651300,40.6766513671875,0.38109806180000305,0.45140546560287476,-1.3642032146453857
1788893142773673500,40.68667358398437,0.439687579870224,0.6143907904624939,-1.6326496601104736
1788893142783695600,40.69669555664063,0.5036033987998962,0.6974813938140869,-1.958620309829712
1788893142793718300,40.70671826171875,0.5707150101661682,0.6037381887435913,-2.295243740081787
1788893142803741200,40.7167412109375,0.6442182064056396,0.42903491854667664,-2.5903217792510986
1788893142813764400,40.72676440429687,0.6964160799980164,0.29161593317985535,-2.7980480194091797
1788893142823787500,40.73678759765625,0.714525580406189,0.18935060501098633,-2.9077701568603516
1788893142833816000,40.746816162109376,0.7262434959411621,0.11904320865869522,-2.9184229373931885
1788893142843832300,40.75683227539062,0.7305045127868652,0.06897582113742828,-2.8246796131134033
1788893142853848800,40.76684887695313,0.6910898089408875,0.07536740601062775,-2.6403892040252686
1788893142863865600,40.776865478515624,0.6143907904624939,0.12756532430648804,-2.4060311317443848
1788893142873883000,40.7868828125,0.5195823311805725,0.19893798232078552,-2.1652815341949463
1788893142883900700,40.79690063476563,0.42796966433525085,0.280963271856308,-1.9383803606033325
1788893142893919500,40.80691943359375,0.34274858236312866,0.3043990731239319,-1.7285233736038208
1788893142903938800,40.81693872070313,0.261788547039032,0.17976324260234833,-1.516535997390747
1788893142913959200,40.826959228515626,0.18189376592636108,-0.07376950979232788,-1.283243179321289
1788893142923980300,40.83698022460938,0.11904320865869522,-0.3699128031730652,-1.010535717010498
1788893142934002400,40.84700244140625,0.08069372177124023,-0.6767086982727051,-0.6984134912490845
1788893142944025000,40.857025146484375,0.04234423115849495,-0.9398288726806641,-0.3543333113193512
1788893142954048300,40.86704833984375,-0.02157158963382244,-1.1347720623016357,0.0035952648613601923
1788893142964072200,40.877072265625,-0.11744531989097595,-1.238102674484253,0.3604585826396942
1788893142974096400,40.88709643554687,-0.2527337968349457,-1.275386929512024,0.6704503297805786
1788893142984121000,40.89712109375,-0.4071970283985138,-1.2903006076812744,0.8941556811332703
1788893142994145500,40.9071455078125,-0.5563339591026306,-1.2668647766113281,1.0241178274154663
1788893143004170000,40.917169921875,-0.6767086982727051,-1.2136015892028809,1.0773810148239136
1788893143014191000,40.927191162109374,-0.7555382251739502,-1.1432942152023315,1.0635325908660889
1788893143024209700,40.93720971679687,-0.7896266579627991,-1.0921615362167358,1.00068199634552
1788893143034228200,40.94722827148438,-0.7715172171592712,-1.0399636030197144,0.9143956899642944
1788893143044247000,40.9572470703125,-0.6980140209197998,-0.9685909748077393,0.8142609000205994
1788893143054266000,40.96726611328125,-0.5893571376800537,-0.8929572701454163,0.7098650336265564
1788893143064286000,40.97728588867187,-0.4551338851451874,-0.8162582516670227,0.606534481048584
1788893143074306000,40.98730615234375,-0.31025803089141846,-0.7331677079200745,0.5021386742591858
1788893143084326400,40.997326416015625,-0.17283903062343597,-0.6468813419342041,0.40093860030174255
1788893143094347500,41.007347412109375,-0.06418213248252869,-0.5616602301597595,0.3008038103580475
1788893143104369200,41.017369140625,0.012516847811639309,-0.47324338555336,0.2102564126253128
1788893143114391000,41.02739111328125,0.06151897460222244,-0.3731085956096649,0.13142690062522888
1788893143124413400,41.037413330078124,0.0870852991938591,-0.25806012749671936,0.061119500547647476
1788893143134436000,41.04743603515625,0.09454214572906494,-0.13662005960941315,-0.0017310534603893757
1788893143144459000,41.057458984375,0.11797794699668884,-0.015180006623268127,-0.056059498339891434
1788893143154482000,41.06748193359375,0.15845796465873718,0.06471476703882217,-0.09227846562862396
1788893143164505000,41.07750512695313,0.18508955836296082,0.09454214572906494,-0.1093226820230484
1788893143174534000,41.08753393554687,0.21172115206718445,0.08495477586984634,-0.09440898895263672
1788893143184550100,41.097550048828126,0.23835274577140808,0.05193160101771355,-0.04647212475538254
1788893143194566700,41.10756665039062,0.25326642394065857,0.012516847811639309,0.03129211813211441
1788893143204583400,41.11758349609375,0.2564622163772583,-0.04713791608810425,0.13781848549842834
1788893143214600700,41.1276005859375,0.23515695333480835,-0.12064110487699509,0.2581932842731476
1788893143224618800,41.13761865234375,0.19148114323616028,-0.17283903062343597,0.3838943839073181
1788893143234637300,41.14763720703125,0.13076111674308777,-0.20160114765167236,0.49468180537223816
1788893143244657000,41.15765698242188,0.05725792050361633,-0.20692746341228485,0.5799028873443604
1788893143254677200,41.16767724609375,-0.017310533672571182,-0.18455693125724792,0.6374271512031555
1788893143264698400,41.177698486328126,-0.08868319541215897,-0.13342426717281342,0.6768419146537781
1788893143274720300,41.18772021484375,-0.14727269113063812,-0.05033370852470398,0.6928208470344543
1788893143284743000,41.19774291992187,-0.17923060059547424,0.04554001986980438,0.6864292621612549
1788893143294766000,41.20776611328125,-0.19307903945446014,0.1296958476305008,0.6587324142456055
1788893143304790000,41.2177900390625,-0.20266640186309814,0.17869797348976135,0.6214481592178345
1788893143314814200,41.22781420898438,-0.20692746341228485,0.1957421898841858,0.576707124710083
1788893143324838700,41.237838623046876,-0.21225377917289734,0.18722008168697357,0.5287702679634094
1788893143334863400,41.24786328125,-0.22716747224330902,0.16591481864452362,0.482963889837265
1788893143344885200,41.25788525390625,-0.25806012749671936,0.14247901737689972,0.44781020283699036
1788893143354907100,41.2679072265625,-0.3028011918067932,0.12756532430648804,0.42970073223114014
1788893143364934400,41.277934326171874,-0.35712963342666626,0.12543480098247528,0.4233091473579407
1788893143374951200,41.287951171875,-0.41358861327171326,0.1392832249403,0.4233091473579407
1788893143384968200,41.29796826171875,-0.47963494062423706,0.1627190262079239,0.4169175624847412
1788893143394985200,41.30798510742188,-0.5520728826522827,0.17976324260234833,0.40626493096351624
1788893143405003000,41.3180029296875,-0.6191844940185547,0.18402428925037384,0.3998733460903168
1788893143415021300,41.32802124023438,-0.6948181986808777,0.17337165772914886,0.3988080620765686
1788893143425040400,41.33804028320313,-0.7779088020324707,0.13289164006710052,0.40626493096351624
1788893143435060000,41.34806005859375,-0.8727172613143921,0.04554001986980438,0.42437440156936646
1788893143445080300,41.35808032226562,-0.9920267462730408,-0.052464235574007034,0.46272388100624084
1788893143455101400,41.36810131835937,-1.13370680809021,-0.1387505829334259,0.5181176066398621
1788893143465123300,41.378123291015626,-1.2743216753005981,-0.20799273252487183,0.5916208028793335
1788893143475146000,41.38814599609375,-1.4053490161895752,-0.2601906359195709,0.6842987537384033
1788893143485169200,41.39816918945313,-1.5289196968078613,-0.284691721200943,0.7897598147392273
1788893143495192600,41.408192626953124,-1.6120102405548096,-0.3326285779476166,0.9048082828521729
1788893143505216500,41.41821655273438,-1.6535555124282837,-0.3560643792152405,1.0102694034576416
1788893143515240700,41.42824072265625,-1.6279891729354858,-0.3326285779476166,1.1018821001052856
1788893143525265200,41.43826513671875,-1.522528052330017,-0.29640960693359375,1.164732575416565
1788893143535289000,41.4482890625,-1.3733911514282227,-0.26764747500419617,1.1913641691207886
1788893143545310200,41.458310302734375,-1.2221237421035767,-0.3166496157646179,1.2148000001907349
1788893143555331300,41.468331298828126,-1.0825741291046143,-0.42743703722953796,1.2925642728805542
1788893143565349600,41.478349609375,-0.9717867374420166,-0.5328981280326843,1.452353835105896
1788893143575368200,41.4883681640625,-0.9163930416107178,-0.5936181545257568,1.6547539234161377
1788893143585387000,41.49838696289063,-0.9249151349067688,-0.6085318326950073,1.859284520149231
1788893143595406300,41.50840625,-0.9621993899345398,-0.5094623565673828,2.030791997909546
1788893143605426000,41.518426025390625,-0.9568730592727661,-0.33795487880706787,2.1213393211364746
1788893143615446000,41.52844604492188,-0.9100014567375183,-0.2516685426235199,2.1074910163879395
1788893143625466600,41.53846655273438,-0.8119972348213196,-0.2090579867362976,2.0020298957824707
1788893143635487700,41.54848779296875,-0.6532729268074036,-0.17070849239826202,1.8273266553878784
1788893143645509400,41.55850927734375,-0.4870918095111847,-0.21225377917289734,1.6132086515426636
1788893143655531300,41.56853125,-0.34328120946884155,-0.29747486114501953,1.4406359195709229
1788893143665553700,41.5785537109375,-0.2655169665813446,-0.36671701073646545,1.3831117153167725
1788893143675576300,41.58857641601563,-0.3230412006378174,-0.39441385865211487,1.4267874956130981
1788893143685599200,41.59859912109375,-0.4551338851451874,-0.3230412006378174,1.5173349380493164
1788893143695622100,41.6086220703125,-0.6500771641731262,-0.15472954511642456,1.608947515487671
1788893143705645300,41.61864526367187,-0.9131972789764404,-0.015180006623268127,1.6568844318389893
1788893143715674000,41.628674072265625,-1.1614036560058594,0.007190529722720385,1.6664718389511108
1788893143725690400,41.6386904296875,-1.3904353380203247,-0.09827057272195816,1.628122329711914
1788893143735706600,41.64870654296875,-1.582182765007019,-0.23355905711650848,1.5482275485992432
1788893143745723400,41.65872338867187,-1.7078839540481567,-0.3358243703842163,1.4502233266830444
1788893143755740700,41.66874072265625,-1.7696691751480103,-0.4306328296661377,1.353284239768982
1788893143765758700,41.6787587890625,-1.7675386667251587,-0.500940203666687,1.2797811031341553
1788893143775777300,41.68877734375,-1.718536615371704,-0.4775044322013855,1.2520842552185059
1788893143785796900,41.698796875,-1.6333154439926147,-0.37204334139823914,1.2723242044448853
1788893143795817200,41.708817138671876,-1.518267035484314,-0.2090579867362976,1.3266527652740479
1788893143805838300,41.71883837890625,-1.4096101522445679,-0.04607265070080757,1.385242223739624
1788893143815860200,41.72886010742187,-1.3371721506118774,0.06471476703882217,1.420395851135254
1788893143825883000,41.7388828125,-1.2977573871612549,0.11584742367267609,1.4044169187545776
1788893143835906300,41.74890625,-1.2892353534698486,0.10306425392627716,1.3191958665847778
1788893143845930200,41.75893017578125,-1.3179974555969238,0.02636527456343174,1.1615368127822876
1788893143855954400,41.76895434570312,-1.3648689985275269,-0.07163897901773453,0.9420925378799438
1788893143865979100,41.77897924804687,-1.4096101522445679,-0.16431692242622375,0.7098650336265564
1788893143876003800,41.78900390625,-1.4181321859359741,-0.25379905104637146,0.49042075872421265
1788893143886028300,41.7990283203125,-1.3829785585403442,-0.284691721200943,0.30613014101982117
1788893143896049400,41.80904931640625,-1.309475302696228,-0.2420811653137207,0.17403744161128998
1788893143906070500,41.819070556640625,-1.1965574026107788,-0.15579481422901154,0.09414267539978027
1788893143916088800,41.8290888671875,-1.0506162643432617,-0.0684431865811348,0.0600542388856411
1788893143926107400,41.839107421875,-0.8982835412025452,0.014647374860942364,0.06644582003355026
1788893143936126500,41.84912646484375,-0.7597993016242981,0.08495477586984634,0.09627319872379303
1788893143946145500,41.8591455078125,-0.781104564666748,0.12223900109529495,0.1442100703716278
1788893143956165400,41.869165283203124,-0.8823046088218689,0.11584742367267609,0.13355742394924164
1788893143966185500,41.879185546875,-0.9386304020881653,0.0679105594754219,0.12410321086645126
1788893143976206000,41.8892060546875,-0.9769799113273621,0.05086633935570717,0.15606112778186798
1788893143986227200,41.89922729492187,-1.0131988525390625,0.05938844755291939,0.17949692904949188
1788893143996248800,41.909248779296874,-1.060070514678955,0.1009337306022644,0.17310534417629242
1788893144006270700,41.91927075195313,-1.1112031936645508,0.19254639744758606,0.15393058955669403
1788893144016293000,41.92929321289063,-1.1122684478759766,0.1339569091796875,0.21997694671154022
1788893144026315800,41.939315673828126,-1.022786259651184,-0.032224226742982864,0.39681071043014526
1788893144036338700,41.94933862304688,-0.8054724931716919,-0.08442214131355286,0.5129244327545166
1788893144046361900,41.95936181640625,-0.47311022877693176,-0.013049479573965073,0.4138549268245697
1788893144056385000,41.969385009765624,-0.1002679392695427,-0.013049479573965073,0.17523586750030518
1788893144066413600,41.97941357421875,0.1916143000125885,-0.015180006623268127,-0.06764423847198486
1788893144076429600,41.9894296875,0.3748396337032318,0.03488738462328911,-0.1784316599369049
1788893144086446000,41.999446044921875,0.3993407189846039,0.12330426275730133,-0.15180006623268127
1788893144096462600,42.00946264648437,0.3460775315761566,0.24900537729263306,-0.12303794920444489
1788893144106479900,42.01947998046875,0.25126907229423523,0.3683148920536041,-0.14434322714805603
1788893144116497700,42.02949755859375,0.1681784987449646,0.4535360038280487,-0.18908429145812988
1788893144126516200,42.03951611328125,0.11491531878709793,0.5813676118850708,-0.20612850785255432
1788893144136535800,42.049535888671876,0.08082687854766846,0.5536707639694214,-0.15819165110588074
1788893144146556200,42.05955615234375,0.07337003201246262,0.3512706756591797,-0.06444845348596573
1788893144156577500,42.06957763671875,0.14367742836475372,0.15952323377132416,0.025033695623278618
1788893144166599400,42.07959936523437,0.2768353819847107,0.02210422046482563,0.04740423336625099
1788893144176622300,42.08962231445312,0.3886880576610565,-0.06205160543322563,-0.018642114475369453
1788893144186645800,42.099645751953126,0.45260387659072876,-0.052464235574007034,-0.15606112778186798
1788893144196669700,42.109669677734374,0.47071337699890137,0.016777902841567993,-0.31158962845802307
1788893144206694100,42.11969409179687,0.4781702160835266,0.11584742367267609,-0.42663809657096863
1788893144216718800,42.12971875,0.49414917826652527,0.204264298081398,-0.44900861382484436
1788893144226743800,42.139743896484376,0.48562705516815186,0.27670222520828247,-0.3201117217540741
1788893144236767700,42.14976782226562,0.3886880576610565,0.30546435713768005,0.034621067345142365
1788893144256810000,42.16981005859375,0.19907113909721375,0.21598219871520996,0.5747097134590149
1788893144266828300,42.17982836914062,0.195875346660614,0.1296958476305008,0.729172945022583
1788893144276847000,42.18984716796875,0.21291956305503845,0.05938844755291939,0.787762463092804
1788893144286866000,42.19986596679688,0.22570273280143738,0.003994738683104515,0.7387603521347046
1788893144296885200,42.20988525390625,0.252334326505661,-0.032224226742982864,0.6322339773178101
1788893144306904800,42.21990478515625,0.30133646726608276,-0.02583264373242855,0.5203812718391418
1788893144316925000,42.22992504882812,0.3567301630973816,0.00612526573240757,0.42557281255722046
1788893144326945500,42.23994555664063,0.4259723126888275,0.04660528525710106,0.3584612011909485
1788893144336966700,42.24996655273438,0.48030075430870056,0.09347688406705856,0.34141698479652405
1788893144346988300,42.25998828125,0.5069323182106018,0.09986846894025803,0.3765707015991211
1788893144357010200,42.27001025390625,0.5026713013648987,0.056192658841609955,0.42983388900756836
1788893144367032600,42.28003247070313,0.4600607454776764,0.021038956940174103,0.46285703778266907
1788893144377055200,42.29005517578125,0.41958072781562805,-0.0034621069207787514,0.46285703778266907
1788893144387078100,42.300078125,0.3982754349708557,-0.0492684431374073,0.4511391520500183
1788893144397101300,42.31010131835937,0.40999335050582886,-0.11957584321498871,0.4223770201206207
1788893144407124500,42.32012451171875,0.4366249442100525,-0.18349166214466095,0.37017911672592163
1788893144417153000,42.330153076171875,0.47071337699890137,-0.21651484072208405,0.29454538226127625
1788893144427169300,42.34016918945313,0.5197154879570007,-0.23036326467990875,0.221042200922966
1788893144437185800,42.350185791015626,0.5506081581115723,-0.23675484955310822,0.15393058955669403
1788893144447202600,42.36020263671875,0.551673412322998,-0.22610220313072205,0.09960214793682098
1788893144457219800,42.3702197265625,0.527172327041626,-0.19627483189105988,0.06444845348596573
1788893144467238000,42.38023779296875,0.5026713013648987,-0.1387505829334259,0.038882121443748474
1788893144477256700,42.39025659179688,0.5111933946609497,-0.07163897901773453,0.010120004415512085
1788893144487276300,42.4002763671875,0.5442165732383728,-0.024767380207777023,-0.01438105944544077
1788893144497296600,42.41029663085938,0.5900229215621948,-0.001331579522229731,-0.046338967978954315
1788893144507317800,42.42031787109375,0.6379597783088684,0.003994738683104515,-0.06444845348596573
1788893144517339600,42.430339599609376,0.669917643070221,0.00612526573240757,-0.04846949502825737
1788893144527362300,42.4403623046875,0.6720482110977173,-0.008788425475358963,-0.010120004415512085
1788893144537385700,42.4503857421875,0.6305029392242432,-0.052464235574007034,0.0282294861972332
1788893144547409700,42.46040966796875,0.5527386665344238,-0.09507478028535843,0.06657897680997849
1788893144557433900,42.470433837890624,0.4632565379142761,-0.12383689731359482,0.10492847114801407
1788893144567458300,42.480458251953124,0.3609912097454071,-0.14620743691921234,0.13795164227485657
1788893144577483000,42.49048291015625,0.26511749625205994,-0.16325165331363678,0.1358211189508438
1788893144587507500,42.500507568359374,0.20759324729442596,-0.17283903062343597,0.10279794037342072
1788893144597528800,42.51052880859375,0.19054903090000153,-0.1579253375530243,0.061252661049366
1788893144607547100,42.52054711914062,0.20759324729442596,-0.11638005077838898,0.01438105944544077
1788893144617565700,42.53056567382812,0.2576606571674347,-0.06205160543322563,-0.050600022077560425
1788893144627584800,42.54058471679687,0.34075120091438293,-0.015180006623268127,-0.1411474347114563
1788893144637604000,42.55060400390625,0.41958072781562805,0.018908429890871048,-0.24767379462718964
1788893144657643800,42.57064379882812,0.5154544711112976,0.07643266767263412,-0.5161202549934387
1788893144667664400,42.58066430664063,0.49095338582992554,0.11265163123607635,-0.6578003168106079
1788893144677685500,42.590685546875,0.45366916060447693,0.19787272810935974,-0.6546044945716858
1788893144687707100,42.60070703125,0.40147122740745544,0.20852535963058472,-0.6801708340644836
1788893144697729000,42.61072900390625,0.3375554084777832,0.15526217222213745,-0.6716487407684326
1788893144717774000,42.63077416992188,0.11065425723791122,0.0774979293346405,-0.5448823571205139
1788893144727797000,42.640796875,-0.02463422156870365,0.007190529722720385,-0.5033370852470398
1788893144737820200,42.65082006835937,-0.08961530029773712,-0.06311687082052231,-0.4884233772754669
1788893144747843300,42.66084326171875,-0.09920267760753632,-0.11851058155298233,-0.48309704661369324
1788893144757871900,42.670871826171876,-0.09813741594552994,-0.14727269113063812,-0.49268442392349243
1788893144777904600,42.69090454101563,-0.11731215566396713,-0.05779055133461952,-0.5182507634162903
1788893144787921400,42.70092138671875,-0.13542163372039795,0.03701791167259216,-0.5214465260505676
1788893144797938700,42.710938720703126,-0.1375521719455719,0.13715268671512604,-0.5342296957969666
1788893144807956700,42.72095678710937,-0.13861742615699768,0.2181127369403839,-0.5789707899093628
1788893144817975600,42.7309755859375,-0.1428784877061844,0.23515695333480835,-0.6823013424873352
1788893144827995000,42.74099487304687,-0.17164060473442078,0.23089589178562164,-0.8303729891777039
1788893144848036600,42.76103662109375,-0.23981747031211853,0.2181127369403839,-1.1627352237701416
1788893144858058500,42.77105859375,-0.22809958457946777,0.2287653684616089,-1.282044768333435
1788893144868081200,42.7810810546875,-0.19188061356544495,0.2713759243488312,-1.373657464981079
1788893144878104600,42.7911044921875,-0.1652490198612213,0.3171822428703308,-1.4492912292480469
1788893144888128500,42.80112841796875,-0.13009531795978546,0.393881231546402,-1.4982932806015015
1788893144898152700,42.811152587890625,-0.07576687633991241,0.4812328517436981,-1.507880687713623
1788893144908177200,42.82117724609375,-0.027830012142658234,0.5313002467155457,-1.4716616868972778
1788893144918201900,42.831201904296876,0.0062584239058196545,0.5408875942230225,-1.4141374826431274
1788893144928223700,42.8412236328125,0.02649843320250511,0.5302349925041199,-1.3427648544311523
1788893144938245600,42.85124560546875,0.03395527973771095,0.5036033987998962,-1.2564784288406372
1788893144948273200,42.861273193359374,0.022237379103899002,0.450340211391449,-1.1510173082351685
1788893144958290000,42.8712900390625,-0.012916321866214275,0.38003280758857727,-1.0380994081497192
1788893144968307000,42.88130688476563,-0.06831002980470657,0.32676962018013,-0.9326383471488953
1788893144978324500,42.89132446289062,-0.1237037405371666,0.3033338189125061,-0.8378298282623291
1788893144988342300,42.90134228515625,-0.15459638833999634,0.3022685647010803,-0.7462171912193298
1788893144998360600,42.91136059570312,-0.16311849653720856,0.30652961134910583,-0.6578003168106079
1788893145008379600,42.92137963867187,-0.15992270410060883,0.3139864504337311,-0.5661876201629639
1788893145018399200,42.931399169921875,-0.1471395343542099,0.3075948655605316,-0.47244441509246826
1788893145028419800,42.941419921875,-0.13009531795978546,0.28735485672950745,-0.38722333312034607
1788893145038441000,42.95144091796875,-0.114116370677948,0.251135915517807,-0.3201117217540741
1788893145048462800,42.961462890625,-0.10772478580474854,0.20639483630657196,-0.27110961079597473
1788893145058485500,42.97148559570312,-0.11305110156536102,0.14993585646152496,-0.24128220975399017
1788893145068508400,42.98150830078125,-0.13968269526958466,0.09986846894025803,-0.22317273914813995
1788893145078532000,42.991531982421876,-0.18548902869224548,0.06258423626422882,-0.20932430028915405
1788893145088555800,43.0015556640625,-0.23981747031211853,0.03382211923599243,-0.1933453530073166
1788893145098580000,43.011580078125,-0.30053749680519104,0.011451584286987782,-0.16671375930309296
1788893145108604200,43.02160424804688,-0.35699647665023804,-0.007723161485046148,-0.12090742588043213
1788893145118625800,43.03162573242187,-0.4049333333969116,-0.011984216049313545,-0.053795814514160156
1788893145128647400,43.0416474609375,-0.4390217661857605,-0.015180006623268127,0.03142527863383293
1788893145138668800,43.05166870117188,-0.46032705903053284,-0.023702116683125496,0.12197268754243851
1788893145148690700,43.061690673828124,-0.4677838981151581,-0.052464235574007034,0.20612850785255432
1788893145158717700,43.0717177734375,-0.4677838981151581,-0.09614004194736481,0.27537065744400024
1788893145168734200,43.081734130859374,-0.4581965208053589,-0.14194637537002563,0.32330751419067383
1788893145178751000,43.0917509765625,-0.4379565119743347,-0.1856221854686737,0.34035173058509827
1788893145188768300,43.10176831054687,-0.4091944098472595,-0.23036326467990875,0.32650330662727356
1788893145198785800,43.111785888671875,-0.37510594725608826,-0.26764747500419617,0.3009369671344757
1788893145208803800,43.12180395507813,-0.33675646781921387,-0.27190855145454407,0.28069695830345154
1788893145218822700,43.13182275390625,-0.2973417043685913,-0.2527337968349457,0.2743053734302521
1788893145228842200,43.14184228515625,-0.2557964324951172,-0.21331904828548431,0.27004432678222656
1788893145238862800,43.15186279296875,-0.20892482995986938,-0.15899059176445007,0.2636527419090271
1788893145248884000,43.16188403320312,-0.16311849653720856,-0.11424952745437622,0.2530001103878021
1788893145258905900,43.17190576171875,-0.11944268643856049,-0.08442214131355286,0.22317273914813995
1788893145268928500,43.181928466796876,-0.07257108390331268,-0.07163897901773453,0.1699095517396927
1788893145278952000,43.19195190429687,-0.01504684891551733,-0.0822916179895401,0.0985368862748146
1788893145288975600,43.2019755859375,0.04780370742082596,-0.10359688848257065,0.015446322970092297
1788893145298999800,43.211999755859374,0.11385004967451096,-0.11318425834178925,-0.06444845348596573
1788893145309024300,43.22202416992187,0.17563533782958984,-0.09827057272195816,-0.12516847252845764
1788893145319048700,43.23204858398437,0.23315958678722382,-0.0684431865811348,-0.1645832359790802
1788893145329073000,43.24207299804687,0.2853575050830841,-0.027963170781731606,-0.18056218326091766
1788893145339094000,43.25209399414062,0.33116382360458374,0.003994738683104515,-0.1699095517396927
1788893145349112600,43.26211254882813,0.35886070132255554,0.008255792781710625,-0.13795164227485657
1788893145359131100,43.272131103515626,0.36738279461860657,-0.013049479573965073,-0.09534109383821487
1788893145369150000,43.28214990234375,0.3567301630973816,-0.05352949723601341,-0.054861076176166534
1788893145379169300,43.292169189453126,0.3460775315761566,-0.10679268091917038,-0.025033695623278618
1788893145389188900,43.30218896484375,0.3418164849281311,-0.17496955394744873,-0.01225053146481514
1788893145399209200,43.31220922851563,0.33435961604118347,-0.24847275018692017,-0.01651158556342125
1788893145409229800,43.322229736328126,0.33116382360458374,-0.29747486114501953,-0.03142527863383293
1788893145419251000,43.3322509765625,0.3375554084777832,-0.303866446018219,-0.04953476041555405
1788893145429272300,43.34227221679687,0.3652522563934326,-0.27403905987739563,-0.0655137151479721
1788893145439294500,43.35229443359375,0.41958072781562805,-0.2474074810743332,-0.07297056168317795
1788893145449316900,43.36231689453125,0.48988813161849976,-0.22716747224330902,-0.04740423336625099
1788893145459339800,43.37233984375,0.5569997429847717,-0.18668745458126068,0.017576850950717926
1788893145469362700,43.38236279296875,0.6017407774925232,-0.1483379602432251,0.10599373281002045
1788893145479385900,43.3923857421875,0.648612380027771,-0.18881797790527344,0.20293273031711578
1788893145489409000,43.40240893554687,0.7189198136329651,-0.27297380566596985,0.29880645871162415
1788893145499437800,43.412437744140625,0.7679219245910645,-0.35286858677864075,0.37337490916252136
1788893145509453800,43.42245385742188,0.7902924418449402,-0.39441385865211487,0.39254966378211975
1788893145519470000,43.432469970703124,0.7998798489570618,-0.4114580750465393,0.335025429725647
1788893145529486800,43.44248681640625,0.7839008569717407,-0.4103928208351135,0.21997694671154022
1788893145539504000,43.452504150390624,0.7391598224639893,-0.35712963342666626,0.08362319320440292
1788893145549522000,43.46252197265625,0.6635261178016663,-0.30599698424339294,-0.04527370631694794
1788893145559540500,43.47254052734375,0.6081323623657227,-0.2655169665813446,-0.13262532651424408
1788893145569560000,43.48256005859375,0.5719134211540222,-0.21012325584888458,-0.15819165110588074
1788893145579580400,43.492580322265624,0.543151319026947,-0.14194637537002563,-0.1272990107536316
1788893145589601500,43.5026015625,0.5175849795341492,-0.08122635632753372,-0.06657897680997849
1788893145599623700,43.512623779296874,0.49095338582992554,-0.04181159660220146,-0.006924213841557503
1788893145609646600,43.522646484375,0.44834282994270325,-0.0354200154542923,0.03249054029583931
1788893145619670000,43.532669921875,0.39188385009765625,-0.04713791608810425,0.046338967978954315
1788893145629694200,43.542694091796875,0.3290333151817322,-0.06418213248252869,0.04101264849305153
1788893145639718700,43.55271875,0.26937854290008545,-0.08442214131355286,0.025033695623278618
1788893145649743600,43.56274365234375,0.2150501012802124,-0.09933583438396454,0.021837905049324036
1788893145659768600,43.5727685546875,0.17137429118156433,-0.09614004194736481,0.04740423336625099
1788893145669792800,43.58279272460938,0.1394163817167282,-0.07909582555294037,0.10066741704940796
1788893145679814000,43.59281396484375,0.12024163454771042,-0.0588558167219162,0.17204007506370544
1788893145689832400,43.60283251953125,0.10639320313930511,-0.0492684431374073,0.24660852551460266
1788893145699851000,43.61285107421875,0.09467530250549316,-0.05352949723601341,0.31158962845802307
1788893145709870000,43.6228701171875,0.0786963477730751,-0.07376950979232788,0.3584612011909485
1788893145719889400,43.632889404296876,0.05952160432934761,-0.105727419257164,0.37870121002197266
1788893145729909200,43.6429091796875,0.041412122547626495,-0.14940322935581207,0.37444016337394714
1788893145739929300,43.652929443359376,0.02649843320250511,-0.1898832470178604,0.34993910789489746
1788893145749950000,43.662949951171875,0.016911059617996216,-0.21012325584888458,0.3094590902328491
1788893145759971000,43.67297119140625,0.013715269044041634,-0.20586219429969788,0.26684853434562683
1788893145769992700,43.68299267578125,0.013715269044041634,-0.1675127148628235,0.22423799335956573
1788893145780014800,43.69301489257813,0.021172115579247475,-0.09507478028535843,0.18908429145812988
1788893145790037200,43.703037353515626,0.02649843320250511,0.0007989477599039674,0.1688442826271057
1788893145800060000,43.713059814453125,0.014780532568693161,0.10199899226427078,0.1688442826271057
1788893145810082800,43.723082763671876,-0.0033289489801973104,0.19467693567276,0.1826927214860916
1788893145820106000,43.73310595703125,-0.027830012142658234,0.27350643277168274,0.19973693788051605
1788893145830129200,43.74312915039062,-0.06404897570610046,0.2937464416027069,0.21784640848636627
1788893145840158000,43.753157958984374,-0.0949416235089302,0.2745717167854309,0.24341274797916412
1788893145850174200,43.76317431640625,-0.11944268643856049,0.2564622163772583,0.26578328013420105
1788893145860190500,43.7731904296875,-0.15353111922740936,0.251135915517807,0.2860232889652252
1788893145870207200,43.78320727539062,-0.18229323625564575,0.21065588295459747,0.30413275957107544
1788893145880224500,43.793224609375,-0.19294588267803192,0.13502216339111328,0.31691592931747437
1788893145890242600,43.80324267578125,-0.19294588267803192,0.0732368752360344,0.3201117217540741
1788893145900261400,43.81326147460938,-0.1897500902414322,0.04767054691910744,0.3254380524158478
1788893145910281000,43.82328100585938,-0.1705753356218338,0.028495801612734795,0.3201117217540741
1788893145920301300,43.83330126953125,-0.14074796438217163,0.011451584286987782,0.276435911655426
1788893145930322700,43.84332275390625,-0.11624689400196075,-0.0023968431632965803,0.211454838514328
1788893145940344600,43.853344482421875,-0.10133320093154907,-0.02583264373242855,0.1411474347114563
1788893145950367500,43.863367431640626,-0.09813741594552994,-0.06524740159511566,0.07190529257059097
1788893145960391000,43.87339086914063,-0.10665952414274216,-0.11211899667978287,0.006924213841557503
1788893145970414800,43.883414794921876,-0.11518163233995438,-0.1483379602432251,-0.03675159439444542
1788893145980439300,43.893439208984375,-0.13009531795978546,-0.16431692242622375,-0.059122130274772644
1788893145990464000,43.90346411132813,-0.1428784877061844,-0.15579481422901154,-0.062317922711372375
1788893146000489000,43.91348901367188,-0.15566164255142212,-0.1291632205247879,-0.0516652874648571
1788893146010513400,43.92351342773438,-0.16418376564979553,-0.08442214131355286,-0.034621067345142365
1788893146020534500,43.93353442382813,-0.17164060473442078,-0.01837579719722271,-0.01225053146481514
1788893146030553000,43.943552978515626,-0.17909744381904602,0.024234747514128685,0.010120004415512085
1788893146040571600,43.953571533203124,-0.1844237744808197,0.03701791167259216,0.0282294861972332
1788893146050590700,43.9635908203125,-0.20040272176265717,0.06151897460222244,0.037816859781742096
1788893146060610000,43.97361010742188,-0.22064273059368134,0.10519478470087051,0.04527370631694794
1788893146070629600,43.98362963867187,-0.24194800853729248,0.15206637978553772,0.04101264849305153
1788893146080650000,43.99364990234375,-0.26218801736831665,0.18828535079956055,0.020772641524672508
1788893146090670600,44.003670654296876,-0.27177539467811584,0.2138516753911972,-0.002663159044459462
1788893146100691700,44.013691650390626,-0.27710169553756714,0.23089589178562164,-0.0282294861972332
1788893146110713300,44.02371337890625,-0.28136277198791504,0.2564622163772583,-0.050600022077560425
1788893146120735500,44.03373559570313,-0.29201540350914,0.28309381008148193,-0.07403582334518433
1788893146130758000,44.0437578125,-0.3079943358898163,0.29268118739128113,-0.10599373281002045
1788893146140780500,44.053780517578126,-0.3218427896499634,0.29587697982788086,-0.15286533534526825
1788893146150803700,44.0638037109375,-0.33675646781921387,0.2948117256164551,-0.22210747003555298
1788893146160827000,44.07382690429687,-0.3548659384250641,0.2937464416027069,-0.3254380524158478
1788893146170850000,44.08385009765625,-0.3623228073120117,0.2788327634334564,-0.45859599113464355
1788893146180878800,44.09387890625,-0.36977964639663696,0.24474431574344635,-0.6183855533599854
1788893146190895000,44.10389501953125,-0.3719101548194885,0.20319904386997223,-0.7856319546699524
1788893146200912000,44.11391186523438,-0.3506048917770386,0.16165375709533691,-0.9411604404449463
1788893146210928600,44.1239287109375,-0.3303648829460144,0.13076111674308777,-1.0679267644882202
1788893146220946200,44.1339462890625,-0.3548659384250641,0.07962846010923386,-1.1510173082351685
1788893146230964200,44.143964111328124,-0.4251733422279358,0.0007989477599039674,-1.1883015632629395
1788893146240983000,44.153983154296874,-0.545548141002655,-0.18668745458126068,-1.185105800628662
1788893146251002600,44.164002685546876,-0.7564703226089478,-0.4913528561592102,-1.1584742069244385
1788893146261023000,44.17402294921875,-1.0334389209747314,-0.6926876902580261,-1.1126679182052612
1788893146271044400,44.18404443359375,-1.2986894845962524,-0.6745781898498535,-1.0807099342346191
1788893146281066200,44.19406616210937,-1.496828556060791,-0.5243760347366333,-1.126516342163086
1788893146291089200,44.20408911132812,-1.6076159477233887,-0.3326285779476166,-1.2809795141220093
1788893146301112600,44.214112548828126,-1.6203991174697876,-0.13342426717281342,-1.4674006700515747
1788893146311136300,44.22413623046875,-1.5021549463272095,0.08495477586984634,-1.570731282234192
1788893146321160700,44.23416064453125,-1.2390347719192505,0.280963271856308,-1.5430344343185425
1788893146331185200,44.24418505859375,-0.8566051125526428,0.38535910844802856,-1.3576785326004028
1788893146341209900,44.2542099609375,-0.42197754979133606,0.3789675533771515,-1.0157288312911987
1788893146351232000,44.26423193359375,-0.012916321866214275,0.3320959508419037,-0.5395560264587402
1788893146361254000,44.27425390625,0.32051119208335876,0.3235738277435303,0.029294749721884727
1788893146371276000,44.28427612304687,0.5293028950691223,0.24900537729263306,0.6258423924446106
1788893146381303600,44.294303466796876,0.5783050060272217,0.09241162240505219,1.1297121047973633
1788893146391319800,44.30431982421875,0.4504733681678772,-0.0023968431632965803,1.4897712469100952
1788893146401336000,44.31433618164063,0.2054627239704132,-0.05992107838392258,1.7550218105316162
1788893146411352800,44.324352783203125,-0.07470161467790604,-0.12064110487699509,1.9137461185455322
1788893146421370000,44.3343701171875,-0.3154512047767639,-0.1344895362854004,1.9382472038269043
1788893146431388000,44.34438793945313,-0.47950178384780884,-0.07163897901773453,1.8445039987564087
1788893146441406700,44.35440673828125,-0.5817670822143555,0.03275685757398605,1.636777639389038
1788893146451426300,44.36442626953125,-0.6382260918617249,0.15526217222213745,1.3385037183761597
1788893146461446700,44.37444677734375,-0.658466100692749,0.2607232630252838,0.9944236278533936
1788893146471468000,44.38446801757812,-0.6446176767349243,0.3257043659687042,0.6396908164024353
1788893146481490200,44.394490234375,-0.6147902607917786,0.3640538454055786,0.3094590902328491
1788893146491513000,44.40451318359375,-0.5785713195800781,0.40559911727905273,0.046338967978954315
1788893146501536500,44.41453662109375,-0.554070234298706,0.4546012580394745,-0.13475584983825684
1788893146511560700,44.42456079101562,-0.5466133952140808,0.4780370593070984,-0.24234747886657715
1788893146521585400,44.43458544921875,-0.5530049800872803,0.4577970504760742,-0.29348012804985046
1788893146531610000,44.44461010742187,-0.5689839720726013,0.393881231546402,-0.30306750535964966
1788893146541635000,44.454635009765624,-0.5956155061721802,0.31079065799713135,-0.28815382719039917
1788893146551659500,44.464659423828124,-0.6371608376502991,0.23196116089820862,-0.2551306486129761
1788893146561681000,44.474680908203126,-0.679771363735199,0.16911059617996216,-0.21358536183834076
1788893146571699500,44.484699462890624,-0.7287734746932983,0.10412952303886414,-0.16245271265506744
1788893146581718000,44.49471801757812,-0.7862977385520935,0.03275685757398605,-0.09214530140161514
1788893146591737000,44.50473706054687,-0.8502135276794434,-0.03861580789089203,0.0015978955198079348
1788893146601756400,44.51475634765625,-0.9151946306228638,-0.09614004194736481,0.11451584100723267
1788893146611776300,44.5247763671875,-0.9748494029045105,-0.13768532872200012,0.2348906397819519
1788893146621796600,44.534796630859375,-1.0291777849197388,-0.16538217663764954,0.35952648520469666
1788893146631817200,44.544817138671874,-1.0664620399475098,-0.17390428483486176,0.4617917835712433
1788893146641838600,44.55483862304688,-1.0845715999603271,-0.16857796907424927,0.5363602638244629
1788893146651860200,44.56486010742187,-1.082440972328186,-0.16431692242622375,0.5736444592475891
1788893146661882400,44.57488232421875,-1.0611357688903809,-0.16964323818683624,0.5757750272750854
1788893146671904800,44.58490478515625,-1.0238515138626099,-0.16964323818683624,0.5587307810783386
1788893146681927400,44.594927490234376,-0.9727188348770142,-0.13981585204601288,0.5374255180358887
1788893146691950600,44.60495068359375,-0.9130641222000122,-0.08548741042613983,0.510793924331665
1788893146701973800,44.61497387695312,-0.8534093499183655,-0.005592633970081806,0.4745749533176422
1788893146711997000,44.62499682617187,-0.7884282469749451,0.10199899226427078,0.43089914321899414
1788893146722025700,44.635025634765626,-0.734099805355072,0.20639483630657196,0.37337490916252136
1788893146732042000,44.6450419921875,-0.7095987200737,0.29587697982788086,0.27963170409202576
1788893146742058800,44.65505883789063,-0.6893587112426758,0.3874896466732025,0.16777902841567993
1788893146752075800,44.66507568359375,-0.6659229397773743,0.4780370593070984,0.03994738683104515
1788893146762093300,44.67509326171875,-0.6414218544960022,0.5643234252929688,-0.09747162461280823
1788893146772111400,44.685111328125,-0.6073334217071533,0.6570013761520386,-0.24128220975399017
1788893146782130200,44.695130126953124,-0.554070234298706,0.7550055980682373,-0.3765707015991211
1788893146792149800,44.705149658203126,-0.48695865273475647,0.851944625377655,-0.5139896869659424
1788893146802170400,44.71517041015625,-0.40812912583351135,0.9584709405899048,-0.6482129096984863
1788893146812191500,44.72519140625,-0.31971225142478943,1.0831067562103271,-0.7685877084732056
1788893146822213600,44.735213623046874,-0.2217079997062683,1.2226563692092896,-0.8751140832901001
1788893146832236500,44.745236572265625,-0.12903006374835968,1.3536838293075562,-0.9784446358680725
1788893146842260000,44.75526000976563,-0.048070020973682404,1.4602100849151611,-1.0839056968688965
1788893146852284000,44.765283935546876,0.025433169677853584,1.5816501379013062,-1.177648901939392
1788893146862308400,44.775308349609375,0.0978710949420929,1.6977639198303223,-1.2586089372634888
1788893146872332800,44.785332763671875,0.1543300747871399,1.8213344812393188,-1.3289164304733276
1788893146882357500,44.795357421875,0.19907113909721375,1.9395787715911865,-1.3843101263046265
1788893146892382200,44.80538232421875,0.23102904856204987,2.055692434310913,-1.4205290079116821
1788893146902403600,44.81540356445313,0.26511749625205994,2.1366524696350098,-1.4301164150238037
1788893146912424700,44.8254248046875,0.3045322299003601,2.169675827026367,-1.4152027368545532
1788893146922443300,44.835443359375,0.34394699335098267,2.160088300704956,-1.3630048036575317
1788893146932462000,44.84546215820313,0.3940143883228302,2.1323914527893066,-1.2628700733184814
1788893146942481200,44.85548120117188,0.4547344148159027,2.105759859085083,-1.113733172416687
1788893146952500500,44.86550048828125,0.5154544711112976,2.090846300125122,-0.9219856858253479
1788893146962520300,44.87552026367187,0.581500768661499,2.1121513843536377,-0.7163897752761841
1788893146972540400,44.88554052734375,0.6539387106895447,2.1739368438720703,-0.5225118398666382
1788893146982561300,44.89556127929688,0.7199850678443909,2.214416742324829,-0.3616569936275482
1788893146992582400,44.90558251953125,0.7817703485488892,2.1718063354492188,-0.2306295782327652
1788893147002604000,44.91560400390625,0.8435556292533875,2.055692434310913,-0.09108003973960876
1788893147012626200,44.92562622070312,0.8755135536193848,1.920404076576233,0.10066741704940796
1788893147022648800,44.93564892578125,0.8030756115913391,1.8181387186050415,0.35526543855667114
1788893147032671500,44.94567138671875,0.6230461001396179,1.7339829206466675,0.6940192580223083
1788893147042694700,44.955694580078124,0.38229650259017944,1.631717562675476,1.130777359008789
1788893147052717800,44.9657177734375,0.08082687854766846,1.5827155113220215,1.6335817575454712
1788893147062741200,44.9757412109375,-0.28668907284736633,1.6242607831954956,2.161952495574951
1788893147072770000,44.98577001953125,-0.7117292881011963,1.6530228853225708,2.688192844390869
1788893147082786300,44.99578637695313,-1.1357041597366333,1.6423702239990234,3.1377339363098145
1788893147092803000,45.005802978515625,-1.4520875215530396,1.6136081218719482,3.4338772296905518
1788893147102820000,45.015820068359375,-1.6619443893432617,1.5347785949707031,3.54679536819458
1788893147112837600,45.025837646484376,-1.8345171213150024,1.4602100849151611,3.4860751628875732
1788893147122855700,45.03585571289062,-1.9857845306396484,1.3877722024917603,3.2666308879852295
1788893147132874500,45.04587451171875,-2.122138261795044,1.242896318435669,2.912963390350342
1788893147142894000,45.05589404296875,-2.2084245681762695,1.0639320611953735,2.445312738418579
1788893147152914700,45.06591479492187,-2.240382671356201,0.8828372359275818,1.8519608974456787
1788893147162935800,45.075935791015624,-2.2776668071746826,0.6442182064056396,1.235173225402832
1788893147172958000,45.0859580078125,-2.2989721298217773,0.41518649458885193,0.6929540038108826
1788893147182980900,45.09598095703125,-2.2691447734832764,0.2798980176448822,0.22317273914813995
1788893147193004300,45.10600439453125,-2.1775319576263428,0.2713759243488312,-0.16777902841567993
1788893147203028200,45.1160283203125,-2.0401129722595215,0.3470096290111542,-0.4852275848388672
1788893147213052700,45.126052734375,-1.8781929016113281,0.4812328517436981,-0.7185203433036804
1788893147223077000,45.1360771484375,-1.6960328817367554,0.6495444774627686,-0.871918261051178
1788893147233101800,45.14610180664062,-1.504285454750061,0.8263782858848572,-0.9827057123184204
1788893147243124000,45.1561240234375,-1.3136032819747925,0.9478183388710022,-1.056208848953247
1788893147253146000,45.16614599609375,-1.1282473802566528,0.9936246871948242,-1.0977542400360107
1788893147263168300,45.17616821289062,-0.9556746482849121,0.9776456952095032,-1.1254510879516602
1788893147273195800,45.18619580078125,-0.8022766709327698,0.9137299060821533,-1.1403647661209106
1788893147283212000,45.1962119140625,-0.642487108707428,0.8072035312652588,-1.130777359008789
1788893147293228300,45.20622827148438,-0.48802390694618225,0.6506097912788391,-1.1041457653045654
1788893147303245000,45.2162451171875,-0.3538006842136383,0.47058022022247314,-1.059404730796814
1788893147313262600,45.2262626953125,-0.23449115455150604,0.30652961134910583,-0.9837709665298462
1788893147323280400,45.2362802734375,-0.13116058707237244,0.1765674501657486,-0.8825709223747253
1788893147333299200,45.24629931640625,-0.04593949392437935,0.0732368752360344,-0.7685877084732056
1788893147343318800,45.25631884765625,0.021172115579247475,0.011451584286987782,-0.6418213248252869
1788893147353339100,45.26633911132812,0.06697845458984375,-0.008788425475358963,-0.5118591785430908
1788893147363360500,45.276360595703125,0.09041424840688705,-0.015180006623268127,-0.38722333312034607
1788893147373382700,45.28638256835937,0.0882837250828743,0.0007989477599039674,-0.27110961079597473
1788893147383405800,45.29640576171875,0.06058686971664429,0.0007989477599039674,-0.1507348120212555
1788893147393429500,45.30642944335938,0.014780532568693161,-0.008788425475358963,-0.025033695623278618
1788893147403453700,45.31645361328125,-0.051265813410282135,-0.024767380207777023,0.11238531768321991
1788893147413478100,45.32647802734375,-0.1279647946357727,-0.019441060721874237,0.25726115703582764
1788893147423503000,45.33650317382813,-0.21105535328388214,0.010386320762336254,0.4010717570781708
1788893147433528000,45.34652807617187,-0.2877543270587921,0.04660528525710106,0.5267728567123413
1788893147443552500,45.35655249023438,-0.35593122243881226,0.1009337306022644,0.6301034688949585
1788893147453574000,45.36657397460937,-0.41665124893188477,0.16378428041934967,0.7153245210647583
1788893147463592400,45.37659252929687,-0.46565335988998413,0.23515695333480835,0.7856319546699524
1788893147473611000,45.38661108398438,-0.4954807460308075,0.31931278109550476,0.8431561589241028
1788893147483630000,45.39663012695313,-0.4965460002422333,0.40346860885620117,0.8857667446136475
1788893147493649700,45.40664965820312,-0.4773712754249573,0.48549389839172363,0.9155941009521484
1788893147503669500,45.41666943359375,-0.4443480968475342,0.5749760270118713,0.9358341097831726
1788893147513689900,45.42668994140625,-0.3974764943122864,0.6612623929977417,0.94648677110672
1788893147523710500,45.43671044921875,-0.34314805269241333,0.7305045127868652,0.9368993639945984
1788893147533731800,45.44673193359375,-0.29201540350914,0.7699192762374878,0.9028109312057495
1788893147543753500,45.45675341796875,-0.24833959341049194,0.7954856157302856,0.8538088202476501
1788893147553775600,45.466775634765625,-0.20892482995986938,0.7954856157302856,0.8016108870506287
1788893147563798000,45.476798095703124,-0.17909744381904602,0.7763108611106873,0.7387603521347046
1788893147573821000,45.486821044921875,-0.1567269116640091,0.7400919198989868,0.6791055798530579
1788893147583844000,45.496843994140626,-0.1375521719455719,0.6804371476173401,0.6311687231063843
1788893147593867300,45.5068671875,-0.12476900219917297,0.6101297736167908,0.6045371294021606
1788893147603890700,45.516890625,-0.11944268643856049,0.5281044244766235,0.5981455445289612
1788893147613919200,45.526919189453125,-0.12476900219917297,0.4215780794620514,0.6087981462478638
1788893147623935700,45.53693579101562,-0.15459638833999634,0.2937464416027069,0.6290381550788879
1788893147633952500,45.54695239257813,-0.2078595608472824,0.14993585646152496,0.6556697487831116
1788893147643969300,45.55696923828125,-0.2739059031009674,0.015712639316916466,0.6801708340644836
1788893147653986800,45.56698681640625,-0.32397329807281494,-0.09294424951076508,0.7014760971069336
1788893147664005000,45.577005126953125,-0.3633880615234375,-0.13555480539798737,0.7057371735572815
1788893147674024000,45.58702392578125,-0.37084490060806274,-0.08442214131355286,0.6854971647262573
1788893147684043500,45.59704345703125,-0.31864699721336365,0.011451584286987782,0.6428865790367126
1788893147694064000,45.607064208984376,-0.2035985141992569,0.10519478470087051,0.5906887054443359
1788893147704085500,45.61708544921875,-0.059787921607494354,0.2138516753911972,0.5491434335708618
1788893147714107600,45.627107666015625,0.09467530250549316,0.2234390527009964,0.5267728567123413
1788893147724130600,45.637130615234376,0.22144168615341187,0.13608743250370026,0.5470128655433655
1788893147734154000,45.64715405273437,0.3045322299003601,0.05193160101771355,0.6375603079795837
1788893147744178000,45.65717797851563,0.34394699335098267,-0.031158961355686188,0.7739140391349792
1788893147754202400,45.667202392578126,0.3141196072101593,-0.08868319541215897,0.9486172795295715
1788893147764227000,45.67722705078125,0.22357220947742462,-0.05566002428531647,1.1424952745437622
1788893147774251800,45.68725170898438,0.10532794147729874,0.056192658841609955,1.2958931922912598
1788893147784276500,45.6972763671875,-0.04061317816376686,0.16591481864452362,1.3523521423339844
1788893147794297900,45.7072978515625,-0.20892482995986938,0.2607232630252838,1.307611107826233
1788893147804316400,45.71731640625,-0.4017375409603119,0.33848753571510315,1.1829752922058105
1788893147814335200,45.72733520507813,-0.6062681674957275,0.38962018489837646,1.0061415433883667
1788893147824354300,45.73735424804688,-0.8161250948905945,0.38962018489837646,0.8218508958816528
1788893147834374000,45.74737377929687,-1.0206557512283325,0.33422645926475525,0.6801708340644836
1788893147844393700,45.757393798828126,-1.2092074155807495,0.28628960251808167,0.6066676378250122
1788893147854413800,45.76741381835937,-1.3849759101867676,0.2756369709968567,0.6098634600639343
1788893147864434700,45.7774345703125,-1.5362433195114136,0.261788547039032,0.6705834865570068
1788893147874456000,45.7874560546875,-1.6651402711868286,0.2277000993490219,0.7632613778114319
1788893147884477700,45.79747778320313,-1.7748624086380005,0.1957421898841858,0.8655267357826233
1788893147894499800,45.807499755859375,-1.868605613708496,0.17550218105316162,0.9624657034873962
1788893147904522200,45.817522216796874,-1.9378477334976196,0.16591481864452362,1.0423604249954224
1788893147914545200,45.827545166015625,-1.9889804124832153,0.16804534196853638,1.0977542400360107
1788893147924568300,45.837568359375,-2.0156118869781494,0.17976324260234833,1.1275815963745117
1788893147934591500,45.84759155273437,-2.013481378555298,0.20213377475738525,1.1318426132202148
1788893147944614700,45.85761474609375,-1.9900456666946411,0.21491694450378418,1.1116026639938354
1788893147964660000,45.87765991210937,-1.9080203771591187,0.20106850564479828,0.9827057123184204
1788893147974676700,45.8876767578125,-1.8419740200042725,0.17763271927833557,0.8783098459243774
1788893147984693800,45.89769384765625,-1.7706012725830078,0.15419691801071167,0.7568697929382324
1788893147994711300,45.90771118164062,-1.7013591527938843,0.14034847915172577,0.6173202991485596
1788893148004729300,45.917729248046875,-1.635312795639038,0.14674006402492523,0.46711811423301697
1788893148014748400,45.92774853515625,-1.5660706758499146,0.16484954953193665,0.31158962845802307
1788893148024768000,45.93776806640625,-1.4883065223693848,0.20319904386997223,0.1603221744298935
1788893148034788600,45.94778857421875,-1.3945633172988892,0.2607232630252838,0.01970737800002098
1788893148044810000,45.95781005859375,-1.283775806427002,0.3235738277435303,-0.11132004857063293
1788893148054832000,45.96783203125,-1.1602052450180054,0.3842938542366028,-0.2306295782327652
1788893148064855000,45.97785498046875,-1.0174599885940552,0.4546012580394745,-0.3286338448524475
1788893148074878500,45.98787841796875,-0.855539858341217,0.5281044244766235,-0.408528596162796
1788893148084902400,45.99790234375,-0.6808366179466248,0.5781718492507935,-0.47777074575424194
1788893148094926800,46.0079267578125,-0.4986765384674072,0.5877591967582703,-0.5384907722473145
1788893148104951600,46.01795166015625,-0.3165164589881897,0.5771065950393677,-0.577905535697937
1788893148114976300,46.02797631835937,-0.13861742615699768,0.5547360181808472,-0.5821665525436401
1788893148125001000,46.0380009765625,0.022237379103899002,0.5281044244766235,-0.5597960352897644
1788893148135022300,46.04802221679687,0.1639174371957779,0.4972118139266968,-0.5246423482894897
1788893148145041000,46.058041015625,0.2949448823928833,0.46205809712409973,-0.4852275848388672
1788893148155059700,46.06805981445312,0.4323638677597046,0.4173170328140259,-0.4415517747402191
1788893148165078800,46.07807885742187,0.5506081581115723,0.3597927987575531,-0.39787596464157104
1788893148175098000,46.08809814453125,0.6432861089706421,0.2852243483066559,-0.3627222776412964
1788893148185118000,46.098117919921876,0.7221155762672424,0.17976324260234833,-0.33715593814849854
1788893148195138300,46.10813818359375,0.7860314249992371,0.03169159218668938,-0.32330751419067383
1788893148205159200,46.1181591796875,0.8467514514923096,-0.13768532872200012,-0.31372013688087463
1788893148215180300,46.12818017578125,0.9064062237739563,-0.293213814496994,-0.3105243444442749
1788893148225202200,46.1382021484375,0.9756483435630798,-0.406131774187088,-0.3201117217540741
1788893148235224000,46.14822412109375,1.0736526250839233,-0.508397102355957,-0.3478085696697235
1788893148245246700,46.158246826171876,1.2078758478164673,-0.592552900314331,-0.3989412188529968
1788893148255269400,46.168269287109375,1.3623390197753906,-0.6522076725959778,-0.45433494448661804
1788893148265292500,46.17829248046875,1.5168023109436035,-0.6756434440612793,-0.4990760087966919
1788893148275315700,46.18831567382812,1.6829833984375,-0.689491868019104,-0.5246423482894897
1788893148285339100,46.198339111328124,1.8427729606628418,-0.7193192839622498,-0.5416865348815918
1788893148295368000,46.208367919921876,1.9748656749725342,-0.7470161318778992,-0.561926543712616
1788893148305384400,46.218384521484374,2.060086727142334,-0.743820309638977,-0.5715139508247375
1788893148315401500,46.2284013671875,2.0877835750579834,-0.6756434440612793,-0.5725792050361633
1788893148325418500,46.23841845703125,2.065412998199463,-0.508397102355957,-0.5981455445289612
1788893148335436000,46.24843603515625,1.9887140989303589,-0.2996053993701935,-0.6823013424873352
1788893148345454300,46.25845434570312,1.8757960796356201,-0.08655267208814621,-0.8367645740509033
1788893148355473400,46.26847338867187,1.7383770942687988,0.12330426275730133,-1.051947832107544
1788893148365493000,46.278492919921874,1.598827600479126,0.30546435713768005,-1.319329023361206
1788893148375513600,46.288513671875,1.469930648803711,0.4311654567718506,-1.625059723854065
1788893148385535000,46.298534912109375,1.343164324760437,0.48549389839172363,-1.9425082206726074
1788893148395557000,46.30855712890625,1.2323769330978394,0.4769718050956726,-2.2386515140533447
1788893148405580000,46.318580078125,1.1141326427459717,0.42903491854667664,-2.4783358573913574
1788893148415603700,46.32860375976563,0.9926925301551819,0.35659700632095337,-2.640255928039551
1788893148425627600,46.338627685546875,0.8797746300697327,0.2660495936870575,-2.71802020072937
1788893148435652000,46.348652099609374,0.7828356027603149,0.17337165772914886,-2.7148244380950928
1788893148445676800,46.3586767578125,0.7253113985061646,0.0870852991938591,-2.6210811138153076
1788893148455701500,46.368701416015625,0.6976145505905151,-0.008788425475358963,-2.4580957889556885
1788893148465725700,46.3787255859375,0.7082671523094177,-0.13555480539798737,-2.23225998878479
1788893148475747000,46.3887470703125,0.7498124241828918,-0.3177148699760437,-1.9435734748840332
1788893148485765600,46.398765625,0.8062714338302612,-0.5478118062019348,-1.6144070625305176
1788893148495784400,46.40878442382812,0.8510124683380127,-0.7928224802017212,-1.2586089372634888
1788893148505803500,46.418803466796874,0.8669914603233337,-1.061268925666809,-0.8996151685714722
1788893148515822800,46.42882275390625,0.8499472141265869,-1.3073447942733765,-0.5629918575286865
1788893148525842700,46.4388427734375,0.7966840267181396,-1.488439679145813,-0.29028433561325073
1788893148535863000,46.448863037109376,0.6976145505905151,-1.6247934103012085,-0.10066741704940796
1788893148545884000,46.4588837890625,0.5878923535346985,-1.6876438856124878,0.01225053146481514
1788893148555905000,46.46890502929688,0.4739091694355011,-1.66953444480896,0.054861076176166534
1788893148565927000,46.478927001953124,0.36844804883003235,-1.6109449863433838,0.02396843209862709
1788893148575949000,46.48894897460937,0.28429222106933594,-1.480982780456543,-0.05699160322546959
1788893148585971500,46.49897143554688,0.23209431767463684,-1.3148016929626465,-0.1603221744298935
1788893148595994400,46.50899438476562,0.21718062460422516,-1.1124016046524048,-0.28069695830345154
1788893148606017500,46.519017578125,0.23529011011123657,-0.8929572701454163,-0.42024651169776917
1788893148616040700,46.529040771484375,0.2821617126464844,-0.7022750377655029,-0.5736444592475891
1788893148626064100,46.53906420898438,0.34927332401275635,-0.5435507893562317,-0.7238466143608093
1788893148636093000,46.54909301757812,0.42384177446365356,-0.406131774187088,-0.8516782522201538
1788893148646109400,46.559109375,0.5016059875488281,-0.3070622384548187,-0.9518130421638489
1788893148656126200,46.569126220703126,0.5665870904922485,-0.2420811653137207,-1.0338383913040161
1788893148666143200,46.579143310546876,0.6177197694778442,-0.20586219429969788,-1.0977542400360107
1788893148676160800,46.58916088867188,0.648612380027771,-0.18775272369384766,-1.1403647661209106
1788893148686178800,46.5991787109375,0.6603302955627441,-0.1898832470178604,-1.1669963598251343
1788893148696198000,46.609197998046874,0.6581997871398926,-0.20692746341228485,-1.1787142753601074
1788893148706217500,46.619217529296876,0.6496776342391968,-0.22184115648269653,-1.1659311056137085
1788893148716238000,46.629238037109374,0.6336987018585205,-0.2186453640460968,-1.1147984266281128
1788893148726259500,46.63925952148438,0.6113281846046448,-0.19840535521507263,-1.0199899673461914
1788893148736281600,46.649281494140624,0.5878923535346985,-0.18029586970806122,-0.8900277614593506
1788893148746304500,46.659304443359375,0.5601955056190491,-0.1664474457502365,-0.7387603521347046
1788893148756328000,46.66932788085938,0.5016059875488281,-0.18029586970806122,-0.5768402814865112
1788893148766352000,46.679351806640625,0.4036017656326294,-0.21012325584888458,-0.41065913438796997
1788893148776376300,46.689376220703124,0.28855329751968384,-0.21331904828548431,-0.24128220975399017
1788893148786401000,46.699401123046876,0.16178691387176514,-0.20799273252487183,-0.07723161578178406
1788893148796425700,46.70942578125,0.03395527973771095,-0.19307903945446014,0.06764423847198486
1788893148806447900,46.71944775390625,-0.07470161467790604,-0.14407691359519958,0.19014956057071686
1788893148816470000,46.72946997070313,-0.1471395343542099,-0.05459476262331009,0.28921908140182495
1788893148826497500,46.73949755859375,-0.17696692049503326,0.028495801612734795,0.3755054473876953
1788893148836514800,46.74951489257813,-0.16951008141040802,0.08175898343324661,0.44474756717681885
1788893148846532000,46.759531982421876,-0.1418132185935974,0.08815056830644608,0.5161202549934387
1788893148856549600,46.76954956054688,-0.11092057824134827,0.07643266767263412,0.6130592226982117
1788893148866568000,46.77956787109375,-0.10559425503015518,0.007190529722720385,0.7323687672615051
1788893148876586500,46.78958642578125,-0.1279647946357727,-0.07163897901773453,0.8740488290786743
1788893148886605600,46.79960546875,-0.19507640600204468,-0.14088112115859985,1.0370341539382935
1788893148896625700,46.80962573242188,-0.31438592076301575,-0.2143843024969101,1.2010847330093384
1788893148906646300,46.81964624023438,-0.48269757628440857,-0.2857569754123688,1.3427648544311523
1788893148916667400,46.82966748046875,-0.6744450330734253,-0.2889527678489685,1.4397038221359253
1788893148926689500,46.839689453125,-0.8427566885948181,-0.22610220313072205,1.4695311784744263
1788893148936712200,46.849712158203126,-0.9791104197502136,-0.13555480539798737,1.4258553981781006
1788893148946735400,46.8597353515625,-1.0771147012710571,-0.0354200154542923,1.3129373788833618
1788893148956759000,46.869759033203124,-1.1314431428909302,0.04554001986980438,1.1499520540237427
1788893148966783200,46.879783203125,-1.1506178379058838,0.09347688406705856,0.9571393728256226
1788893148976807400,46.88980737304688,-1.1261168718338013,0.1201084777712822,0.7643266916275024
1788893148986832000,46.89983178710938,-1.0717884302139282,0.11158636957406998,0.5960150361061096
1788893148996856000,46.90985595703125,-0.9908283352851868,0.09241162240505219,0.46711811423301697
1788893149006877400,46.91987744140625,-0.8960198760032654,0.08069372177124023,0.39254966378211975
1788893149016896000,46.92989599609375,-0.7990809082984924,0.0679105594754219,0.3776359558105469
1788893149026914800,46.939914794921876,-0.7362303137779236,0.04234423115849495,0.4095938801765442
1788893149036934100,46.94993408203125,-0.7245124578475952,-0.0023968431632965803,0.4745749533176422
1788893149046953500,46.95995336914063,-0.7735145688056946,-0.09081372618675232,0.5683181285858154
1788893149056973300,46.969973388671875,-0.8704535365104675,-0.19734008610248566,0.6652571558952332
1788893149066993700,46.97999365234375,-0.9993504285812378,-0.3091927766799927,0.7536740303039551
1788893149077014500,46.9900146484375,-1.1452915668487549,-0.40080544352531433,0.8325035572052002
1788893149087036000,47.000035888671874,-1.2965589761734009,-0.46046021580696106,0.8910930156707764
1788893149097057800,47.01005786132812,-1.4361085891723633,-0.5094623565673828,0.9081372618675232
1788893149107080000,47.020079833984376,-1.5383738279342651,-0.5531381368637085,0.8804404139518738
1788893149117102300,47.030102294921875,-1.5948327779769897,-0.5829655528068542,0.8090677261352539
1788893149127125200,47.040125244140626,-1.6086812019348145,-0.5819002389907837,0.7068024277687073
1788893149137148400,47.0501484375,-1.5916370153427124,-0.5648560523986816,0.5736444592475891
1788893149147171600,47.06017163085937,-1.5415695905685425,-0.5446160435676575,0.42131176590919495
1788893149157195000,47.070195068359375,-1.4563485383987427,-0.5286371111869812,0.25193485617637634
1788893149167223800,47.08022387695313,-1.3551485538482666,-0.5179844498634338,0.08362319320440292
1788893149177240000,47.09023999023437,-1.2390347719192505,-0.5233107805252075,-0.08681898564100266
1788893149187256800,47.1002568359375,-1.1090725660324097,-0.5520728826522827,-0.2530001103878021
1788893149197273600,47.11027368164063,-0.9791104197502136,-0.6127929091453552,-0.40213701128959656
1788893149207291100,47.120291015625,-0.8608661890029907,-0.6745781898498535,-0.5289034247398376
1788893149217309200,47.13030908203125,-0.7511440515518188,-0.7171887755393982,-0.6258423924446106
1788893149227328000,47.140327880859374,-0.6328997611999512,-0.7363634705543518,-0.6886929273605347
1788893149237347800,47.15034790039063,-0.4965460002422333,-0.7246456146240234,-0.7163897752761841
1788893149247368200,47.1603681640625,-0.33356067538261414,-0.6713824272155762,-0.7142592668533325
1788893149257389600,47.1703896484375,-0.14394375681877136,-0.596813976764679,-0.6727139949798584
1788893149267412000,47.180411865234376,0.0648479238152504,-0.5030707716941833,-0.599210798740387
1788893149277435000,47.19043481445313,0.27363958954811096,-0.3826959729194641,-0.5065328478813171
1788893149287458600,47.20045849609375,0.47177863121032715,-0.27403905987739563,-0.4149201810359955
1788893149297482500,47.210482421875,0.6550039649009705,-0.23142851889133453,-0.3424822688102722
1788893149307507200,47.22050708007812,0.8137282729148865,-0.2569948434829712,-0.2924148738384247
1788893149317532200,47.2305322265625,0.9554083347320557,-0.29747486114501953,-0.2402169555425644
1788893149327557000,47.24055712890625,1.0885663032531738,-0.32091066241264343,-0.18482324481010437
1788893149337581600,47.25058154296875,1.2153326272964478,-0.32517173886299133,-0.13795164227485657
1788893149347603000,47.26060302734375,1.3538169860839844,-0.29534435272216797,-0.09001477807760239
1788893149357624300,47.27062426757813,1.4880400896072388,-0.23568958044052124,-0.04101264849305153
1788893149367643000,47.28064282226563,1.608414888381958,-0.1760348230600357,0.0037284228019416332
1788893149377661700,47.29066162109375,1.700027585029602,-0.13768532872200012,0.033555805683135986
1788893149387680800,47.3006806640625,1.7639434337615967,-0.12596742808818817,0.03994738683104515
1788893149397700400,47.31070043945312,1.7990971803665161,-0.10998847335577011,0.02396843209862709
1788893149407720200,47.32072021484375,1.8246634006500244,-0.06311687082052231,-0.015446322970092297
1788893149417740500,47.33074047851562,1.8630129098892212,-0.008788425475358963,-0.08149266988039017
1788893149427761400,47.34076147460937,1.9152108430862427,-0.04607265070080757,-0.1645832359790802
1788893149437782800,47.35078271484375,1.96847403049469,-0.17923060059547424,-0.22210747003555298
1788893149447804400,47.36080444335938,2.0185413360595703,-0.31451907753944397,-0.2071937769651413
1788893149457826600,47.37082666015625,2.049434185028076,-0.45619916915893555,-0.1038632020354271
1788893149467849200,47.38084912109375,2.01108455657959,-0.6479465961456299,0.04740423336625099
1788893149477872000,47.3908720703125,1.8864487409591675,-0.8215845823287964,0.23169484734535217
1788893149487895300,47.40089526367188,1.6861791610717773,-0.9653951525688171,0.46392232179641724
1788893149497918500,47.41091845703125,1.3942970037460327,-1.0346373319625854,0.7270424365997314
1788893149507942000,47.42094189453125,1.042759895324707,-0.9749825596809387,0.9731183648109436
1788893149517970700,47.430970703125,0.7050713896751404,-0.8119972348213196,1.1275815963745117
1788893149527987200,47.4409873046875,0.41531965136528015,-0.6692518591880798,1.1648657321929932
1788893149538004000,47.45100390625,0.17137429118156433,-0.5701823830604553,1.1041457653045654
1788893149548021000,47.46102099609375,-0.02569948509335518,-0.4775044322013855,0.972053050994873
1788893149558038500,47.47103857421875,-0.1652490198612213,-0.3795001804828644,0.7781751155853271
1788893149568056800,47.48105688476563,-0.23768694698810577,-0.30493173003196716,0.5289034247398376
1788893149578076000,47.49107592773437,-0.23555642366409302,-0.25486433506011963,0.24128220975399017
1788893149588095500,47.50109545898437,-0.16311849653720856,-0.23568958044052124,-0.054861076176166534
1788893149598116000,47.5111162109375,-0.0342215932905674,-0.24953800439834595,-0.335025429725647
1788893149608137500,47.521137451171874,0.140481635928154,-0.3081275224685669,-0.561926543712616
1788893149618159600,47.53115966796875,0.3428817391395569,-0.37097805738449097,-0.7131940126419067
1788893149628182500,47.5411826171875,0.5442165732383728,-0.41465386748313904,-0.7973498106002808
1788893149638206200,47.55120629882813,0.7380945682525635,-0.4498075842857361,-0.8293077349662781
1788893149648230100,47.561230224609375,0.9298419952392578,-0.4828307330608368,-0.825046718120575
1788893149658254600,47.571254638671874,1.1183936595916748,-0.5073317885398865,-0.7824361324310303
1788893149668279600,47.581279541015626,1.2771179676055908,-0.5137233734130859,-0.7270424365997314
1788893149678304300,47.59130419921875,1.3985580205917358,-0.5201149582862854,-0.6950845122337341
1788893149688328700,47.60132861328125,1.4859095811843872,-0.5616602301597595,-0.7004108428955078
1788893149698350000,47.61135009765625,1.541303277015686,-0.6404897570610046,-0.7313035130500793
1788893149708369000,47.62136889648438,1.5679348707199097,-0.7374287843704224,-0.7717835307121277
1788893149718387700,47.6313876953125,1.5668696165084839,-0.8418245911598206,-0.8101329803466797
1788893149728406800,47.64140673828125,1.5423686504364014,-0.9281109571456909,-0.8356993198394775
1788893149738426400,47.65142626953125,1.4986927509307861,-0.9856351613998413,-0.8548740744590759
1788893149748446200,47.6614462890625,1.4464948177337646,-1.019723653793335,-0.879375159740448
1788893149758466600,47.67146655273437,1.3836443424224854,-1.0335720777511597,-0.9145288467407227
1788893149768487400,47.6814873046875,1.3250547647476196,-1.0229194164276123,-0.9677920341491699
1788893149778508500,47.691508544921874,1.288835883140564,-1.0005488395690918,-1.0423604249954224
1788893149788530400,47.70153051757813,1.2792484760284424,-0.9376983046531677,-1.1318426132202148
1788893149798552600,47.711552490234375,1.2973579168319702,-0.8375635147094727,-1.222390055656433
1788893149808575200,47.7215751953125,1.352751612663269,-0.7193192839622498,-1.3086763620376587
1788893149818598100,47.73159814453125,1.4305158853530884,-0.58403080701828,-1.3832448720932007
1788893149828621000,47.74162109375,1.518932819366455,-0.4593949317932129,-1.4450300931930542
1788893149838644500,47.75164453125,1.6009581089019775,-0.34754225611686707,-1.4993585348129272
1788893149848668000,47.76166796875,1.6616780757904053,-0.25912538170814514,-1.5440996885299683
1788893149858696700,47.77169677734375,1.6851139068603516,-0.18775272369384766,-1.5792533159255981
1788893149868713200,47.781713134765624,1.665939211845398,-0.12064110487699509,-1.6101460456848145
1788893149878730000,47.79172998046875,1.6148065328598022,-0.056725289672613144,-1.636777639389038
1788893149888747000,47.8017470703125,1.5306507349014282,-0.005592633970081806,-1.6580828428268433
1788893149898764500,47.8117646484375,1.4251896142959595,0.028495801612734795,-1.6676702499389648
1788893149908782800,47.82178295898437,1.3048148155212402,0.05512739345431328,-1.6570175886154175
1788893149918801700,47.8318017578125,1.1908315420150757,0.09241162240505219,-1.6207985877990723
1788893149928821500,47.841821533203124,1.0832399129867554,0.14993585646152496,-1.5568828582763672
1788893149938842000,47.85184204101562,0.9756483435630798,0.2234390527009964,-1.4652701616287231
1788893149948863500,47.861863525390625,0.8712524771690369,0.3320959508419037,-1.3544827699661255
1788893149958885600,47.8718857421875,0.7743135094642639,0.4269044101238251,-1.2213248014450073
1788893149968908500,47.88190844726562,0.6761760711669922,0.4929507374763489,-1.0669946670532227
1788893149978932200,47.89193212890625,0.5771065950393677,0.5483444333076477,-0.880573570728302
1788893149988956200,47.9019560546875,0.45992758870124817,0.6239781975746155,-0.6632598042488098
1788893149998980600,47.911980712890625,0.3214432895183563,0.6815024018287659,-0.42144492268562317
1788893150009005300,47.92200537109375,0.18189376592636108,0.6729803085327148,-0.146606907248497
1788893150019030300,47.9320302734375,0.03488738462328911,0.6346307992935181,0.15805849432945251
1788893150029055000,47.94205493164063,-0.12703268229961395,0.5920202732086182,0.4776375889778137
1788893150039076400,47.95207641601562,-0.30067065358161926,0.5558013319969177,0.7769766449928284
1788893150049095000,47.96209497070313,-0.47537389397621155,0.5323655009269714,1.037966251373291
1788893150059113700,47.97211376953125,-0.6319676637649536,0.5099949836730957,1.2254526615142822
1788893150069132800,47.9821328125,-0.7747129797935486,0.48016759753227234,1.3287832736968994
1788893150079152400,47.99215234375,-0.9078709483146667,0.4641886353492737,1.355414867401123
1788893150089172200,48.002172119140624,-1.0175931453704834,0.45673179626464844,1.3170653581619263
1788893150099192600,48.01219262695312,-1.0857700109481812,0.43755704164505005,1.2201263904571533
1788893150109213400,48.02221337890625,-1.1177278757095337,0.4162517786026001,1.0784462690353394
1788893150119234800,48.03223486328125,-1.1230541467666626,0.38535910844802856,0.9048082828521729
1788893150129256400,48.04225634765625,-1.1006836891174316,0.3544664680957794,0.7087997794151306
1788893150139278600,48.052278564453125,-1.0644646883010864,0.3086601495742798,0.5010733604431152
1788893150149301200,48.06230126953125,-1.0186583995819092,0.21065588295459747,0.3039996027946472
1788893150159324200,48.07232421875,-0.9621993899345398,0.0732368752360344,0.1537974327802658
1788893150169347300,48.08234741210938,-0.906805694103241,-0.06950845569372177,0.05898897349834442
1788893150179370500,48.09237060546875,-0.856738269329071,-0.2005358785390854,0.005725792143493891
1788893150189394000,48.102393798828125,-0.8269109129905701,-0.3326285779476166,-0.023036325350403786
1788893150199422700,48.11242260742188,-0.8066709041595459,-0.4551338851451874,-0.04008054360747337
1788893150209439500,48.122439453125,-0.8098666667938232,-0.5563339591026306,-0.04860265180468559
1788893150219456300,48.132456298828124,-0.8354330062866211,-0.6479465961456299,-0.06351634114980698
1788893150229473300,48.142473388671874,-0.8663256764411926,-0.7384940385818481,-0.08801741153001785
1788893150239491000,48.152490966796876,-0.8972182869911194,-0.8247803449630737,-0.12423637509346008
1788893150249509400,48.16250927734375,-0.9270457029342651,-0.9057404398918152,-0.15512901544570923
1788893150259528400,48.172528564453124,-0.9483509659767151,-0.9888309836387634,-0.17430377006530762
1788893150269548000,48.182548095703126,-0.9590035676956177,-1.0708563327789307,-0.18708692491054535
1788893150279568600,48.192568603515625,-0.9600688815116882,-1.1486204862594604,-0.19773955643177032
1788893150289590300,48.20259033203125,-0.9472857117652893,-1.2210584878921509,-0.20732693374156952
1788893150299612400,48.2126123046875,-0.9195888638496399,-1.2732564210891724,-0.22543641924858093
1788893150309635300,48.22263525390625,-0.8759130239486694,-1.2945616245269775,-0.2605901062488556
1788893150319659000,48.23265893554687,-0.8088014125823975,-1.2892353534698486,-0.3159838318824768
1788893150329683200,48.24268310546875,-0.7246456146240234,-1.2530163526535034,-0.39374807476997375
1788893150339707600,48.25270776367187,-0.6170539855957031,-1.1933616399765015,-0.4960133731365204
1788893150349732400,48.262732421875,-0.48070022463798523,-1.1379679441452026,-0.6131923794746399
1788893150359757000,48.27275708007812,-0.3166496157646179,-1.103879451751709,-0.7431545257568359
1788893150369781200,48.28278125,-0.12383689731359482,-1.0815088748931885,-0.8731167316436768
1788893150379802600,48.292802734375,0.08602003753185272,-1.0506162643432617,-1.0020135641098022
1788893150389821200,48.3028212890625,0.2990727722644806,-1.0186583995819092,-1.1223883628845215
1788893150399840000,48.31284008789063,0.5036033987998962,-0.982439398765564,-1.2342411279678345
1788893150409859300,48.322859375,0.6942855715751648,-0.9504814743995667,-1.3397021293640137
1788893150419878700,48.33287866210937,0.8551403880119324,-0.9259804487228394,-1.4355759620666504
1788893150429898500,48.3428984375,0.9819067716598511,-0.9121319651603699,-1.516535997390747
1788893150439919000,48.352919189453125,1.0735194683074951,-0.906805694103241,-1.5804517269134521
1788893150449939700,48.362939697265624,1.1566100120544434,-0.8972182869911194,-1.6198664903640747
1788893150459961000,48.372961181640626,1.2407658100128174,-0.8705866932868958,-1.6294538974761963
1788893150469983000,48.38298291015625,1.3089426755905151,-0.8343677520751953,-1.6124097108840942
1788893150480005000,48.39300512695313,1.3675322532653809,-0.810931921005249,-1.568733811378479
1788893150490027800,48.40302783203125,1.4197300672531128,-0.8088014125823975,-1.504818081855774
1788893150500050700,48.41305078125,1.4538185596466064,-0.7683213949203491,-1.424923300743103
1788893150510073900,48.42307397460937,1.4708627462387085,-0.6926876902580261,-1.32798433303833
1788893150520097000,48.433096923828124,1.4719280004501343,-0.592552900314331,-1.224653720855713
1788893150530120400,48.44312036132813,1.4740585088729858,-0.46152547001838684,-1.1245189905166626
1788893150540149500,48.4531494140625,1.4836459159851074,-0.2761695981025696,-1.017992615699768
1788893150550166000,48.463166015625,1.5187996625900269,-0.09081372618675232,-0.9040093421936035
1788893150560182500,48.4731826171875,1.6050859689712524,0.06151897460222244,-0.7857651114463806
1788893150570199600,48.483199462890624,1.7393091917037964,0.14141374826431274,-0.646215558052063
1788893150580217000,48.493217041015626,1.8767281770706177,0.07004108279943466,-0.466185986995697
1788893150590235400,48.5032353515625,1.971536636352539,-0.10146636515855789,-0.24887222051620483
1788893150600254200,48.51325415039062,2.0237345695495605,-0.3784348964691162,0.009986846707761288
1788893150610274000,48.523274169921876,1.9811240434646606,-0.6948181986808777,0.31145647168159485
1788893150620294700,48.533294677734375,1.8522272109985352,-0.9930920004844666,0.6512755751609802
1788893150630316000,48.54331591796875,1.657283902168274,-1.1763173341751099,0.9996167421340942
1788893150640338200,48.553338134765625,1.4080122709274292,-1.178447961807251,1.3128042221069336
1788893150650361000,48.563361083984375,1.1225215196609497,-1.0687257051467896,1.54396653175354
1788893150660384800,48.573384765625,0.8391614556312561,-0.9163930416107178,1.6739286184310913
1788893150670409000,48.58340893554688,0.5813676118850708,-0.7416898012161255,1.7144086360931396
1788893150680433400,48.59343334960938,0.3470096290111542,-0.5573992133140564,1.6728633642196655
1788893150690458000,48.6034580078125,0.16484954953193665,-0.39547911286354065,1.553553819656372
1788893150700483000,48.61348315429687,0.05832318589091301,-0.27403905987739563,1.3660674095153809
1788893150710507800,48.6235078125,0.016777902841567993,-0.21544957160949707,1.1391663551330566
1788893150720529200,48.633529052734374,0.027430538088083267,-0.2420811653137207,0.8984166979789734
1788893150730550500,48.64355053710938,0.08602003753185272,-0.31878015398979187,0.6640587449073792
1788893150740569300,48.6535693359375,0.17763271927833557,-0.39441385865211487,0.4542017877101898
1788893150750588200,48.663588134765625,0.30546435713768005,-0.45193809270858765,0.28375959396362305
1788893150760607200,48.673607177734375,0.4769718050956726,-0.4966791868209839,0.15805849432945251
1788893150770626600,48.68362646484375,0.6729803085327148,-0.538224458694458,0.06431528925895691
1788893150780646700,48.693646728515624,0.8668583035469055,-0.5861613154411316,-0.0017310534603893757
1788893150790667000,48.7036669921875,1.0298435688018799,-0.6287718415260315,-0.039015281945466995
1788893150800687900,48.71368798828125,1.1544795036315918,-0.6543381810188293,-0.05712476372718811
1788893150810709000,48.723708984375,1.233309030532837,-0.6660560965538025,-0.07416898012161255
1788893150820731000,48.73373095703125,1.2791153192520142,-0.6788392663002014,-0.08908267319202423
1788893150830753000,48.7437529296875,1.3025511503219604,-0.7001445293426514,-0.0954742506146431
1788893150840775700,48.753775634765624,1.3121384382247925,-0.7299718856811523,-0.08695214241743088
1788893150850798600,48.763798583984375,1.310007929801941,-0.7640603184700012,-0.0762995108962059
1788893150860821800,48.77382177734375,1.3089426755905151,-0.785365641117096,-0.07097318768501282
1788893150870845200,48.78384521484375,1.3121384382247925,-0.7928224802017212,-0.07523424178361893
1788893150880868600,48.79386865234375,1.3227910995483398,-0.7693866491317749,-0.0954742506146431
1788893150890897400,48.8038974609375,1.3483574390411377,-0.7171887755393982,-0.13062795996665955
1788893150900914000,48.813913818359374,1.3675322532653809,-0.6585992574691772,-0.18708692491054535
1788893150910930700,48.8239306640625,1.3813806772232056,-0.592552900314331,-0.27124276757240295
1788893150920947700,48.83394775390625,1.3973596096038818,-0.5222455263137817,-0.3671164810657501
1788893150930965500,48.843965576171875,1.4037511348724365,-0.4348938763141632,-0.4715123176574707
1788893150951002600,48.86400268554687,1.4037511348724365,-0.22184115648269653,-0.6675208210945129
1788893150961022200,48.874022216796874,1.3867069482803345,-0.08442214131355286,-0.7346324324607849
1788893150971042800,48.88404272460937,1.3355742692947388,0.06897582113742828,-0.7804387807846069
1788893150981064200,48.894064208984375,1.2460922002792358,0.22024326026439667,-0.8081356287002563
1788893150991086600,48.904086669921874,1.1278479099273682,0.35233595967292786,-0.8241145610809326
1788893151001109500,48.914109619140625,0.9797762632369995,0.4535360038280487,-0.826245129108429
1788893151011133000,48.9241328125,0.8018772006034851,0.534496009349823,-0.8123967051506042
1788893151021157000,48.9341572265625,0.6079992055892944,0.5920202732086182,-0.7804387807846069
1788893151031181600,48.944181640625,0.4119907021522522,0.6133255362510681,-0.7282408475875854
1788893151041206300,48.954206298828126,0.22024326026439667,0.601607620716095,-0.6483460664749146
1788893151051231000,48.96423095703125,0.04767054691910744,0.5813676118850708,-0.5396891832351685
1788893151061253000,48.974253173828124,-0.10785794258117676,0.5653886795043945,-0.3969438672065735
1788893151071275300,48.98427514648437,-0.23888537287712097,0.580302357673645,-0.2265016883611679
1788893151081303000,48.99430297851563,-0.34434646368026733,0.6346307992935181,-0.039015281945466995
1788893151091320000,49.00432006835938,-0.4125233590602875,0.6729803085327148,0.1591237634420395
1788893151101337600,49.01433764648438,-0.4679170548915863,0.6548708081245422,0.3604585826396942
1788893151111355100,49.02435522460937,-0.5190497040748596,0.5941507816314697,0.5639239549636841
1788893151121373200,49.034373291015626,-0.6021402478218079,0.5270391702651978,0.78656405210495
1788893151131392000,49.04439208984375,-0.743820309638977,0.49934232234954834,1.0443578958511353
1788893151141411000,49.0544111328125,-0.9004141092300415,0.4641886353492737,1.3319790363311768
1788893151151431200,49.06443115234375,-1.0559425354003906,0.40879490971565247,1.6014907360076904
1788893151161451800,49.07445166015625,-1.2157320976257324,0.38003280758857727,1.8273266553878784
1788893151171473200,49.08447314453125,-1.3701953887939453,0.43649178743362427,2.005225658416748
1788893151181495300,49.09449536132813,-1.5001574754714966,0.5036033987998962,2.1170783042907715
1788893151191518000,49.10451806640625,-1.5939006805419922,0.5387570858001709,2.1426446437835693
1788893151201541400,49.11454125976562,-1.6535555124282837,0.5781718492507935,2.0968382358551025
1788893151211565000,49.12456494140625,-1.6844481229782104,0.6399571299552917,1.9967035055160522
1788893151221589200,49.13458935546875,-1.6833828687667847,0.7123950719833374,1.8518277406692505
1788893151231613400,49.144613525390625,-1.6556860208511353,0.7795066833496094,1.6664718389511108
1788893151241638000,49.154637939453124,-1.5981618165969849,0.8327698707580566,1.444896936416626
1788893151251659500,49.16465942382813,-1.522528052330017,0.8839024901390076,1.1988210678100586
1788893151261681400,49.174681396484374,-1.4532859325408936,0.9307740926742554,0.953810453414917
1788893151271703300,49.18470336914063,-1.3904353380203247,0.9669930934906006,0.7311703562736511
1788893151281725200,49.19472509765625,-1.3403680324554443,0.9968204498291016,0.5554018020629883
1788893151291752400,49.20475244140625,-1.296692132949829,1.03730046749115,0.44887545704841614
1788893151301769200,49.21476928710938,-1.2530163526535034,1.0926941633224487,0.4126565158367157
1788893151311786200,49.2247861328125,-1.2040141820907593,1.133174180984497,0.4414186179637909
1788893151321803500,49.234803466796876,-1.13370680809021,1.1427615880966187,0.530900776386261
1788893151331821300,49.2448212890625,-1.0644646883010864,1.1054773330688477,0.6672545075416565
1788893151341840000,49.25483984375,-1.016527771949768,1.0096036195755005,0.8440882563591003
1788893151351859000,49.26485888671875,-0.9941573143005371,0.8615319728851318,1.0560756921768188
1788893151361878800,49.27487866210937,-1.0186583995819092,0.6836329698562622,1.2861727476119995
1788893151371899400,49.2848994140625,-1.0921615362167358,0.49401602149009705,1.5290528535842896
1788893151381920800,49.294920654296874,-1.208275318145752,0.31505173444747925,1.7698023319244385
1788893151391943000,49.30494287109375,-1.3435637950897217,0.16484954953193665,1.9785940647125244
1788893151401965800,49.3149658203125,-1.480982780456543,0.06897582113742828,2.1160130500793457
1788893151411989200,49.3249892578125,-1.5885744094848633,-0.02583264373242855,2.1671457290649414
1788893151422013200,49.33501318359375,-1.649294376373291,-0.10998847335577011,2.143709897994995
1788893151432037600,49.34503759765625,-1.6727302074432373,-0.16857796907424927,2.0520973205566406
1788893151442062300,49.35506225585937,-1.6663386821746826,-0.19627483189105988,1.908286690711975
1788893151452087000,49.365087158203124,-1.609879732131958,-0.21971063315868378,1.7229307889938354
1788893151462111500,49.375111572265624,-1.5076143741607666,-0.2527337968349457,1.5045517683029175
1788893151472132900,49.3851328125,-1.3765869140625,-0.2708432674407959,1.2648674249649048
1788893151482151400,49.3951513671875,-1.232776403427124,-0.28256118297576904,1.0166609287261963
1788893151492170500,49.40517041015625,-1.0825741291046143,-0.2761695981025696,0.7748461365699768
1788893151502189600,49.415189453125,-0.9259804487228394,-0.2474074810743332,0.560728132724762
1788893151512209200,49.42520922851563,-0.772582471370697,-0.18242639303207397,0.3902859687805176
1788893151522229000,49.43522900390625,-0.6266413331031799,-0.0918789878487587,0.24967116117477417
1788893151532249300,49.44524926757813,-0.4902876019477844,0.0050600022077560425,0.13781848549842834
1788893151542270200,49.45527026367188,-0.37204334139823914,0.09880319982767105,0.04194475710391998
1788893151552291600,49.46529150390625,-0.26871275901794434,0.17763271927833557,-0.047537390142679214
1788893151562313500,49.4753134765625,-0.18349166214466095,0.21704746782779694,-0.1423458606004715
1788893151572335900,49.4853359375,-0.11105373501777649,0.22024326026439667,-0.24035011231899261
1788893151582358300,49.49535815429687,-0.04500738903880119,0.204264298081398,-0.3213101327419281
1788893151592381200,49.505381103515624,0.0007989477599039674,0.17550218105316162,-0.37457332015037537
1788893151602404400,49.515404296875,0.028495801612734795,0.13182637095451355,-0.40333545207977295
1788893151612427800,49.525427734375,0.04980107396841049,0.08388951420783997,-0.4001396596431732
1788893151622451200,49.535451171875,0.06471476703882217,0.04980107396841049,-0.37457332015037537
1788893151632480000,49.54547998046875,0.06471476703882217,0.03808317333459854,-0.34155014157295227
1788893151642496300,49.555496337890624,0.06151897460222244,0.025300011038780212,-0.30959224700927734
1788893151652513000,49.56551293945312,0.05299686640501022,0.00612526573240757,-0.28189539909362793
1788893151662529800,49.57552978515625,0.03488738462328911,-0.008788425475358963,-0.26272064447402954
1788893151672547300,49.58554736328125,0.014647374860942364,-0.027963170781731606,-0.25206801295280457
1788893151682565400,49.5955654296875,-0.007723161485046148,-0.048203181475400925,-0.26165539026260376
1788893151692584400,49.60558447265625,-0.024767380207777023,-0.03755054250359535,-0.28189539909362793
1788893151702604000,49.61560400390625,-0.026897907257080078,-0.016245270147919655,-0.3074617087841034
1788893151712624600,49.62562475585938,-0.016245270147919655,-0.04607265070080757,-0.3351585865020752
1788893151722646300,49.63564624023437,0.00612526573240757,-0.11851058155298233,-0.36498594284057617
1788893151732668700,49.64566870117188,0.0732368752360344,-0.19734008610248566,-0.3830954432487488
1788893151742691600,49.65569165039062,0.1339569091796875,-0.26338642835617065,-0.36498594284057617
1788893151752715300,49.66571533203125,0.18828535079956055,-0.3635212182998657,-0.3127880394458771
1788893151762739700,49.67573974609375,0.270310640335083,-0.45726442337036133,-0.23395852744579315
1788893151772764400,49.685764404296876,0.36724963784217834,-0.5105276107788086,-0.15512901544570923
1788893151782789400,49.69578930664063,0.4354265034198761,-0.5020055174827576,-0.10080057382583618
1788893151792814300,49.705814453125,0.4780370593070984,-0.37630438804626465,-0.08908267319202423
1788893151802838500,49.71583862304688,0.5078644156455994,-0.2047969400882721,-0.13701952993869781
1788893151812860000,49.72585986328125,0.517451822757721,-0.01837579719722271,-0.24780695140361786
1788893151822881300,49.73588134765625,0.5206475853919983,0.19680745899677277,-0.4193144142627716
1788893151832900000,49.745900146484374,0.5206475853919983,0.43755704164505005,-0.6558029055595398
1788893151842919000,49.7559189453125,0.5195823311805725,0.6687192320823669,-0.9508809447288513
1788893151852938000,49.76593798828125,0.513190746307373,0.8796414732933044,-1.2811126708984375
1788893151862957600,49.77595751953125,0.4812328517436981,1.0554099082946777,-1.626258134841919
1788893151872977400,49.78597729492188,0.3960117697715759,1.1875026226043701,-1.9500982761383057
1788893151882998000,49.795998046875,0.26285380125045776,1.2833763360977173,-2.2078919410705566
1788893151893019000,49.80601879882813,0.12223900109529495,1.3579448461532593,-2.3570289611816406
1788893151903040300,49.81604028320312,-0.004527370445430279,1.4239912033081055,-2.400704860687256
1788893151913062000,49.826061767578125,-0.09614004194736481,1.4953638315200806,-2.3335931301116943
1788893151923084300,49.836084228515624,-0.13981585204601288,1.5656712055206299,-2.146106719970703
1788893151933107000,49.84610693359375,-0.12596742808818817,1.594433307647705,-1.852094054222107
1788893151943129900,49.8561298828125,-0.04287686198949814,1.5827155113220215,-1.4685990810394287
1788893151953153000,49.86615307617188,0.1009337306022644,1.5241259336471558,-1.0137314796447754
1788893151963176200,49.87617626953125,0.2756369709968567,1.376054286956787,-0.511992335319519
1788893151973199600,49.88619970703125,0.448209673166275,1.1576752662658691,0.011052110232412815
1788893151983228700,49.89622875976563,0.580302357673645,0.8721846342086792,0.5447492003440857
1788893151993245200,49.9062451171875,0.6463487148284912,0.5984118580818176,1.0560756921768188
1788893152003261700,49.91626171875,0.617586612701416,0.3693801760673523,1.5247917175292969
1788893152013278700,49.92627880859375,0.5110602378845215,0.23515695333480835,1.8997645378112793
1788893152023296300,49.93629614257812,0.35340121388435364,0.17017586529254913,2.1628847122192383
1788893152033314600,49.946314453125,0.15419691801071167,0.1723063886165619,2.326935291290283
1788893152043333400,49.95633349609375,-0.07590003311634064,0.21278640627861023,2.397242784500122
1788893152053353200,49.96635327148437,-0.3070622384548187,0.2788327634334564,2.386590003967285
1788893152063373800,49.97637377929688,-0.5179844498634338,0.36298859119415283,2.303499460220337
1788893152073395200,49.986395263671874,-0.6767086982727051,0.4716454744338989,2.174602508544922
1788893152083417300,49.99641723632813,-0.7715172171592712,0.5920202732086182,2.0116171836853027
1788893152093440300,50.00644018554687,-0.8119972348213196,0.7049382328987122,1.8241307735443115
1788893152103464000,50.0164638671875,-0.8130624890327454,0.7976161241531372,1.611078143119812
1788893152113488100,50.026488037109374,-0.793887734413147,0.8530098795890808,1.385242223739624
1788893152123512800,50.036512939453125,-0.7779088020324707,0.8785761594772339,1.176450490951538
1788893152133537500,50.04653759765625,-0.7651256322860718,0.8945551514625549,1.013465166091919
1788893152143562500,50.0565625,-0.7629950642585754,0.9094688296318054,0.9026777744293213
1788893152153587200,50.06658715820313,-0.7757782340049744,0.9201214909553528,0.8291745781898499
1788893152163608800,50.07660888671875,-0.8066709041595459,0.9254477620124817,0.7908250689506531
1788893152173627400,50.08662744140625,-0.8460856676101685,0.927578330039978,0.7833682298660278
1788893152183646200,50.09664624023438,-0.8908267021179199,0.9297088384628296,0.7993472218513489
1788893152193665500,50.10666552734375,-0.9419593811035156,0.9382309317588806,0.8291745781898499
1788893152203685000,50.11668505859375,-0.9867004752159119,0.9424920082092285,0.8696545958518982
1788893152213705000,50.126705078125,-1.023984670639038,0.9392961859703064,0.9218525290489197
1788893152223725300,50.136725341796875,-1.0602036714553833,0.9094688296318054,0.9847030639648438
1788893152233746200,50.14674609375,-1.1060099601745605,0.8615319728851318,1.05820631980896
1788893152243767600,50.156767578125,-1.163534164428711,0.8178561329841614,1.146623134613037
1788893152253789400,50.16678955078125,-1.2359721660614014,0.814660370349884,1.2616716623306274
1788893152263811600,50.1768115234375,-1.3275848627090454,0.8008119463920593,1.398025393486023
1788893152273834200,50.18683422851562,-1.4287848472595215,0.7432876825332642,1.5397053956985474
1788893152283857200,50.19685717773437,-1.5512901544570923,0.6580666303634644,1.678189754486084
1788893152293880300,50.20688037109375,-1.6982965469360352,0.5984118580818176,1.8017603158950806
1788893152303903700,50.21690380859375,-1.8644776344299316,0.5856286883354187,1.8976340293884277
1788893152313927200,50.22692724609375,-2.022136688232422,0.638891875743866,1.950897216796875
1788893152323956000,50.2369560546875,-2.1275978088378906,0.7347655892372131,1.950897216796875
1788893152333972500,50.24697241210937,-2.1979053020477295,0.851944625377655,1.9029603004455566
1788893152343989000,50.25698901367188,-2.2362546920776367,1.0032119750976562,1.8145434856414795
1788893152354006000,50.26700610351563,-2.2287979125976562,1.1438268423080444,1.6813855171203613
1788893152364023600,50.2770234375,-2.1734042167663574,1.2588752508163452,1.5098780393600464
1788893152374041900,50.287041748046875,-2.075399875640869,1.3504879474639893,1.3085432052612305
1788893152384060700,50.297060791015625,-1.9539598226547241,1.4154690504074097,1.0890989303588867
1788893152394080500,50.30708056640625,-1.8250629901885986,1.4399701356887817,0.8728504180908203
1788893152404101000,50.31710107421875,-1.7004270553588867,1.4303827285766602,0.6970819234848022
1788893152414122500,50.32712255859375,-1.5981618165969849,1.4122732877731323,0.5799028873443604
1788893152424144600,50.33714453125,-1.5289196968078613,1.3952291011810303,0.5245091915130615
1788893152434167600,50.34716748046875,-1.4820480346679688,1.3675322532653809,0.52237868309021
1788893152444191200,50.35719116210937,-1.438372254371643,1.3163995742797852,0.5639239549636841
1788893152454215400,50.36721533203125,-1.3925658464431763,1.2599406242370605,0.6363618969917297
1788893152464240000,50.377240234375,-1.3606079816818237,1.2045468091964722,0.7333008646965027
1788893152474264800,50.38726489257812,-1.3371721506118774,1.1544795036315918,0.8547409176826477
1788893152484289800,50.397289794921875,-1.3179974555969238,1.1012163162231445,0.9910946488380432
1788893152494314800,50.407314697265626,-1.3020185232162476,1.0500836372375488,1.1327747106552124
1788893152504336100,50.41733618164063,-1.299888014793396,1.0170605182647705,1.2680631875991821
1788893152514354700,50.42735473632813,-1.3137364387512207,1.0138646364212036,1.3831117153167725
1788893152524373800,50.43737377929688,-1.3265196084976196,1.0202562808990479,1.4512885808944702
1788893152534392800,50.44739282226563,-1.3371721506118774,1.0170605182647705,1.4619412422180176
1788893152544412400,50.45741235351562,-1.3307806253433228,1.0053426027297974,1.4257222414016724
1788893152554432300,50.467432373046876,-1.3179974555969238,1.0064078569412231,1.3405011892318726
1788893152564452600,50.47745263671875,-1.3030837774276733,1.0127993822097778,1.2179957628250122
1788893152574473700,50.4874736328125,-1.2668647766113281,1.0223867893218994,1.0784462690353394
1788893152584494800,50.497494873046875,-1.2136015892028809,1.031974196434021,0.9357009530067444
1788893152594516700,50.50751684570312,-1.145424723625183,1.0404962301254272,0.8004124760627747
1788893152604539100,50.5175390625,-1.0602036714553833,1.0554099082946777,0.6896250247955322
1788893152614561500,50.5275615234375,-0.9590035676956177,1.0756499767303467,0.6075997352600098
1788893152624584400,50.53758447265625,-0.8631298542022705,1.1225215196609497,0.5639239549636841
1788893152634607600,50.54760766601562,-0.7715172171592712,1.1555447578430176,0.5543365478515625
1788893152644631000,50.557631103515625,-0.6916224360466003,1.1715236902236938,0.5596628785133362
1788893152654654500,50.56765454101563,-0.622380256652832,1.1619362831115723,0.5671197175979614
1788893152664683300,50.57768334960937,-0.5531381368637085,1.1310436725616455,0.576707124710083
1788893152674699800,50.58769970703125,-0.49987494945526123,1.0756499767303467,0.5862944722175598
1788893152684716500,50.597716552734376,-0.46152547001838684,1.000016212463379,0.6022734045982361
1788893152694733600,50.607733642578125,-0.4338286221027374,0.9073383212089539,0.6331660747528076
1788893152704751000,50.61775122070313,-0.42317599058151245,0.7976161241531372,0.6800376772880554
1788893152714769200,50.62776904296875,-0.4295675754547119,0.6900244951248169,0.7450187802314758
1788893152724788000,50.6377880859375,-0.46152547001838684,0.5845634341239929,0.8281093239784241
1788893152734807800,50.647807861328126,-0.5179844498634338,0.49401602149009705,0.9218525290489197
1788893152744828400,50.657828369140624,-0.6000097393989563,0.41944757103919983,1.0102694034576416
1788893152754849800,50.66784985351563,-0.6926876902580261,0.3587275445461273,1.0795115232467651
1788893152764872000,50.677871826171874,-0.7874961495399475,0.30120328068733215,1.1210567951202393
1788893152774895000,50.68789501953125,-0.8737825155258179,0.25859275460243225,1.1285136938095093
1788893152784918800,50.69791870117187,-0.9408941268920898,0.23196116089820862,1.1008168458938599
1788893152794942700,50.70794262695313,-0.9877657294273376,0.21065588295459747,1.0369009971618652
1788893152804967400,50.71796752929688,-1.006940484046936,0.19254639744758606,0.9474188685417175
1788893152814992400,50.72799243164062,-1.0005488395690918,0.1808284968137741,0.8419577479362488
1788893152825017000,50.73801708984375,-0.9771130681037903,0.17976324260234833,0.7269092798233032
1788893152835042000,50.7480419921875,-0.9387635588645935,0.18189376592636108,0.598012387752533
1788893152845063400,50.7580634765625,-0.8865656852722168,0.17869797348976135,0.46272388100624084
1788893152855082000,50.76808203125,-0.8269109129905701,0.1712411344051361,0.331696480512619
1788893152865100800,50.778100830078124,-0.7715172171592712,0.1669800728559494,0.21664799749851227
1788893152875120000,50.7881201171875,-0.7235803008079529,0.16804534196853638,0.1303616315126419
1788893152885139500,50.798139404296876,-0.6862961053848267,0.18295903503894806,0.06751108169555664
1788893152895159600,50.80815966796875,-0.6617950201034546,0.21172115206718445,0.025965800508856773
1788893152905180000,50.81817993164063,-0.6458160877227783,0.24048326909542084,0.0035952648613601923
1788893152915200800,50.82820068359375,-0.6277065873146057,0.2671148478984833,-0.009187898598611355
1788893152925222100,50.83822216796875,-0.6085318326950073,0.28628960251808167,-0.014514217153191566
1788893152935244000,50.848244140625,-0.5808349847793579,0.27776750922203064,-0.015579480677843094
1788893152945266200,50.85826611328125,-0.5478118062019348,0.24048326909542084,-0.011318426579236984
1788893152955288800,50.868288818359375,-0.5115928649902344,0.18295903503894806,0.0025300011038780212
1788893152965311700,50.878311767578126,-0.4764391779899597,0.1243695318698883,0.0366184376180172
1788893152975335000,50.8883349609375,-0.44767704606056213,0.08175898343324661,0.08988162130117416
1788893152985358300,50.8983583984375,-0.425306499004364,0.07217161357402802,0.15060164034366608
1788893152995381800,50.9083818359375,-0.41784965991973877,0.1009337306022644,0.19747324287891388
1788893153005410600,50.91841064453125,-0.425306499004364,0.16591481864452362,0.22197431325912476
1788893153015427000,50.928427001953125,-0.4455465078353882,0.2575274705886841,0.20919114351272583
1788893153025443600,50.93844360351562,-0.47004759311676025,0.35659700632095337,0.163384810090065
1788893153035460400,50.94846044921875,-0.4860265254974365,0.450340211391449,0.08988162130117416
1788893153045478000,50.95847778320312,-0.4902876019477844,0.5536707639694214,0.0025300011038780212
1788893153055496000,50.968495849609376,-0.481765478849411,0.6570013761520386,-0.08482161909341812
1788893153065515000,50.978514892578126,-0.46152547001838684,0.768854022026062,-0.16897743940353394
1788893153075534600,50.98853466796875,-0.43808966875076294,0.8711193203926086,-0.2414153665304184
1788893153085555200,50.99855517578125,-0.42317599058151245,0.9648625254631042,-0.2925480306148529
1788893153095576800,51.00857690429687,-0.4263717830181122,1.041561484336853,-0.30852699279785156
1788893153105599200,51.01859912109375,-0.4625907242298126,1.1012163162231445,-0.29041749238967896
1788893153115622100,51.0286220703125,-0.5062665343284607,1.1619362831115723,-0.23821958899497986
1788893153125646000,51.03864599609375,-0.559529721736908,1.213068962097168,-0.15086796879768372
1788893153135670300,51.048670166015626,-0.6468813419342041,1.2737890481948853,-0.03368896245956421
1788893153145695000,51.05869506835938,-0.7502118945121765,1.3387700319290161,0.12077426165342331
1788893153155720000,51.06871997070313,-0.8588688373565674,1.405881643295288,0.30613014101982117
1788893153165745000,51.07874487304687,-0.969656229019165,1.4484922885894775,0.5053344368934631
1788893153175769000,51.08876904296875,-1.0751173496246338,1.4612754583358765,0.7034734487533569
1788893153185790500,51.09879052734375,-1.1592731475830078,1.4452964067459106,0.895220935344696
1788893153195811800,51.108811767578125,-1.2231889963150024,1.384576439857483,1.0784462690353394
1788893153205830700,51.11883056640625,-1.2689952850341797,1.2556794881820679,1.24356210231781
1788893153215849500,51.12884936523437,-1.292431116104126,1.0841721296310425,1.3884379863739014
1788893153225868500,51.13886865234375,-1.3009532690048218,0.8977509140968323,1.5056170225143433
1788893153235888000,51.14888818359375,-1.2988226413726807,0.7166560888290405,1.5897728204727173
1788893153245908000,51.15890795898437,-1.2892353534698486,0.5526055097579956,1.6451665163040161
1788893153255928600,51.16892846679688,-1.2743216753005981,0.43649178743362427,1.6739286184310913
1788893153265949400,51.17894946289063,-1.2615385055541992,0.3640538454055786,1.6760591268539429
1788893153275970800,51.188970703125,-1.255146861076355,0.33422645926475525,1.6451665163040161
1788893153285992400,51.198992431640626,-1.255146861076355,0.3448790907859802,1.5801854133605957
1788893153296014800,51.209014892578125,-1.2530163526535034,0.3821633458137512,1.4938991069793701
1788893153306037200,51.219037353515624,-1.2466248273849487,0.4546012580394745,1.385242223739624
1788893153316060200,51.22906005859375,-1.2295805215835571,0.5387570858001709,1.2584757804870605
1788893153326083300,51.239083251953126,-1.200818419456482,0.6186518669128418,1.1114695072174072
1788893153336106800,51.24910668945312,-1.1560773849487305,0.6942855715751648,0.9548757076263428
1788893153346130200,51.259130126953124,-1.1060099601745605,0.7656582593917847,0.7897598147392273
1788893153356159000,51.269158935546876,-1.0602036714553833,0.8423572182655334,0.6278397440910339
1788893153366175500,51.279175537109374,-1.0133320093154907,0.9169256687164307,0.4733765423297882
1788893153376192000,51.28919189453125,-0.9632646441459656,0.978710949420929,0.342349112033844
1788893153386209000,51.299208984375,-0.9078709483146667,1.024517297744751,0.23795326054096222
1788893153396226600,51.3092265625,-0.8450203537940979,1.0532793998718262,0.17190691828727722
1788893153406244600,51.31924462890625,-0.7736477255821228,1.0703235864639282,0.13781848549842834
1788893153416263700,51.329263671875,-0.6948181986808777,1.0799109935760498,0.12929637730121613
1788893153426283300,51.339283203125,-0.6117276549339294,1.0777804851531982,0.14207953214645386
1788893153436304000,51.34930395507813,-0.5286371111869812,1.0639320611953735,0.17190691828727722
1788893153446325200,51.3593251953125,-0.45726442337036133,1.0330394506454468,0.22090904414653778
1788893153456347600,51.36934765625,-0.406131774187088,0.9989509582519531,0.285890132188797
1788893153466370600,51.37937060546875,-0.3826959729194641,0.9755151867866516,0.36365437507629395
1788893153476394200,51.389394287109376,-0.3741738498210907,0.9819067716598511,0.4371575713157654
1788893153486418400,51.39941845703125,-0.3795001804828644,1.0021467208862305,0.5106607675552368
1788893153496443000,51.40944287109375,-0.4071970283985138,1.0213215351104736,0.576707124710083
1788893153506467800,51.4194677734375,-0.4530033767223358,1.0426267385482788,0.631035566329956
1788893153516492800,51.42949291992188,-0.5115928649902344,1.0820415019989014,0.6715155839920044
1788893153526517500,51.439517578125,-0.5744433999061584,1.1257174015045166,0.6896250247955322
1788893153536539000,51.44953881835937,-0.6383592486381531,1.1544795036315918,0.6842987537384033
1788893153546560300,51.459560302734374,-0.6980140209197998,1.1683279275894165,0.6640587449073792
1788893153556578800,51.46957885742187,-0.7523424625396729,1.1566100120544434,0.6374271512031555
1788893153566598000,51.47959790039062,-0.8056056499481201,1.1257174015045166,0.606534481048584
1788893153576617000,51.48961694335937,-0.8578035235404968,1.0937594175338745,0.5777723789215088
1788893153586636500,51.499636474609375,-0.9078709483146667,1.0681930780410767,0.5543365478515625
1788893153596656400,51.50965649414063,-0.9600688815116882,1.049018383026123,0.5415533781051636
1788893153606676700,51.5196767578125,-1.0133320093154907,1.041561484336853,0.5447492003440857
1788893153616697600,51.529697509765626,-1.0516815185546875,1.0799109935760498,0.5596628785133362
1788893153626719000,51.53971899414063,-1.0548772811889648,1.1299784183502197,0.5745765566825867
1788893153636740900,51.549740966796875,-0.9941573143005371,1.145957350730896,0.5841639637947083
1788893153646763300,51.55976318359375,-0.9014793634414673,1.099085807800293,0.6022734045982361
1788893153656785700,51.56978564453125,-0.8077361583709717,1.019191026687622,0.6512755751609802
1788893153666808600,51.57980859375,-0.718254029750824,0.948883593082428,0.7375619411468506
1788893153676831700,51.589831787109375,-0.6426202654838562,0.9243825078010559,0.8536756634712219
1788893153686855200,51.59985522460938,-0.592552900314331,0.9797762632369995,0.9751157164573669
1788893153696878600,51.609878662109374,-0.5659213066101074,1.074584722518921,1.0763157606124878
1788893153706907400,51.619907470703126,-0.5701823830604553,1.1789805889129639,1.129578948020935
1788893153716923600,51.62992358398437,-0.5829655528068542,1.2716584205627441,1.1167957782745361
1788893153726940200,51.63994018554688,-0.5808349847793579,1.3409006595611572,1.0443578958511353
1788893153736957200,51.649957275390626,-0.5669865608215332,1.3952291011810303,0.9314398765563965
1788893153746974500,51.659974365234376,-0.5307676196098328,1.413338541984558,0.7961513996124268
1788893153756992500,51.66999243164062,-0.46046021580696106,1.4026858806610107,0.6683197617530823
1788893153767011300,51.68001123046875,-0.3613906800746918,1.3600753545761108,0.5905555486679077
1788893153777031200,51.69003125,-0.2655169665813446,1.3014858961105347,0.5820333957672119
1788893153787051800,51.7000517578125,-0.19307903945446014,1.225852131843567,0.6416881680488586
1788893153797073200,51.7100732421875,-0.13342426717281342,1.1054773330688477,0.7546061277389526
1788893153807095600,51.720095458984375,-0.0918789878487587,0.9712541103363037,0.9101346135139465
1788893153817118500,51.730118408203126,-0.08761793375015259,0.8498140573501587,1.092294692993164
1788893153827142100,51.74014208984375,-0.13129374384880066,0.7720498442649841,1.2776505947113037
1788893153837166600,51.75016650390625,-0.21971063315868378,0.6985466480255127,1.4470274448394775
1788893153847191300,51.76019140625,-0.34221595525741577,0.6601971387863159,1.6014907360076904
1788893153857216300,51.77021630859375,-0.48389601707458496,0.6570013761520386,1.7474318742752075
1788893153867241200,51.7802412109375,-0.6532729268074036,0.663392961025238,1.8720676898956299
1788893153877265700,51.790265625,-0.8301066756248474,0.6580666303634644,1.9732677936553955
1788893153887287000,51.800287109375,-1.0016140937805176,0.6165213584899902,2.0531625747680664
1788893153897305900,51.81030590820313,-1.158207893371582,0.5749760270118713,2.110686779022217
1788893153907324700,51.82032470703125,-1.292431116104126,0.5398223400115967,2.1415793895721436
1788893153917343700,51.83034375,-1.3915005922317505,0.5217128396034241,2.143709897994995
1788893153927363000,51.84036303710938,-1.4575469493865967,0.5334307551383972,2.1160130500793457
1788893153937383200,51.850383056640624,-1.4948312044143677,0.5611276030540466,2.055293083190918
1788893153947403500,51.86040356445312,-1.5022881031036377,0.5877591967582703,1.9540929794311523
1788893153957424400,51.87042431640625,-1.4713953733444214,0.6048034429550171,1.8070865869522095
1788893153967445500,51.88044555664062,-1.4160016775131226,0.6218476295471191,1.616404414176941
1788893153977467400,51.89046728515625,-1.3435637950897217,0.626108705997467,1.3873727321624756
1788893153987489500,51.900489501953125,-1.255146861076355,0.6282392144203186,1.1327747106552124
1788893153997512200,51.91051220703125,-1.158207893371582,0.6420876383781433,0.8664588332176208
1788893154007535000,51.92053515625,-1.0591384172439575,0.6548708081245422,0.6012081503868103
1788893154017558300,51.93055834960938,-0.9483509659767151,0.6570013761520386,0.34447962045669556
1788893154027581700,51.94058178710937,-0.8311719298362732,0.6548708081245422,0.11225215345621109
1788893154037605000,51.950605224609376,-0.7107971906661987,0.6484792232513428,-0.08056056499481201
1788893154047634000,51.96063403320313,-0.5893571376800537,0.6399571299552917,-0.23076273500919342
1788893154057650400,51.970650390625,-0.47111284732818604,0.6250434517860413,-0.3404848873615265
1788893154067667200,51.980667236328124,-0.35712963342666626,0.6005423665046692,-0.41718387603759766
1788893154077684200,51.99068432617187,-0.24847275018692017,0.5611276030540466,-0.46405547857284546
1788893154087701800,52.00070166015625,-0.15579481422901154,0.48549389839172363,-0.4949481189250946
1788893154097719800,52.0107197265625,-0.07696529477834702,0.3821633458137512,-0.5056007504463196
1788893154107739000,52.02073876953125,-0.0141147430986166,0.25433170795440674,-0.48855653405189514
1788893154117758500,52.03075854492187,0.024234747514128685,0.10945583879947662,-0.4427502155303955
1788893154127779000,52.04077905273437,0.035952646285295486,-0.052464235574007034,-0.3724428117275238
1788893154137800400,52.050800537109374,0.028495801612734795,-0.22077588737010956,-0.2786996066570282
1788893154147822800,52.06082275390625,-0.0023968431632965803,-0.36778226494789124,-0.16045533120632172
1788893154157845800,52.070845703125,-0.05139897018671036,-0.4881570637226105,-0.03262370079755783
1788893154167869200,52.080869140625,-0.11851058155298233,-0.5808349847793579,0.09946899116039276
1788893154177893400,52.090893310546875,-0.19840535521507263,-0.6500771641731262,0.21771325170993805
1788893154187917800,52.100917724609374,-0.27830013632774353,-0.6777740120887756,0.30613014101982117
1788893154197942800,52.11094287109375,-0.32943278551101685,-0.6575340032577515,0.3519364893436432
1788893154207967700,52.1209677734375,-0.3326285779476166,-0.6095971465110779,0.3370227813720703
1788893154217992200,52.1309921875,-0.28149592876434326,-0.5819002389907837,0.2656501233577728
1788893154228013600,52.141013671875,-0.17283903062343597,-0.5936181545257568,0.17190691828727722
1788893154238032400,52.15103247070312,-0.02263685315847397,-0.6319676637649536,0.06964161247015
1788893154248051200,52.16105126953125,0.14247901737689972,-0.7097318768501282,-0.034754227846860886
1788893154258070300,52.1710703125,0.3075948655605316,-0.8215845823287964,-0.12743216753005981
1788893154268089900,52.18108984375,0.45566651225090027,-0.9281109571456909,-0.19028271734714508
1788893154278109700,52.191109619140626,0.5696497559547424,-0.9952225685119629,-0.21904483437538147
1788893154288130000,52.201130126953124,0.6378266215324402,-0.9653951525688171,-0.22437115013599396
1788893154298151000,52.21115087890625,0.6495444774627686,-0.8514119386672974,-0.2222406268119812
1788893154308172000,52.221172119140626,0.6101297736167908,-0.668186604976654,-0.2414153665304184
1788893154318194000,52.23119384765625,0.5302349925041199,-0.435959130525589,-0.30000486969947815
1788893154328216000,52.24121606445313,0.42796966433525085,-0.19307903945446014,-0.40333545207977295
1788893154338238700,52.25123876953125,0.32463908195495605,0.03701791167259216,-0.5524723529815674
1788893154348261600,52.26126171875,0.24794010818004608,0.23089589178562164,-0.7325019240379333
1788893154358284800,52.27128491210937,0.19893798232078552,0.3885549008846283,-0.9274451732635498
1788893154368308200,52.28130810546875,0.1808284968137741,0.5227781534194946,-1.12025785446167
1788893154378331600,52.29133154296875,0.18189376592636108,0.6282392144203186,-1.303483247756958
1788893154388360400,52.3013603515625,0.20532956719398499,0.7038729786872864,-1.4685990810394287
1788893154398377000,52.311376953125,0.261788547039032,0.75180983543396,-1.6113444566726685
1788893154408393500,52.3213935546875,0.31931278109550476,0.7571361064910889,-1.7072181701660156
1788893154418410500,52.331410400390624,0.3704454302787781,0.714525580406189,-1.7317192554473877
1788893154428428000,52.341427978515625,0.43223071098327637,0.638891875743866,-1.6784560680389404
1788893154438446000,52.35144604492187,0.5185170769691467,0.5163865685462952,-1.5474286079406738
1788893154448465000,52.36146484375,0.6133255362510681,0.3512706756591797,-1.3365063667297363
1788893154458484700,52.371484619140624,0.6868287324905396,0.1435442715883255,-1.047819972038269
1788893154468505000,52.38150512695312,0.7155908346176147,-0.08122635632753372,-0.6941524147987366
1788893154478526500,52.3915263671875,0.6889592409133911,-0.2942790687084198,-0.29893961548805237
1788893154488548600,52.40154858398437,0.5909550189971924,-0.4689823091030121,0.11438268423080444
1788893154498571800,52.41157177734375,0.4205128252506256,-0.596813976764679,0.5149217844009399
1788893154508595500,52.42159545898438,0.1904158741235733,-0.659664511680603,0.862197756767273
1788893154518619400,52.431619384765625,-0.06631266325712204,-0.6181192398071289,1.1199915409088135
1788893154528644000,52.44164404296875,-0.29214856028556824,-0.5041360259056091,1.2776505947113037
1788893154538668800,52.451668701171876,-0.4785696864128113,-0.33902016282081604,1.3394358158111572
1788893154548693800,52.46169384765625,-0.6266413331031799,-0.12703268229961395,1.3223916292190552
1788893154558718700,52.47171875,-0.7044056057929993,0.09241162240505219,1.2424968481063843
1788893154568740000,52.481739990234374,-0.696948766708374,0.2649843394756317,1.1061431169509888
1788893154578761500,52.491761474609376,-0.6159886717796326,0.37683701515197754,0.9207872748374939
1788893154588780000,52.501780029296874,-0.4764391779899597,0.43755704164505005,0.6992124319076538
1788893154598798800,52.511798828125,-0.30493173003196716,0.46099284291267395,0.4499407410621643
1788893154608818000,52.52181787109375,-0.12277163565158844,0.45247071981430054,0.1910816729068756
1788893154618837500,52.53183740234375,0.06258423626422882,0.4066644012928009,-0.04008054360747337
1788893154628857300,52.541857421875,0.24048326909542084,0.32890015840530396,-0.21904483437538147
1788893154638877700,52.55187768554688,0.3885549008846283,0.25433170795440674,-0.34155014157295227
1788893154648898600,52.56189868164063,0.4961465299129486,0.1861548274755478,-0.41718387603759766
1788893154658920000,52.571919921875,0.5792371034622192,0.09347688406705856,-0.4523375630378723
1788893154668941600,52.581941650390625,0.6420876383781433,-0.016245270147919655,-0.45979443192481995
1788893154678964000,52.5919638671875,0.6655234694480896,-0.12596742808818817,-0.44488072395324707
1788893154688986400,52.601986328125,0.6538055539131165,-0.2090579867362976,-0.401204913854599
1788893154699009300,52.61200927734375,0.6165213584899902,-0.2569948434829712,-0.336223840713501
1788893154709032400,52.622032470703125,0.5696497559547424,-0.293213814496994,-0.25313326716423035
1788893154719055600,52.6320556640625,0.5089297294616699,-0.2985401451587677,-0.15939007699489594
1788893154729079000,52.6420791015625,0.43329599499702454,-0.26764747500419617,-0.06458161026239395
1788893154739107800,52.65210791015625,0.34807488322257996,-0.21012325584888458,0.03448791056871414
1788893154749124600,52.66212451171875,0.26391905546188354,-0.16005586087703705,0.11970899999141693
1788893154759141400,52.67214135742187,0.18508955836296082,-0.13662005960941315,0.1729721873998642
1788893154769158400,52.68215844726563,0.13502216339111328,-0.15579481422901154,0.2006690353155136
1788893154779176000,52.69217602539062,0.11158636957406998,-0.23036326467990875,0.19960378110408783
1788893154789194200,52.7021943359375,0.11371689289808273,-0.33369383215904236,0.1729721873998642
1788893154799213300,52.71221337890625,0.1435442715883255,-0.44235071539878845,0.1261005848646164
1788893154809233200,52.72223315429687,0.1957421898841858,-0.5627255439758301,0.061119500547647476
1788893154819253800,52.73225366210937,0.2575274705886841,-0.7001445293426514,-0.014514217153191566
1788893154829275100,52.742275146484374,0.3214432895183563,-0.8471509218215942,-0.09760478138923645
1788893154839297500,52.75229760742187,0.37683701515197754,-0.982439398765564,-0.17430377006530762
1788893154849320400,52.762320556640624,0.4269044101238251,-1.0729868412017822,-0.23928484320640564
1788893154859344100,52.77234423828125,0.48336338996887207,-1.1145321130752563,-0.2882869839668274
1788893154869368000,52.7823681640625,0.5568665862083435,-1.165664792060852,-0.32237541675567627
1788893154879392500,52.792392578125,0.6367613673210144,-1.219993233680725,-0.33302804827690125
1788893154889417200,52.802417236328125,0.6974813938140869,-1.2604732513427734,-0.30959224700927734
1788893154899442200,52.81244213867188,0.7209171652793884,-1.2743216753005981,-0.23928484320640564
1788893154909466000,52.822466064453124,0.7166560888290405,-1.2615385055541992,-0.1380847990512848
1788893154919487500,52.83248754882813,0.6985466480255127,-1.205079436302185,-0.019840534776449203
1788893154929506000,52.842506103515625,0.663392961025238,-1.1177278757095337,0.10053425282239914
1788893154939525000,52.852525146484375,0.6101297736167908,-1.0090709924697876,0.20386482775211334
1788893154949544200,52.862544189453125,0.5366265773773193,-0.8897614479064941,0.2720417082309723
1788893154959563500,52.8725634765625,0.45140546560287476,-0.7693866491317749,0.2986733019351959
1788893154969583600,52.88258349609375,0.3608580529689789,-0.6490118503570557,0.28269433975219727
1788893154979604000,52.89260400390625,0.2756369709968567,-0.5147886276245117,0.23795326054096222
1788893154989624800,52.90262475585938,0.19467693567276,-0.36245596408843994,0.1687111258506775
1788893154999646000,52.91264599609375,0.1296958476305008,-0.2143843024969101,0.07283740490674973
1788893155009667800,52.922667724609376,0.07962846010923386,-0.08442214131355286,-0.050733182579278946
1788893155019690000,52.93268994140625,0.04234423115849495,0.018908429890871048,-0.1934785097837448
1788893155029712600,52.942712646484374,0.018908429890871048,0.08388951420783997,-0.336223840713501
1788893155039735300,52.9527353515625,-0.0002663159102667123,0.10839057713747025,-0.47364285588264465
1788893155049758500,52.962758544921876,-0.010918952524662018,0.10732531547546387,-0.5822997093200684
1788893155059782000,52.97278198242188,-0.0141147430986166,0.09560741484165192,-0.6451503038406372
1788893155069805000,52.98280517578125,-0.017310533672571182,0.0870852991938591,-0.654737651348114
1788893155079833900,52.992833740234374,-0.027963170781731606,0.07217161357402802,-0.616388201713562
1788893155089850600,53.0028505859375,-0.04394212365150452,0.04554001986980438,-0.5364934206008911
1788893155099867400,53.01286743164062,-0.05992107838392258,-0.02583264373242855,-0.4235754609107971
1788893155109884400,53.02288452148437,-0.10253162682056427,-0.13662005960941315,-0.2936132848262787
1788893155119902200,53.03290209960937,-0.1909485012292862,-0.2559295892715454,-0.13915006816387177
1788893155129920500,53.04292041015625,-0.31558436155319214,-0.3635212182998657,0.0366184376180172
1788893155139939300,53.05293920898438,-0.45619916915893555,-0.45087283849716187,0.21132168173789978
1788893155149959200,53.06295922851562,-0.60533607006073,-0.5030707716941833,0.37217649817466736
1788893155159979800,53.07297973632812,-0.7544729709625244,-0.48922231793403625,0.509595513343811
1788893155170001400,53.08300146484375,-0.8844351172447205,-0.42850229144096375,0.6171871423721313
1788893155180023600,53.0930234375,-0.9739173054695129,-0.349672794342041,0.6811029314994812
1788893155190046500,53.10304638671875,-1.029310941696167,-0.2623211741447449,0.6928208470344543
1788893155200070100,53.11307006835938,-1.0559425354003906,-0.16005586087703705,0.6566019058227539
1788893155210094300,53.12309423828125,-1.0474205017089844,-0.03968106955289841,0.5884249806404114
1788893155220118800,53.133118896484376,-1.006940484046936,0.04767054691910744,0.482963889837265
1788893155230143500,53.1431435546875,-0.945155143737793,0.11584742367267609,0.3466101586818695
1788893155240168200,53.15316821289063,-0.8641951084136963,0.1712411344051361,0.19321219623088837
1788893155250192400,53.1631923828125,-0.7768434882164001,0.22130851447582245,0.028096329420804977
1788893155260213500,53.17321362304688,-0.6937529444694519,0.2671148478984833,-0.146606907248497
1788893155270232300,53.183232421875,-0.6149234175682068,0.31931278109550476,-0.31385329365730286
1788893155280251100,53.193251220703125,-0.5456812977790833,0.3874896466732025,-0.45979443192481995
1788893155290270200,53.203270263671875,-0.481765478849411,0.4684496819972992,-0.579103946685791
1788893155300289800,53.21328979492188,-0.4199801981449127,0.5600623488426208,-0.6685860753059387
1788893155310309600,53.2233095703125,-0.35712963342666626,0.6538055539131165,-0.7356976866722107
1788893155320330000,53.233330078125,-0.2836264371871948,0.7486140131950378,-0.7846998572349548
1788893155330350800,53.24335083007813,-0.20160114765167236,0.8487488031387329,-0.8241145610809326
1788893155340372200,53.253372314453124,-0.11638005077838898,0.9520793557167053,-0.8560724854469299
1788893155350393900,53.263393798828126,-0.031158961355686188,1.0394309759140015,-0.8795083165168762
1788893155360416000,53.273416015625,0.05086633935570717,1.099085807800293,-0.8901609182357788
1788893155370438700,53.283438720703124,0.12543480098247528,1.1235867738723755,-0.8837693333625793
1788893155380461600,53.293461669921875,0.17976324260234833,1.1278479099273682,-0.859268307685852
1788893155390484500,53.303484375,0.22556957602500916,1.0937594175338745,-0.8187882900238037
1788893155400508000,53.3135078125,0.26285380125045776,1.0149298906326294,-0.7570029497146606
1788893155410531300,53.32353125,0.29268118739128113,0.9158604145050049,-0.6696513295173645
1788893155420560100,53.33356005859375,0.30972540378570557,0.8008119463920593,-0.5609944462776184
1788893155430576600,53.34357666015625,0.3225085735321045,0.6495444774627686,-0.4352933466434479
1788893155440593400,53.35359350585937,0.3352917432785034,0.4929507374763489,-0.2936132848262787
1788893155450610700,53.36361059570312,0.34807488322257996,0.35659700632095337,-0.1284974217414856
1788893155460628200,53.37362817382812,0.38003280758857727,0.25326642394065857,0.05472791939973831
1788893155470646500,53.383646484375,0.42370861768722534,0.18935060501098633,0.24647536873817444
1788893155480665600,53.39366552734375,0.4716454744338989,0.15845796465873718,0.42543965578079224
1788893155490685400,53.403685546875,0.5121254920959473,0.14567480981349945,0.5671197175979614
1788893155500706000,53.4137060546875,0.5462139248847961,0.15419691801071167,0.6640587449073792
1788893155510727400,53.4237275390625,0.5653886795043945,0.19893798232078552,0.7141261100769043
1788893155520749600,53.43374951171875,0.5781718492507935,0.2277000993490219,0.7301050424575806
1788893155530772700,53.443772705078125,0.6143907904624939,0.24900537729263306,0.7130608558654785
1788893155540796200,53.45379614257813,0.6878939867019653,0.26818013191223145,0.6747113466262817
1788893155550820400,53.4638203125,0.7827024459838867,0.2522011697292328,0.6257092356681824
1788893155560844800,53.4738447265625,0.8807067275047302,0.18828535079956055,0.5777723789215088
1788893155570869500,53.483869384765626,0.9755151867866516,0.13289164006710052,0.5468797087669373
1788893155580894200,53.49389428710938,1.04475736618042,0.138217955827713,0.530900776386261
1788893155590918400,53.50391845703125,1.0479531288146973,0.19467693567276,0.509595513343811
1788893155600939800,53.51393969726563,1.0085383653640747,0.2980075180530548,0.4701807498931885
1788893155610958300,53.523958251953125,0.9392961859703064,0.42903491854667664,0.4083954393863678
1788893155620977400,53.533977294921876,0.8380961418151855,0.5313002467155457,0.3146522343158722
1788893155630996500,53.54399658203125,0.7134603261947632,0.4918854832649231,0.19853851199150085
1788893155641015800,53.55401586914063,0.5845634341239929,0.30652961134910583,0.08881635963916779
1788893155651036000,53.564035888671874,0.45140546560287476,0.04340949282050133,0.01850895583629608
1788893155661056300,53.57405615234375,0.2937464416027069,-0.2186453640460968,-0.013448953628540039
1788893155671077000,53.5840771484375,0.11265163123607635,-0.4029359817504883,-0.019840534776449203
1788893155681098200,53.59409814453125,-0.10253162682056427,-0.44767704606056213,-0.008122635073959827
1788893155691120000,53.6041201171875,-0.3368896245956421,-0.3688475489616394,0.017443692311644554
1788893155701142300,53.614142333984375,-0.5392897129058838,-0.1856221854686737,0.024900536984205246
1788893155711165000,53.6241650390625,-0.6958834528923035,0.05086633935570717,-0.027297381311655045
1788893155721187600,53.6341875,-0.7949529886245728,0.2522011697292328,-0.14341111481189728
1788893155731210800,53.644210693359376,-0.8301066756248474,0.39494648575782776,-0.3106575012207031
1788893155741234200,53.65423413085937,-0.823715090751648,0.5185170769691467,-0.5205144286155701
1788893155751257300,53.66425732421875,-0.781104564666748,0.6165213584899902,-0.7527419328689575
1788893155761286100,53.6742861328125,-0.7076013684272766,0.6815024018287659,-0.9998830556869507
1788893155771303000,53.684302978515625,-0.635163426399231,0.7262434959411621,-1.2512853145599365
1788893155781320000,53.69431982421875,-0.5733781456947327,0.7741803526878357,-1.492034912109375
1788893155791337000,53.7043369140625,-0.5222455263137817,0.8231824636459351,-1.7114791870117188
1788893155801354800,53.714354736328126,-0.4881570637226105,0.8530098795890808,-1.9000308513641357
1788893155811373000,53.724373046875,-0.47111284732818604,0.8594014644622803,-2.0544941425323486
1788893155821392000,53.73439184570312,-0.47324338555336,0.8476835489273071,-2.1780645847320557
1788893155831411700,53.74441162109375,-0.49348339438438416,0.8231824636459351,-2.275003671646118
1788893155841432300,53.754432373046875,-0.5105276107788086,0.7592666745185852,-2.3314626216888428
1788893155851454000,53.76445385742188,-0.5392897129058838,0.684698224067688,-2.3580942153930664
1788893155861476000,53.77447607421875,-0.5808349847793579,0.6154560446739197,-2.365550994873047
1788893155871499000,53.7844990234375,-0.6255760788917542,0.5408875942230225,-2.360224723815918
1788893155881522700,53.79452270507812,-0.6522076725959778,0.44714441895484924,-2.3335931301116943
1788893155891547000,53.804546875,-0.6554034352302551,0.35766226053237915,-2.270742654800415
1788893155901571300,53.8145712890625,-0.6245108246803284,0.2522011697292328,-2.1684772968292236
1788893155911596000,53.82459594726563,-0.5552686452865601,0.17550218105316162,-2.012948751449585
1788893155921620700,53.83462084960937,-0.4785696864128113,0.16911059617996216,-1.8084181547164917
1788893155931645000,53.84464501953125,-0.4295675754547119,0.29268118739128113,-1.5623422861099243
1788893155941666300,53.85466625976562,-0.39547911286354065,0.48442864418029785,-1.290700078010559
1788893155951684900,53.86468481445313,-0.3411506712436676,0.5824328660964966,-0.9924262166023254
1788893155961703700,53.87470361328125,-0.22184115648269653,0.37683701515197754,-0.6781734824180603
1788893155971722800,53.88472265625,-0.032224226742982864,-0.14940322935581207,-0.3500722646713257
1788893155981742300,53.89474243164062,0.2000032514333725,-0.8226498365402222,-0.005992108024656773
1788893155991762200,53.90476220703125,0.39068543910980225,-1.4692648649215698,0.32956594228744507
1788893156001782500,53.91478247070312,0.48016759753227234,-1.972069263458252,0.6107955574989319
1788893156011803400,53.924803466796874,0.47910231351852417,-2.2820611000061035,0.8387619853019714
1788893156021824800,53.93482470703125,0.3597927987575531,-2.4248063564300537,1.0496841669082642
1788893156031846400,53.94484643554687,0.13502216339111328,-2.457829475402832,1.2595411539077759
1788893156041868500,53.95486865234375,-0.1579253375530243,-2.318279981613159,1.465137004852295
1788893156051891200,53.96489111328125,-0.47963494062423706,-1.9443724155426025,1.6430360078811646
1788893156061914000,53.9749140625,-0.7843003273010254,-1.3765869140625,1.7815202474594116
1788893156071937300,53.98493725585938,-1.0133320093154907,-0.7800393104553223,1.8571540117263794
1788893156081960700,53.994960693359374,-1.1592731475830078,-0.1898832470178604,1.8528929948806763
1788893156091984100,54.00498413085938,-1.249820590019226,0.30546435713768005,1.78684663772583
1788893156102013000,54.01501293945312,-1.2839089632034302,0.6964160799980164,1.6717981100082397
1788893156112029400,54.02502954101563,-1.272191047668457,0.9914941191673279,1.5162696838378906
1788893156122046200,54.035046142578125,-1.2093405723571777,1.2237216234207153,1.3245221376419067
1788893156132063200,54.045063232421874,-1.1134668588638306,1.4037511348724365,1.1242525577545166
1788893156142081000,54.0550810546875,-0.9973530769348145,1.5464965105056763,0.9357009530067444
1788893156152099000,54.06509912109375,-0.8759130239486694,1.6636755466461182,0.7684545516967773
1788893156162118100,54.0751181640625,-0.7693866491317749,1.7425049543380737,0.6214481592178345
1788893156172138000,54.085137939453126,-0.672447681427002,1.795768141746521,0.4872249662876129
1788893156182158300,54.095158447265625,-0.5712476372718811,1.8469008207321167,0.3743070065975189
1788893156192180000,54.10517993164063,-0.47537389397621155,1.8980334997177124,0.275237500667572
1788893156202202000,54.1152021484375,-0.3880222737789154,1.9395787715911865,0.1921469271183014
1788893156212225000,54.12522509765625,-0.2857569754123688,2.010951519012451,0.12823110818862915
1788893156222248400,54.13524853515625,-0.15366427600383759,2.090846300125122,0.09627319872379303
1788893156232272600,54.14527270507813,-0.007723161485046148,2.205894708633423,0.0930774137377739
1788893156242297000,54.15529711914063,0.14247901737689972,2.374206304550171,0.12183953076601028
1788893156252321800,54.16532177734375,0.29161593317985535,2.606433868408203,0.1687111258506775
1788893156262346800,54.1753466796875,0.4343612492084503,2.8834023475646973,0.22303956747055054
1788893156272368600,54.18536865234375,0.5834981799125671,3.1838066577911377,0.3135869801044464
1788893156282391000,54.19539111328125,0.7411571741104126,3.4671669006347656,0.4882902204990387
1788893156292418600,54.20541845703125,0.936100423336029,3.7760932445526123,0.795086145401001
1788893156302435600,54.215435546875,1.1875026226043701,3.990211248397827,1.2148000001907349
1788893156312452900,54.22545288085937,1.506016492843628,3.930556535720825,1.6600801944732666
1788893156322470400,54.23547045898437,1.8788588047027588,3.624825954437256,2.006290912628174
1788893156332488400,54.24548852539063,2.1877851486206055,2.93027400970459,2.2299962043762207
1788893156342507000,54.255507080078125,2.3560967445373535,1.8522272109985352,2.391916275024414
1788893156352526300,54.2655263671875,2.35929274559021,0.6591318845748901,2.530400514602661
1788893156362546200,54.27554614257812,2.1686105728149414,-0.47111284732818604,2.634796380996704
1788893156372566800,54.28556689453125,1.8106818199157715,-1.4575469493865967,2.684863805770874
1788893156382588400,54.29558837890625,1.3675322532653809,-2.1542294025421143,2.63586163520813
1788893156392610600,54.30561059570312,0.9211867451667786,-2.5462465286254883,2.477137327194214
1788893156402633200,54.31563330078125,0.5398223400115967,-2.8029749393463135,2.2598235607147217
1788893156412656600,54.32565673828125,0.2980075180530548,-2.997918128967285,2.0563583374023438
1788893156422680300,54.33568041992187,0.12650005519390106,-3.078878164291382,1.926396131515503
1788893156432704500,54.34570458984375,-0.029028434306383133,-2.928676128387451,1.9072214365005493
1788893156442729000,54.35572900390625,-0.14514216780662537,-2.4706127643585205,1.9871162176132202
1788893156452753400,54.36575341796875,-0.21544957160949707,-1.7963007688522339,2.1064257621765137
1788893156462777600,54.375777587890624,-0.2655169665813446,-1.1187931299209595,2.1969730854034424
1788893156472799000,54.38579907226563,-0.3454117476940155,-0.5456812977790833,2.214017391204834
1788893156482817800,54.39581787109375,-0.4668518006801605,0.01784316636621952,2.1170783042907715
1788893156492836600,54.405836669921875,-0.592552900314331,0.5685844421386719,1.8848508596420288
1788893156502855700,54.415855712890625,-0.6980140209197998,1.0234520435333252,1.5247917175292969
1788893156512875300,54.42587524414063,-0.7502118945121765,1.3600753545761108,1.0518146753311157
1788893156522895000,54.43589501953125,-0.7310371994972229,1.5699323415756226,0.5138565301895142
1788893156532915700,54.44591577148437,-0.651142418384552,1.6732628345489502,-0.04434159770607948
1788893156542936600,54.4559365234375,-0.5328981280326843,1.7126775979995728,-0.5535376071929932
1788893156552958000,54.4659580078125,-0.3837612271308899,1.7467660903930664,-0.9743167757987976
1788893156562979600,54.4759794921875,-0.2090579867362976,1.80855131149292,-1.2949610948562622
1788893156573002000,54.486001953125,-0.03009369783103466,1.8820545673370361,-1.5357106924057007
1788893156583024600,54.496024658203126,0.1392832249403,1.9086861610412598,-1.6901739835739136
1788893156593047600,54.50604760742188,0.28202855587005615,1.8149429559707642,-1.7540897130966187
1788893156603070700,54.51607080078125,0.39068543910980225,1.6327828168869019,-1.7327845096588135
1788893156613094000,54.52609399414062,0.48442864418029785,1.4293174743652344,-1.6326496601104736
1788893156623117300,54.536117431640626,0.5962813496589661,1.2588752508163452,-1.471794843673706
1788893156633146000,54.54614599609375,0.72304767370224,1.1310436725616455,-1.286439061164856
1788893156643162600,54.55616259765625,0.8615319728851318,1.0511488914489746,-1.0936262607574463
1788893156653179100,54.56617919921875,1.0053426027297974,1.0213215351104736,-0.8997483253479004
1788893156663196200,54.57619604492187,1.1267826557159424,0.9499488472938538,-0.7154576778411865
1788893156673213400,54.58621337890625,1.2535489797592163,0.7827024459838867,-0.5556681752204895
1788893156683231700,54.59623168945313,1.426121711730957,0.4972118139266968,-0.4107922911643982
1788893156693250600,54.60625048828125,1.6136081218719482,0.16484954953193665,-0.24248063564300537
1788893156703270400,54.6162705078125,1.7936376333236694,-0.10679268091917038,-0.026232117787003517
1788893156713291000,54.626291015625,1.9331872463226318,-0.34434646368026733,0.2624543309211731
1788893156723312400,54.6363125,2.0002987384796143,-0.5360939502716064,0.6289049983024597
1788893156733334800,54.64633471679687,1.920404076576233,-0.6191844940185547,1.0113346576690674
1788893156743358000,54.65635791015625,1.6732628345489502,-0.6127929091453552,1.330913782119751
1788893156753381600,54.66638159179688,1.284441590309143,-0.5850960612297058,1.506682276725769
1788893156763405800,54.67640576171875,0.777376115322113,-0.5659213066101074,1.5279874801635742
1788893156773430500,54.68643041992188,0.20106850564479828,-0.5350286364555359,1.4257222414016724
1788893156783455500,54.69645556640625,-0.41784965991973877,-0.47324338555336,1.221191644668579
1788893156793480400,54.70648046875,-1.0186583995819092,-0.4082622826099396,0.9325051307678223
1788893156803504600,54.71650463867188,-1.5214627981185913,-0.35819488763809204,0.5937513113021851
1788893156813526300,54.7265263671875,-1.9017618894577026,-0.3230412006378174,0.24967116117477417
1788893156823547400,54.73654736328125,-2.145707368850708,-0.20799273252487183,-0.052863709628582
1788893156833566200,54.746566162109374,-2.274604082107544,0.03382211923599243,-0.2968090772628784
1788893156843585000,54.7565849609375,-2.3268020153045654,0.37683701515197754,-0.4896217882633209
1788893156853604000,54.76660400390625,-2.3161494731903076,0.7454182505607605,-0.6472808122634888
1788893156863623700,54.77662377929688,-2.2586252689361572,1.0767152309417725,-0.7932219505310059
1788893156873643800,54.78664379882812,-2.1915135383605957,1.3025511503219604,-0.956207275390625
1788893156883664100,54.7966640625,-2.1446421146392822,1.4207954406738281,-1.1383674144744873
1788893156893685000,54.80668505859375,-2.096705198287964,1.4293174743652344,-1.338636875152588
1788893156903706400,54.81670629882812,-1.9944398403167725,1.3302479982376099,-1.5751254558563232
1788893156913728300,54.82672827148438,-1.828258752822876,1.1246521472930908,-1.8510286808013916
1788893156923750400,54.83675048828125,-1.6301196813583374,0.7890940308570862,-2.1695425510406494
1788893156933773000,54.84677294921875,-1.3701953887939453,0.3278348743915558,-2.48486065864563
1788893156943796000,54.8567958984375,-1.019723653793335,-0.23568958044052124,-2.7756776809692383
1788893156953819100,54.86681909179688,-0.5542033910751343,-0.8950877785682678,-3.019623041152954
1788893156963842300,54.87684228515625,0.009321057237684727,-1.5928354263305664,-3.1602377891540527
1788893156973865700,54.88686572265625,0.6271739602088928,-2.2426462173461914,-3.154911518096924
1788893156983894800,54.89689477539063,1.196024775505066,-2.7933876514434814,-2.9919261932373047
1788893156993911000,54.9069111328125,1.5933680534362793,-3.1704909801483154,-2.6361279487609863
1788893157003927800,54.916927734375,1.786180853843689,-3.302583694458008,-2.132258415222168
1788893157013944800,54.92694482421875,1.7627450227737427,-3.1949920654296875,-1.571929693222046
1788893157023962400,54.93696240234375,1.5635406970977783,-2.8764781951904297,-1.0510157346725464
1788893157033980400,54.94698046875,1.2471574544906616,-2.4716780185699463,-0.6728471517562866
1788893157043999200,54.95699926757813,0.8572708964347839,-2.0871176719665527,-0.48429548740386963
1788893157054019000,54.96701904296875,0.4769718050956726,-1.740907073020935,-0.43635863065719604
1788893157064039700,54.97703979492187,0.148870587348938,-1.4319806098937988,-0.4715123176574707
1788893157074061000,54.98706103515625,-0.13555480539798737,-1.1571426391601562,-0.5663207769393921
1788893157084083200,54.99708325195313,-0.35286858677864075,-0.915327787399292,-0.6888260841369629
1788893157094106400,55.0071064453125,-0.4785696864128113,-0.696948766708374,-0.8092008829116821
1788893157104130000,55.01713012695313,-0.5307676196098328,-0.4860265254974365,-0.8944219946861267
1788893157114154200,55.027154296875,-0.5254412889480591,-0.2900180220603943,-0.9157272577285767
1788893157124179000,55.037178955078126,-0.4530033767223358,-0.11638005077838898,-0.8582029938697815
1788893157134203600,55.04720361328125,-0.3315632939338684,0.0540621280670166,-0.737828254699707
1788893157144228900,55.05722875976563,-0.19201377034187317,0.24580958485603333,-0.5737776160240173
1788893157154253600,55.06725366210937,-0.06205160543322563,0.4546012580394745,-0.37137752771377563
1788893157164275000,55.07727490234375,0.0540621280670166,0.6495444774627686,-0.13915006816387177
1788893157174296300,55.08729638671875,0.16165375709533691,0.8050730228424072,0.11118689179420471
1788893157184315000,55.09731494140625,0.26391905546188354,0.9062730669975281,0.3561975359916687
1788893157194333700,55.107333740234374,0.36724963784217834,0.9286435842514038,0.5628587007522583
1788893157204352800,55.117352783203124,0.469514936208725,0.9318393468856812,0.719452440738678
1788893157214372400,55.127372314453126,0.571780264377594,0.9243825078010559,0.862197756767273
1788893157224392400,55.13739233398437,0.6719150543212891,0.9446225166320801,1.0155956745147705
1788893157234412800,55.14741284179688,0.7976161241531372,1.0522141456604004,1.1871031522750854
1788893157244433700,55.15743359375,0.9765804409980774,1.2556794881820679,1.402286410331726
1788893157254455000,55.167455078125,1.158740520477295,1.5720628499984741,1.6643413305282593
1788893157264477000,55.17747680664063,1.267397403717041,1.9310566186904907,1.9572887420654297
1788893157274499000,55.1874990234375,1.2865722179412842,2.373141050338745,2.2566277980804443
1788893157284521700,55.197521728515625,1.3185300827026367,2.829073905944824,2.4845943450927734
1788893157294544600,55.207544677734376,1.4836459159851074,3.0517139434814453,2.5282700061798096
1788893157304567800,55.21756787109375,1.731852412223816,2.5606274604797363,2.427070140838623
1788893157314591200,55.22759130859375,1.9108166694641113,1.2194606065750122,2.317348003387451
1788893157324614700,55.23761474609375,2.0748672485351562,-0.4029359817504883,2.3258700370788574
1788893157334643500,55.2476435546875,2.2112209796905518,-1.8975008726119995,2.535727024078369
1788893157344660000,55.257659912109375,2.165414571762085,-2.9169580936431885,2.883002996444702
1788893157354676700,55.2676767578125,1.8745976686477661,-3.4431984424591064,3.2590410709381104
1788893157364694000,55.277694091796874,1.384576439857483,-3.544398546218872,3.581815719604492
1788893157374711600,55.287711669921876,0.7411571741104126,-3.345194101333618,3.8278918266296387
1788893157384729900,55.29772973632812,0.002929474925622344,-2.943589687347412,3.980224370956421
1788893157394749000,55.3077490234375,-0.7672561407089233,-2.453568458557129,4.034553050994873
1788893157404768800,55.317768798828126,-1.4671343564987183,-2.0434420108795166,3.9876813888549805
1788893157414789400,55.327789306640625,-2.0093536376953125,-1.7430375814437866,3.8396096229553223
1788893157424810800,55.33781079101563,-2.34810733795166,-1.4777870178222656,3.6009905338287354
1788893157434833000,55.3478330078125,-2.5047011375427246,-1.1891005039215088,3.289933681488037
1788893157444856000,55.35785595703125,-2.54837703704834,-0.8865656852722168,2.9362661838531494
1788893157454879500,55.36787939453125,-2.5334632396698,-0.6362286806106567,2.560228109359741
1788893157464903700,55.37790356445313,-2.4706127643585205,-0.40506649017333984,2.1809940338134766
1788893157474928000,55.38792822265625,-2.3651516437530518,-0.1994706094264984,1.8241307735443115
1788893157484953000,55.397953125,-2.214949369430542,-0.0727042406797409,1.4853769540786743
1788893157494977800,55.40797778320312,-2.0200061798095703,-0.005592633970081806,1.1689937114715576
1788893157505002500,55.41800244140625,-1.8112144470214844,0.04660528525710106,0.8845682740211487
1788893157515024000,55.42802392578125,-1.61946702003479,0.13182637095451355,0.6491450071334839
1788893157525042400,55.43804248046875,-1.4373070001602173,0.29268118739128113,0.45207124948501587
1788893157535061500,55.4480615234375,-1.2530163526535034,0.5227781534194946,0.275237500667572
1788893157545080600,55.45808056640625,-1.0570077896118164,0.7720498442649841,0.11012163013219833
1788893157555100200,55.46810009765625,-0.8428898453712463,0.978710949420929,-0.05819002538919449
1788893157565120000,55.4781201171875,-0.5691171288490295,1.1672626733779907,-0.21371851861476898
1788893157575140600,55.488140625,-0.2474074810743332,1.3824459314346313,-0.32344067096710205
1788893157585161500,55.49816137695313,0.0679105594754219,1.607216477394104,-0.3490070104598999
1788893157595182800,55.50818286132812,0.3597927987575531,1.8799240589141846,-0.30107012391090393
1788893157605204500,55.51820458984375,0.5675191879272461,2.299637794494629,-0.23395852744579315
1788893157615227000,55.528226806640625,0.6495444774627686,2.919621229171753,-0.2083922028541565
1788893157625249300,55.538249267578124,0.626108705997467,3.3989899158477783,-0.269112229347229
1788893157635272200,55.548272216796875,0.4918854832649231,3.3286826610565186,-0.3724428117275238
1788893157645295400,55.55829541015625,0.25326642394065857,2.6298696994781494,-0.46405547857284546
1788893157655318800,55.56831884765625,-0.05352949723601341,1.463405966758728,-0.5162534117698669
1788893157665342200,55.57834228515625,-0.4029359817504883,0.007190529722720385,-0.5226449966430664
1788893157675371000,55.58837109375,-0.735298216342926,-1.3978922367095947,-0.48749127984046936
1788893157685387800,55.5983876953125,-1.0506162643432617,-2.432263135910034,-0.41718387603759766
1788893157695404300,55.608404296875,-1.3989574909210205,-2.9414591789245605,-0.3532680571079254
1788893157705421600,55.61842163085937,-1.7803218364715576,-2.9308066368103027,-0.2925480306148529
1788893157715439000,55.628439208984375,-2.1286630630493164,-2.502570629119873,-0.2179795652627945
1788893157725457400,55.63845751953125,-2.414153814315796,-1.8048229217529297,-0.14980269968509674
1788893157735476200,55.64847631835938,-2.6133580207824707,-0.982439398765564,-0.11784479022026062
1788893157745496000,55.65849609375,-2.7145581245422363,-0.16964323818683624,-0.14021532237529755
1788893157755516700,55.6685166015625,-2.72627592086792,0.5376918315887451,-0.2222406268119812
1788893157765538000,55.6785380859375,-2.6730127334594727,1.0532793998718262,-0.3575291037559509
1788893157775560400,55.688560546875,-2.5995097160339355,1.3952291011810303,-0.5460807681083679
1788893157785583400,55.698583251953124,-2.527071714401245,1.6540881395339966,-0.7655251026153564
1788893157795607000,55.70860693359375,-2.4663517475128174,1.8895113468170166,-1.0009483098983765
1788893157805631000,55.718630859375,-2.4301326274871826,2.1291956901550293,-1.2438284158706665
1788893157815655700,55.72865576171875,-2.4098925590515137,2.3603579998016357,-1.4760559797286987
1788893157825680400,55.73868041992188,-2.389652729034424,2.5702147483825684,-1.6699339151382446
1788893157835705300,55.74870532226562,-2.3470420837402344,2.7385265827178955,-1.807352900505066
1788893157845727500,55.7587275390625,-2.2564947605133057,2.829073905944824,-1.8702034950256348
1788893157855749600,55.76874951171875,-2.090313673019409,2.875945568084717,-1.8702034950256348
1788893157865777400,55.77877734375,-1.8346502780914307,2.874880313873291,-1.8275929689407349
1788893157875794400,55.78879443359375,-1.5065491199493408,2.7545053958892822,-1.7381107807159424
1788893157885811500,55.7988115234375,-1.13370680809021,2.463688373565674,-1.593234896659851
1788893157895829000,55.8088291015625,-0.735298216342926,2.010951519012451,-1.392965316772461
1788893157905847000,55.818846923828126,-0.3464770019054413,1.4751238822937012,-1.1628683805465698
1788893157915865600,55.828865478515624,-0.007723161485046148,0.9179909229278564,-0.9167925119400024
1788893157925885000,55.838885009765626,0.2713759243488312,0.29694223403930664,-0.6579334735870361
1788893157935904800,55.84890478515625,0.4684496819972992,-0.41358861327171326,-0.38096490502357483
1788893157945925400,55.85892529296875,0.5834981799125671,-1.1645994186401367,-0.07416898012161255
1788893157955947000,55.868947021484374,0.6218476295471191,-1.8463681936264038,0.2816290855407715
1788893157965969200,55.87896923828125,0.550475001335144,-2.403501033782959,0.6704503297805786
1788893157975992000,55.88899194335937,0.3512706756591797,-2.7923223972320557,1.05820631980896
1788893157986015500,55.899015380859375,0.030626330524683,-2.9872655868530273,1.409743309020996
1788893157996039400,55.90903930664062,-0.41358861327171326,-2.9723517894744873,1.6920381784439087
1788893158006063600,55.91906372070312,-0.9419593811035156,-2.810431718826294,1.8827203512191772
1788893158016088000,55.92908813476563,-1.5065491199493408,-2.5696821212768555,1.9551582336425781
1788893158026112800,55.93911279296875,-2.030658721923828,-2.329998016357422,1.9114824533462524
1788893158036137000,55.94913696289063,-2.458894729614258,-2.1180105209350586,1.8038908243179321
1788893158046158300,55.95915844726562,-2.769951820373535,-1.925197720527649,1.6984297037124634
1788893158056179700,55.9691796875,-2.93400239944458,-1.7302544116973877,1.6259918212890625
1788893158066198500,55.97919848632812,-2.9329371452331543,-1.5214627981185913,1.5993602275848389
1788893158076217300,55.98921728515625,-2.79125714302063,-1.2519510984420776,1.6100128889083862
1788893158086236700,55.99923657226562,-2.5462465286254883,-0.894022524356842,1.6483622789382935
1788893158096256000,56.009256103515625,-2.2319936752319336,-0.48070022463798523,1.6941686868667603
1788893158106276000,56.01927612304687,-1.8793914318084717,-0.07376950979232788,1.725061297416687
1788893158116296400,56.02929638671875,-1.5438333749771118,0.2905506491661072,1.719735026359558
1788893158126317300,56.0393173828125,-1.2807132005691528,0.5611276030540466,1.6899075508117676
1788893158136338700,56.04933862304687,-1.1198583841323853,0.6793718934059143,1.653688669204712
1788893158146360600,56.059360595703126,-1.0687257051467896,0.6250434517860413,1.6323833465576172
1788893158156382700,56.0693828125,-1.1155973672866821,0.4354265034198761,1.6377097368240356
1788893158166405400,56.0794052734375,-1.2359721660614014,0.1339569091796875,1.6739286184310913
1788893158176428300,56.08942822265625,-1.3776521682739258,-0.25060325860977173,1.737844467163086
1788893158186451500,56.099451416015626,-1.4788522720336914,-0.5797697305679321,1.8283919095993042
1788893158196475000,56.10947485351563,-1.522528052330017,-0.7406245470046997,1.9157434701919556
1788893158206498300,56.119498291015624,-1.463938593864441,-0.8194540739059448,1.9668761491775513
1788893158216527000,56.129527099609376,-1.2807132005691528,-0.8450203537940979,1.9700719118118286
1788893158226543900,56.1395439453125,-1.0058752298355103,-0.8066709041595459,1.9370487928390503
1788893158236560600,56.149560546875,-0.7374287843704224,-0.7608645558357239,1.8699371814727783
1788893158246578000,56.15957788085937,-0.4966791868209839,-0.7310371994972229,1.7740634679794312
1788893158256595500,56.169595458984375,-0.2793653905391693,-0.7044056057929993,1.6813855171203613
1788893158266613800,56.17961376953125,-0.10892320424318314,-0.635163426399231,1.646231770515442
1788893158276632800,56.1896328125,-0.020506324246525764,-0.44661179184913635,1.683516025543213
1788893158286652700,56.199652587890625,0.029561065137386322,-0.14514216780662537,1.7687370777130127
1788893158296673300,56.20967333984375,0.03275685757398605,0.22983063757419586,1.866741418838501
1788893158306694700,56.21969458007813,-0.017310533672571182,0.6793718934059143,1.930657148361206
1788893158316717000,56.229717041015626,-0.1249021589756012,1.1523489952087402,1.921069860458374
1788893158326740000,56.239739990234376,-0.2889527678489685,1.5262564420700073,1.8156087398529053
1788893158336763400,56.24976342773437,-0.5158539414405823,1.7126775979995728,1.6398402452468872
1788893158346787600,56.25978759765625,-0.8013445734977722,1.7478313446044922,1.4555495977401733
1788893158356812000,56.26981201171875,-1.1358373165130615,1.6966986656188965,1.306412696838379
1788893158366837000,56.2798369140625,-1.4948312044143677,1.597629189491272,1.1881684064865112
1788893158376862000,56.289862060546874,-1.837846040725708,1.4719280004501343,1.0816420316696167
1788893158386886400,56.29988647460937,-2.130793571472168,1.3494226932525635,0.970854640007019
1788893158396907800,56.30990771484375,-2.354498863220215,1.2684626579284668,0.8483493328094482
1788893158406926600,56.319926513671874,-2.517484188079834,1.2056121826171875,0.719452440738678
1788893158416945400,56.3299453125,-2.635728597640991,1.1299784183502197,0.5735113024711609
1788893158426964700,56.33996484375,-2.7134928703308105,1.0383657217025757,0.417982816696167
1788893158436984000,56.349984130859376,-2.7529075145721436,0.9158604145050049,0.28269433975219727
1788893158447004200,56.36000415039062,-2.7624950408935547,0.7422224283218384,0.20173430442810059
1788893158457024500,56.3700244140625,-2.771017074584961,0.5771065950393677,0.2006690353155136
1788893158467045400,56.38004541015625,-2.8072359561920166,0.469514936208725,0.2986733019351959
1788893158477066800,56.39006665039062,-2.9009792804718018,0.35340121388435364,0.4840291738510132
1788893158487088600,56.40008862304688,-3.06929087638855,0.19680745899677277,0.7269092798233032
1788893158497110800,56.41011083984375,-3.2940614223480225,0.00612526573240757,1.00813889503479
1788893158507133400,56.420133544921875,-3.5507900714874268,-0.1952095627784729,1.3053474426269531
1788893158517156400,56.43015625,-3.7798216342926025,-0.35712963342666626,1.5887075662612915
1788893158527179500,56.440179443359376,-3.9183058738708496,-0.568051815032959,1.8102823495864868
1788893158537203000,56.45020288085937,-3.936415433883667,-0.8503466844558716,1.9370487928390503
1788893158547226400,56.460226318359375,-3.857585906982422,-1.1017489433288574,1.967941403388977
1788893158557255200,56.47025512695313,-3.7212321758270264,-1.2562121152877808,1.9359835386276245
1788893158567272000,56.48027197265625,-3.525223731994629,-1.3105405569076538,1.8433055877685547
1788893158577289000,56.4902890625,-3.252516269683838,-1.284974217414856,1.6867117881774902
1788893158587306200,56.50030615234375,-2.909501314163208,-1.212536334991455,1.4970948696136475
1788893158597324000,56.51032397460938,-2.507896900177002,-1.1006836891174316,1.2989557981491089
1788893158607342300,56.52034228515625,-2.0487682819366455,-0.9462204575538635,1.110404133796692
1788893158617361400,56.530361328125,-1.5331807136535645,-0.7832350730895996,0.9261136054992676
1788893158627381500,56.54038159179687,-0.9877657294273376,-0.635163426399231,0.7396924495697021
1788893158637402000,56.55040209960937,-0.42743703722953796,-0.5286371111869812,0.5447492003440857
1788893158647423500,56.560423583984374,0.12756532430648804,-0.4593949317932129,0.33915331959724426
1788893158657446000,56.57044580078125,0.6484792232513428,-0.41784965991973877,0.11970899999141693
1788893158667468800,56.58046875,1.1257174015045166,-0.3784348964691162,-0.10080057382583618
1788893158677492200,56.5904921875,1.5496922731399536,-0.3315632939338684,-0.3202448785305023
1788893158687516400,56.600516357421874,1.9161429405212402,-0.2751043438911438,-0.5386239290237427
1788893158697540900,56.610540771484374,2.2314610481262207,-0.20266640186309814,-0.7474156022071838
1788893158707565300,56.6205654296875,2.4892547130584717,-0.11957584321498871,-0.9551420211791992
1788893158717590300,56.63059033203125,2.7023074626922607,-0.048203181475400925,-1.1532810926437378
1788893158727614700,56.64061474609375,2.888728618621826,-0.0034621069207787514,-1.3311800956726074
1788893158737636000,56.650635986328126,3.052779197692871,0.008255792781710625,-1.471794843673706
1788893158747655000,56.660655029296876,3.1944594383239746,-0.02263685315847397,-1.56340754032135
1788893158757673700,56.670673828125,3.316964626312256,-0.08122635632753372,-1.6070833206176758
1788893158767693000,56.68069311523438,3.41603422164917,-0.16112112998962402,-1.5996265411376953
1788893158777712400,56.69071240234375,3.484210968017578,-0.2559295892715454,-1.5538201332092285
1788893158787732500,56.700732421875,3.5161690711975098,-0.3560643792152405,-1.4824475049972534
1788893158797752800,56.7107529296875,3.5065815448760986,-0.46578651666641235,-1.395095944404602
1788893158807773700,56.72077368164062,3.4469268321990967,-0.5819002389907837,-1.2949610948562622
1788893158817795000,56.730795166015625,3.3393352031707764,-0.6522076725959778,-1.1905652284622192
1788893158827817000,56.74081689453125,3.202981472015381,-0.6660560965538025,-1.1106704473495483
1788893158837839000,56.750839111328126,3.067692995071411,-0.6340981721878052,-1.0723210573196411
1788893158847861800,56.76086181640625,2.9419918060302734,-0.5435507893562317,-1.0797778367996216
1788893158857884700,56.770884765625,2.8418571949005127,-0.3177148699760437,-1.1287800073623657
1788893158867908000,56.780908203125,2.814160108566284,-0.08122635632753372,-1.2012178897857666
1788893158877931300,56.79093115234375,2.8929896354675293,-0.005592633970081806,-1.2853736877441406
1788893158887955000,56.80095483398438,3.058105707168579,-0.15472954511642456,-1.346093773841858
1788893158897983700,56.81098364257812,3.212568759918213,-0.39441385865211487,-1.3120052814483643
1788893158908000300,56.82100024414063,3.3052468299865723,-0.6255760788917542,-1.12025785446167
1788893158918017000,56.83101708984375,3.320160388946533,-0.8471509218215942,-0.7815040349960327
1788893158928034000,56.841033935546875,3.2882025241851807,-0.9792435765266418,-0.4054659605026245
1788893158938051800,56.8510517578125,3.2008509635925293,-0.961134135723114,-0.03688475489616394
1788893158948070000,56.86106982421875,3.003777265548706,-0.7608645558357239,0.2997385561466217
1788893158958089000,56.8710888671875,2.7321348190307617,-0.46046021580696106,0.5500755310058594
1788893158968108800,56.88110888671875,2.4604926109313965,-0.14940322935581207,0.6619281768798828
1788893158978129400,56.89112939453125,2.220808267593384,0.060453712940216064,0.6448839902877808
1788893158988150800,56.90115087890625,2.0184082984924316,0.15100112557411194,0.5372923612594604
1788893158998173200,56.91117309570313,1.8596839904785156,0.1339569091796875,0.3998733460903168
1788893159008196000,56.92119604492188,1.7552881240844727,0.06151897460222244,0.2720417082309723
1788893159018219800,56.9312197265625,1.687111258506775,-0.004527370445430279,0.17829850316047668
1788893159028244000,56.94124389648437,1.6476964950561523,-0.026897907257080078,0.08668582886457443
1788893159038268400,56.95126831054687,1.6327828168869019,0.010386320762336254,-0.01771000772714615
1788893159048293400,56.96129345703125,1.6125428676605225,0.10839057713747025,-0.13062795996665955
1788893159058318300,56.971318359375,1.577389121055603,0.2575274705886841,-0.2414153665304184
1788893159068343000,56.981343017578126,1.5369091033935547,0.4162517786026001,-0.3681817352771759
1788893159078364700,56.99136474609375,1.4793848991394043,0.4950812757015228,-0.5109270811080933
1788893159088383200,57.00138330078125,1.4101427793502808,0.4812328517436981,-0.6334323883056641
1788893159098402000,57.01140209960938,1.3387700319290161,0.41412124037742615,-0.7069355845451355
1788893159108421400,57.02142138671875,1.2887027263641357,0.3214432895183563,-0.7229145169258118
1788893159118441000,57.03144091796875,1.2599406242370605,0.17976324260234833,-0.6941524147987366
1788893159128461000,57.0414609375,1.2578099966049194,-0.01837579719722271,-0.6313018798828125
1788893159138481400,57.0514814453125,1.2716584205627441,-0.24101589620113373,-0.5226449966430664
1788893159148502300,57.061502197265625,1.28763747215271,-0.4881570637226105,-0.37457332015037537
1788893159158523600,57.07152368164063,1.2940289974212646,-0.7523424625396729,-0.19773955643177032
1788893159168545500,57.081545654296875,1.28763747215271,-1.0101362466812134,0.001464737462811172
1788893159178568000,57.09156787109375,1.267397403717041,-1.2093405723571777,0.219843789935112
1788893159188590600,57.10159057617187,1.2418310642242432,-1.3020185232162476,0.4467449486255646
1788893159198613500,57.111613525390624,1.2066774368286133,-1.3073447942733765,0.6555365920066833
1788893159208636700,57.12163671875,1.1672626733779907,-1.275386929512024,0.8227829933166504
1788893159218660000,57.13166015625,1.1257174015045166,-1.2285152673721313,0.9420925378799438
1788893159228683500,57.14168359375,1.0841721296310425,-1.1859047412872314,1.0145304203033447
1788893159238712600,57.15171264648438,1.0330394506454468,-1.1901657581329346,1.032639980316162
1788893159248728800,57.16172875976562,0.9829720258712769,-1.2487553358078003,1.0060083866119385
1788893159258745300,57.17174536132813,0.9467530846595764,-1.3318458795547485,0.9676588773727417
1788893159268762400,57.18176245117188,0.9211867451667786,-1.4106754064559937,0.9388967156410217
1788893159278780000,57.19177978515625,0.9158604145050049,-1.493765950202942,0.9197220206260681
1788893159288798000,57.2017978515625,0.9371656775474548,-1.565138578414917,0.9005472660064697
1788893159298816800,57.211816650390624,0.9808415174484253,-1.5928354263305664,0.8739156723022461
1788893159308836600,57.22183666992188,1.0341047048568726,-1.5512901544570923,0.8334356546401978
1788893159318857200,57.231857177734376,1.0873678922653198,-1.463938593864441,0.7695198059082031
1788893159328878600,57.24187866210937,1.1448920965194702,-1.352085828781128,0.6842987537384033
1788893159338901000,57.25190087890625,1.2056121826171875,-1.2231889963150024,0.5628587007522583
1788893159348924200,57.26192407226562,1.2567447423934937,-1.1017489433288574,0.3998733460903168
1788893159358948000,57.271947998046876,1.2982900142669678,-0.982439398765564,0.19853851199150085
1788893159368972300,57.28197216796875,1.3323785066604614,-0.8876309394836426,-0.028362644836306572
1788893159378997000,57.2919970703125,1.3600753545761108,-0.8119972348213196,-0.2733732759952545
1788893159389022000,57.30202197265625,1.3877722024917603,-0.7576687932014465,-0.5279712677001953
1788893159399047200,57.31204711914062,1.4165343046188354,-0.7150582075119019,-0.7868303656578064
1788893159409071600,57.32207153320312,1.4442311525344849,-0.7012097835540771,-1.0297104120254517
1788893159419093200,57.33209326171875,1.4708627462387085,-0.7065361142158508,-1.2299799919128418
1788893159429111800,57.34211181640625,1.4900375604629517,-0.7235803008079529,-1.3812475204467773
1788893159439130600,57.35213061523437,1.5038859844207764,-0.7257108688354492,-1.4803169965744019
1788893159449150000,57.36214990234375,1.510277509689331,-0.6980140209197998,-1.5303844213485718
1788893159459169500,57.37216943359375,1.5028207302093506,-0.6436855792999268,-1.5506243705749512
1788893159469189600,57.38218969726562,1.4911028146743774,-0.5616602301597595,-1.551689624786377
1788893159479210000,57.3922099609375,1.4793848991394043,-0.4775044322013855,-1.5399717092514038
1788893159489230800,57.40223095703125,1.4623407125473022,-0.4103928208351135,-1.5186665058135986
1788893159499252500,57.41225244140625,1.4495575428009033,-0.3848264813423157,-1.4909696578979492
1788893159509274000,57.42227416992188,1.4484922885894775,-0.39974018931388855,-1.4409022331237793
1788893159519296500,57.432296630859376,1.535843849182129,-0.4348938763141632,-1.3215926885604858
1788893159529319200,57.442319091796875,1.5805848836898804,-0.4487423002719879,-1.0510157346725464
1788893159539342000,57.452342041015626,1.5912375450134277,-0.5126581192016602,-0.7143924236297607
1788893159549365500,57.46236547851562,1.6082817316055298,-0.6372939944267273,-0.44594597816467285
1788893159559388700,57.472388671875,1.6050859689712524,-0.7651256322860718,-0.3106575012207031
1788893159569412000,57.482412109375,1.577389121055603,-0.8641951084136963,-0.2882869839668274
1788893159579441200,57.49244116210937,1.5198649168014526,-0.9217193722724915,-0.31811434030532837
1788893159589457400,57.50245751953125,1.431447982788086,-0.9494162201881409,-0.35646384954452515
1788893159599474200,57.51247412109375,1.3366395235061646,-0.9440898895263672,-0.4001396596431732
1788893159609491200,57.5224912109375,1.2556794881820679,-0.9078709483146667,-0.45553335547447205
1788893159619508700,57.5325087890625,1.1981552839279175,-0.8514119386672974,-0.5087965726852417
1788893159629526800,57.54252685546875,1.1651321649551392,-0.7800393104553223,-0.5503418445587158
1788893159639545900,57.5525458984375,1.151283621788025,-0.7022750377655029,-0.5769734382629395
1788893159649565400,57.5625654296875,1.1438268423080444,-0.635163426399231,-0.5982787013053894
1788893159659586300,57.57258642578125,1.1203910112380981,-0.5669865608215332,-0.6174534559249878
1788893159669607700,57.582607666015626,1.0926941633224487,-0.49774444103240967,-0.6387587189674377
1788893159679630000,57.592630126953125,1.0703235864639282,-0.4338286221027374,-0.6717818975448608
1788893159689653200,57.6026533203125,1.0468878746032715,-0.3922833502292633,-0.7197187542915344
1788893159699677000,57.612677001953124,1.0341047048568726,-0.360325425863266,-0.7729819416999817
1788893159709701000,57.622701171875,1.0341047048568726,-0.3358243703842163,-0.8187882900238037
1788893159719725800,57.63272583007812,1.0426267385482788,-0.3262369930744171,-0.8486156463623047
1788893159729750800,57.642750732421874,1.0394309759140015,-0.32410645484924316,-0.8667251467704773
1788893159739775700,57.652775634765625,1.0202562808990479,-0.3273022472858429,-0.8731167316436768
1788893159749800400,57.662800537109376,0.9723193645477295,-0.32943278551101685,-0.859268307685852
1788893159759821800,57.67282177734375,0.8870983123779297,-0.3304980397224426,-0.8315714001655579
1788893159769840600,57.68284057617188,0.8040077090263367,-0.33795487880706787,-0.8070703744888306
1788893159779859500,57.692859375,0.7315698266029358,-0.32836753129959106,-0.788960874080658
1788893159789878800,57.70287866210938,0.684698224067688,-0.29534435272216797,-0.7772429585456848
1788893159799898400,57.7128984375,0.6697844862937927,-0.25486433506011963,-0.7644598484039307
1788893159809918200,57.722918212890626,0.70174241065979,-0.21118851006031036,-0.7527419328689575
1788893159819938800,57.732938720703125,0.7379614114761353,-0.1856221854686737,-0.7719166874885559
1788893159829959700,57.742959716796875,0.7613971829414368,-0.19627483189105988,-0.7868303656578064
1788893159839981000,57.75298095703125,0.7422224283218384,-0.22184115648269653,-0.7527419328689575
1788893159850003000,57.7630029296875,0.6676539778709412,-0.237820103764534,-0.6675208210945129
1788893159860025300,57.773025390625,0.5653886795043945,-0.24847275018692017,-0.5759081840515137
1788893159870048000,57.78304809570312,0.4727107286453247,-0.29640960693359375,-0.511992335319519
1788893159880071000,57.79307080078125,0.3874896466732025,-0.3848264813423157,-0.4565986394882202
1788893159890094000,57.803093994140625,0.29268118739128113,-0.4444812536239624,-0.3681817352771759
1788893159900117500,57.81311743164063,0.22983063757419586,-0.4263717830181122,-0.2605901062488556
1788893159910141000,57.82314086914062,0.20746009051799774,-0.3549990952014923,-0.14980269968509674
1788893159920169700,57.833169677734375,0.20106850564479828,-0.27830013632774353,-0.05712476372718811
1788893159930186200,57.84318627929687,0.22130851447582245,-0.16325165331363678,0.03129211813211441
1788893159940203000,57.853203125,0.2894853949546814,-0.01837579719722271,0.09946899116039276
1788893159950220000,57.86321997070313,0.38962018489837646,0.0913463607430458,0.11438268423080444
1788893159960237600,57.87323754882812,0.4908202290534973,0.12543480098247528,0.07177213579416275
1788893159970256000,57.883255859375,0.5707150101661682,0.10306425392627716,-0.002796316985040903
1788893159980274700,57.893274658203126,0.6282392144203186,0.044474758207798004,-0.08801741153001785
1788893159990294500,57.90329443359375,0.6591318845748901,-0.06205160543322563,-0.15512901544570923
1788893160000315100,57.91331518554688,0.6697844862937927,-0.21012325584888458,-0.16897743940353394
1788893160010336500,57.92333642578125,0.6825676560401917,-0.3273022472858429,-0.11358373612165451
1788893160020359000,57.93335888671875,0.7081339955329895,-0.3784348964691162,-0.015579480677843094
1788893160030381800,57.9433818359375,0.7400919198989868,-0.3752391040325165,0.08242477476596832
1788893160040405800,57.95340576171875,0.7624624371528625,-0.360325425863266,0.11864373832941055
1788893160050430000,57.963429931640626,0.7539403438568115,-0.3656517565250397,0.07816372066736221
1788893160060454400,57.973454345703125,0.7166560888290405,-0.37736964225769043,0.0003994738799519837
1788893160070479400,57.983479248046876,0.6665887236595154,-0.3880222737789154,-0.08801741153001785
1788893160080504300,57.99350439453125,0.6431529521942139,-0.4082622826099396,-0.18389113247394562
1788893160090529300,58.003529296875,0.6644582152366638,-0.4530033767223358,-0.2840259075164795
1788893160100551000,58.013551025390626,0.7113298177719116,-0.5169191956520081,-0.36072489619255066
1788893160110572300,58.023572265625,0.7550055980682373,-0.5701823830604553,-0.4001396596431732
1788893160120590800,58.0335908203125,0.777376115322113,-0.622380256652832,-0.4022701680660248
1788893160130610000,58.04360986328125,0.7848330140113831,-0.6628602743148804,-0.3862912356853485
1788893160140629000,58.05362890625,0.7890940308570862,-0.6905571818351746,-0.37137752771377563
1788893160150648600,58.06364868164062,0.8072035312652588,-0.7012097835540771,-0.3639206886291504
1788893160160668700,58.073668701171876,0.8349003791809082,-0.6916224360466003,-0.3724428117275238
1788893160170689000,58.08368896484375,0.844487726688385,-0.6585992574691772,-0.3969438672065735
1788893160180710100,58.093710205078125,0.8370308876037598,-0.6042708158493042,-0.43209755420684814
1788893160190731500,58.1037314453125,0.8498140573501587,-0.5456812977790833,-0.47896915674209595
1788893160200753400,58.11375341796875,0.8572708964347839,-0.4966791868209839,-0.5460807681083679
1788893160210775600,58.12377563476562,0.8210519552230835,-0.4593949317932129,-0.6099966168403625
1788893160220798200,58.13379809570313,0.7613971829414368,-0.4391549229621887,-0.6323671340942383
1788893160230821000,58.14382104492187,0.6953508257865906,-0.44661179184913635,-0.6121271252632141
1788893160240844500,58.153844482421874,0.6325002908706665,-0.46046021580696106,-0.5854955315589905
1788893160250867700,58.16386767578125,0.6079992055892944,-0.47004759311676025,-0.5620597004890442
1788893160260891400,58.17389135742187,0.6218476295471191,-0.4828307330608368,-0.5439502596855164
1788893160270920200,58.183920166015625,0.6580666303634644,-0.4956139028072357,-0.5354281663894653
1788893160280936700,58.19393676757812,0.7113298177719116,-0.5147886276245117,-0.5386239290237427
1788893160290953200,58.203953125,0.7752456068992615,-0.5435507893562317,-0.54927659034729
1788893160300970200,58.21397021484375,0.8423572182655334,-0.5691171288490295,-0.54927659034729
1788893160310987800,58.22398779296875,0.911599338054657,-0.5819002389907837,-0.5322323441505432
1788893160321006000,58.234006103515625,0.978710949420929,-0.5808349847793579,-0.5141228437423706
1788893160331025000,58.24402490234375,1.0298435688018799,-0.5563339591026306,-0.4992091655731201
1788893160341044700,58.25404467773438,1.0649973154067993,-0.5169191956520081,-0.49814391136169434
1788893160351065300,58.2640654296875,1.0873678922653198,-0.48389601707458496,-0.5162534117698669
1788893160361087000,58.2740869140625,1.1044120788574219,-0.4636560082435608,-0.5396891832351685
1788893160371109400,58.284109375,1.1182605028152466,-0.4487423002719879,-0.5556681752204895
1788893160381132500,58.29413256835937,1.1353046894073486,-0.45619916915893555,-0.5663207769393921
1788893160391156200,58.30415625,1.1502183675765991,-0.4828307330608368,-0.5556681752204895
1788893160401180700,58.3141806640625,1.1566100120544434,-0.5062665343284607,-0.3159838318824768
1788893160411205400,58.32420532226563,1.1363699436187744,-0.5424855351448059,-0.2041311413049698
1788893160421230300,58.33423022460938,1.1171952486038208,-0.5446160435676575,-0.24674169719219208
1788893160431255600,58.344255615234374,1.1363699436187744,-0.5637907981872559,-0.2733732759952545
1788893160441279700,58.35427978515625,1.166197419166565,-0.6010749936103821,-0.3127880394458771
1788893160451301000,58.364301025390624,1.2162647247314453,-0.6191844940185547,-0.392682820558548
1788893160461322500,58.374322509765626,1.2705931663513184,-0.6106624007225037,-0.5045354962348938
1788893160471341300,58.38434130859375,1.3238563537597656,-0.5989444851875305,-0.5844302773475647
1788893160481360100,58.394360107421875,1.3749890327453613,-0.5861613154411316,-0.5833650231361389
1788893160491379500,58.40437939453125,1.4154690504074097,-0.5776392221450806,-0.5279712677001953
1788893160501399000,58.41439892578125,1.4516880512237549,-0.5797697305679321,-0.45446810126304626
1788893160511419100,58.424419189453126,1.476189136505127,-0.592552900314331,-0.37989965081214905
1788893160521439500,58.434439453125,1.4751238822937012,-0.6106624007225037,-0.3117227852344513
1788893160531460400,58.44446044921875,1.4879069328308105,-0.6255760788917542,-0.2744385600090027
1788893160541481700,58.454481689453125,1.4751238822937012,-0.6372939944267273,-0.2936132848262787
1788893160551503600,58.46450366210937,1.4207954406738281,-0.6660560965538025,-0.34794172644615173
1788893160561526000,58.47452612304688,1.3813806772232056,-0.7161234617233276,-0.39374807476997375
1788893160571548700,58.48454858398438,1.351553201675415,-0.7597993016242981,-0.41718387603759766
1788893160581571600,58.49457153320313,1.3238563537597656,-0.7789740562438965,-0.40866175293922424
1788893160591594800,58.5045947265625,1.297224760055542,-0.7406245470046997,-0.37031227350234985
1788893160601618200,58.5146181640625,1.2897679805755615,-0.635163426399231,-0.3159838318824768
1788893160611641900,58.52464184570312,1.3302479982376099,-0.5573992133140564,-0.24993747472763062
1788893160621670700,58.534670654296875,1.3952291011810303,-0.5222455263137817,-0.17856481671333313
1788893160631687200,58.54468725585937,1.4591448307037354,-0.49880969524383545,-0.09867004305124283
1788893160641704000,58.55470385742188,1.5369091033935547,-0.4689823091030121,-0.0006657897611148655
1788893160651721000,58.56472094726563,1.614673376083374,-0.4828307330608368,0.13249216973781586
1788893160661738500,58.57473852539062,1.6913723945617676,-0.529702365398407,0.285890132188797
1788893160671756500,58.584756591796875,1.7510271072387695,-0.5637907981872559,0.4190480709075928
1788893160681775600,58.594775634765625,1.7723324298858643,-0.5765739679336548,0.5085302591323853
1788893160691795500,58.60479541015625,1.7563533782958984,-0.5669865608215332,0.5543365478515625
1788893160701816000,58.61481616210938,1.7169386148452759,-0.5478118062019348,0.5468797087669373
1788893160711837700,58.62483764648437,1.6636755466461182,-0.5222455263137817,0.48083338141441345
1788893160721860000,58.63486010742187,1.601890206336975,-0.4870918095111847,0.3604585826396942
1788893160731883000,58.64488305664062,1.5369091033935547,-0.435959130525589,0.20173430442810059
1788893160741906700,58.65490673828125,1.4825806617736816,-0.39974018931388855,0.0270310640335083
1788893160751931000,58.664930908203125,1.4421006441116333,-0.40400123596191406,-0.15406376123428345
1788893160761955600,58.67495556640625,1.4069468975067139,-0.40932756662368774,-0.3308975100517273
1788893160771980500,58.68498046875,1.3803153038024902,-0.4210454523563385,-0.49281758069992065
1788893160782005500,58.69500561523437,1.351553201675415,-0.4625907242298126,-0.6206492185592651
1788893160792030200,58.7050302734375,1.3025511503219604,-0.5360939502716064,-0.7026745080947876
1788893160802051600,58.715051513671874,1.242896318435669,-0.6127929091453552,-0.7261103391647339
1788893160812070400,58.7250703125,1.1768499612808228,-0.672447681427002,-0.683499813079834
1788893160822089500,58.73508935546875,1.111868977546692,-0.7022750377655029,-0.5812344551086426
1788893160832108500,58.745108642578124,1.0607362985610962,-0.696948766708374,-0.4480765163898468
1788893160842128100,58.755128173828126,1.0213215351104736,-0.6735129356384277,-0.314918577671051
1788893160852148200,58.76514819335937,0.9872331023216248,-0.6607297658920288,-0.20200061798095703
1788893160862168600,58.77516845703125,0.96592777967453,-0.6671213507652283,-0.13062795996665955
1788893160872189700,58.78518969726562,0.9542099237442017,-0.7001445293426514,-0.10186583548784256
1788893160882211000,58.795211181640624,0.9542099237442017,-0.7395592927932739,-0.11677952855825424
1788893160892233000,58.80523291015625,0.9797762632369995,-0.785365641117096,-0.16258586943149567
1788893160902255000,58.815255126953126,1.0255825519561768,-0.8535425066947937,-0.21584904193878174
1788893160912277800,58.82527783203125,1.086302638053894,-0.9334372878074646,-0.2563290596008301
1788893160922300700,58.83530078125,1.151283621788025,-0.9867004752159119,-0.2659164369106293
1788893160932324000,58.84532397460937,1.2034815549850464,-1.0080057382583618,-0.24674169719219208
1788893160942347500,58.855347412109374,1.2343742847442627,-0.9973530769348145,-0.20626167953014374
1788893160952371000,58.86537084960938,1.2247868776321411,-0.9515467286109924,-0.16791218519210815
1788893160962399700,58.87539965820312,1.1768499612808228,-0.8812393546104431,-0.14021532237529755
1788893160972416300,58.88541625976563,1.0937594175338745,-0.802409827709198,-0.13169321417808533
1788893160982432800,58.895432861328125,0.9872331023216248,-0.7363634705543518,-0.14447638392448425
1788893160992449800,58.90544970703125,0.8743151426315308,-0.696948766708374,-0.1700427085161209
1788893161002467600,58.915467529296876,0.7592666745185852,-0.6703171730041504,-0.19773955643177032
1788893161012485600,58.92548559570312,0.6538055539131165,-0.6468813419342041,-0.21052272617816925
1788893161022504700,58.93550463867187,0.563258171081543,-0.6202497482299805,-0.20519641041755676
1788893161032524500,58.94552465820313,0.48549389839172363,-0.596813976764679,-0.1796300858259201
1788893161042545200,58.955545166015625,0.42264336347579956,-0.5723128914833069,-0.14873743057250977
1788893161052566800,58.96556689453125,0.36724963784217834,-0.5446160435676575,-0.11571425944566727
1788893161062589200,58.97558911132813,0.3139864504337311,-0.5137233734130859,-0.09227846562862396
1788893161072612000,58.98561206054688,0.26391905546188354,-0.4870918095111847,-0.08269108831882477
1788893161082635800,58.9956357421875,0.22237378358840942,-0.47111284732818604,-0.09121319651603699
1788893161092660000,59.00565991210937,0.18508955836296082,-0.4530033767223358,-0.11677952855825424
1788893161102684700,59.0156845703125,0.1478053331375122,-0.4348938763141632,-0.14021532237529755
1788893161112709600,59.025709716796875,0.11265163123607635,-0.4157191216945648,-0.1561942845582962
1788893161122734600,59.03573461914063,0.07430213689804077,-0.39974018931388855,-0.16365112364292145
1788893161132759300,59.04575927734375,0.02636527456343174,-0.3880222737789154,-0.16045533120632172
1788893161142780700,59.05578076171875,-0.032224226742982864,-0.37630438804626465,-0.14767217636108398
1788893161152799500,59.06579956054688,-0.09933583438396454,-0.3731085956096649,-0.12104058265686035
1788893161162818300,59.075818359375,-0.18029586970806122,-0.38163068890571594,-0.09440898895263672
1788893161172837600,59.08583764648437,-0.2665822207927704,-0.3933486044406891,-0.07097318768501282
1788893161182857200,59.09585717773437,-0.349672794342041,-0.3880222737789154,-0.04966791719198227
1788893161192877000,59.105876953125,-0.4199801981449127,-0.34860754013061523,-0.034754227846860886
1788893161202897700,59.115897705078126,-0.4764391779899597,-0.2857569754123688,-0.026232117787003517
1788893161212918500,59.12591845703125,-0.49880969524383545,-0.22503694891929626,-0.028362644836306572
1788893161222940000,59.13593994140625,-0.492418110370636,-0.16964323818683624,-0.04966791719198227
1788893161232961800,59.1459619140625,-0.4636560082435608,-0.1387505829334259,-0.08695214241743088
1788893161242984200,59.15598413085937,-0.40932756662368774,-0.13981585204601288,-0.11677952855825424
1788893161253006800,59.1660068359375,-0.34221595525741577,-0.18668745458126068,-0.14021532237529755
1788893161263029800,59.17602978515625,-0.2644517123699188,-0.23995064198970795,-0.14554163813591003
1788893161273053000,59.186052978515626,-0.18455693125724792,-0.26871275901794434,-0.13169321417808533
1788893161283076400,59.19607641601562,-0.12277163565158844,-0.2655169665813446,-0.10612688958644867
1788893161293099800,59.206099853515624,-0.08122635632753372,-0.23675484955310822,-0.0762995108962059
1788893161303128800,59.21612890625,-0.07483477145433426,-0.1813611388206482,-0.04647212475538254
1788893161313145300,59.226145263671874,-0.09720530360937119,-0.105727419257164,-0.02090579830110073
1788893161323162000,59.236162109375,-0.14194637537002563,-0.02263685315847397,-0.013448953628540039
1788893161333179100,59.24617919921875,-0.2047969400882721,0.060453712940216064,-0.03262370079755783
1788893161343196700,59.25619677734375,-0.2761695981025696,0.12117373943328857,-0.06458161026239395
1788893161353215000,59.26621508789062,-0.3411506712436676,0.14993585646152496,-0.0858868807554245
1788893161363234000,59.27623413085937,-0.3933486044406891,0.14674006402492523,-0.08908267319202423
1788893161373253600,59.286253662109374,-0.425306499004364,0.11691268533468246,-0.07203845679759979
1788893161383274200,59.29627416992187,-0.4391549229621887,0.07536740601062775,-0.04221107065677643
1788893161393296000,59.3062958984375,-0.4348938763141632,0.03169159218668938,-0.0006657897611148655
1788893161403318000,59.316318115234374,-0.425306499004364,-0.008788425475358963,0.04620581120252609
1788893161413341200,59.326341064453125,-0.4114580750465393,-0.048203181475400925,0.08668582886457443
1788893161423364900,59.33636474609375,-0.3922833502292633,-0.0822916179895401,0.11331742256879807
1788893161433389000,59.34638916015625,-0.37097805738449097,-0.09294424951076508,0.1261005848646164
1788893161443413800,59.35641381835938,-0.34328120946884155,-0.07590003311634064,0.12823110818862915
1788893161453438500,59.3664384765625,-0.303866446018219,-0.05352949723601341,0.13249216973781586
1788893161463463700,59.376463623046874,-0.2474074810743332,-0.036485280841588974,0.14314480125904083
1788893161473488400,59.38648828125,-0.1813611388206482,-0.011984216049313545,0.1591237634420395
1788893161483509800,59.396509765625,-0.09400951862335205,0.010386320762336254,0.18895113468170166
1788893161493528600,59.406528564453126,-0.010918952524662018,0.018908429890871048,0.21664799749851227
1788893161503547600,59.416547607421876,0.044474758207798004,0.018908429890871048,0.2241048365831375
1788893161513566700,59.426566650390626,0.07643266767263412,0.012516847811639309,0.2059953510761261
1788893161523586300,59.43658642578125,0.07536740601062775,-0.00985368900001049,0.16018901765346527
1788893161533606400,59.4466064453125,0.05193160101771355,-0.03755054250359535,0.09414267539978027
1788893161543626800,59.45662670898437,0.030626330524683,-0.05779055133461952,0.0270310640335083
1788893161553647900,59.46664794921875,0.023169483989477158,-0.06311687082052231,-0.03368896245956421
1788893161563669200,59.476669189453126,0.04127896577119827,-0.06205160543322563,-0.0858868807554245
1788893161573691100,59.48669116210937,0.07856319099664688,-0.0684431865811348,-0.11038794368505478
1788893161583713300,59.49671337890625,0.1435442715883255,-0.09720530360937119,-0.03795001655817032
1788893161593736000,59.50673583984375,0.17550218105316162,-0.09614004194736481,0.05472791939973831
1788893161603759000,59.51675903320312,0.19254639744758606,-0.04287686198949814,0.2720417082309723
1788893161613782300,59.5267822265625,0.1957421898841858,-0.07483477145433426,0.3604585826396942
1788893161623805700,59.5368056640625,0.21491694450378418,-0.05352949723601341,0.3455449044704437
1788893161633829000,59.5468291015625,0.24367906153202057,-0.07376950979232788,0.3231743574142456
1788893161643858000,59.55685791015625,0.2522011697292328,-0.08548741042613983,0.2677806615829468
1788893161653874400,59.56687451171875,0.25326642394065857,-0.07909582555294037,0.17829850316047668
1788893161663891000,59.57689086914063,0.2553969621658325,-0.0684431865811348,0.04727107286453247
1788893161673908000,59.586907958984376,0.26391905546188354,-0.05459476262331009,-0.10612688958644867
1788893161683925800,59.59692578125,0.2894853949546814,-0.03435475379228592,-0.2265016883611679
